{"edges": [[0, 1], [0, 2], [0, 3], [1, 0], [1, 2], [1, 3], [1, 24], [1, 27], [2, 0], [2, 1], [2, 3], [2, 27], [2, 28], [3, 0], [3, 1], [3, 2], [3, 4], [3, 5], [3, 28], [4, 3], [4, 5], [4, 6], [4, 29], [5, 3], [5, 4], [5, 6], [5, 7], [5, 29], [6, 4], [6, 5], [6, 7], [6, 8], [7, 5], [7, 6], [7, 8], [7, 9], [7, 10], [8, 6], [8, 7], [8, 9], [9, 7], [9, 8], [9, 10], [9, 11], [9, 12], [10, 7], [10, 9], [10, 11], [10, 12], [11, 9], [11, 10], [11, 12], [11, 26], [12, 9], [12, 10], [12, 11], [12, 25], [12, 26], [13, 14], [13, 15], [13, 16], [13, 25], [14, 13], [14, 15], [14, 16], [14, 25], [15, 13], [15, 14], [15, 16], [15, 17], [16, 13], [16, 14], [16, 15], [16, 17], [17, 15], [17, 16], [17, 18], [17, 19], [18, 17], [18, 19], [18, 20], [19, 17], [19, 18], [19, 20], [20, 18], [20, 19], [20, 21], [20, 22], [20, 23], [20, 30], [21, 20], [21, 22], [21, 23], [21, 30], [21, 35], [22, 20], [22, 21], [22, 23], [22, 35], [23, 20], [23, 21], [23, 22], [23, 33], [24, 1], [24, 27], [24, 28], [24, 29], [25, 12], [25, 13], [25, 14], [25, 26], [25, 29], [26, 11], [26, 12], [26, 25], [26, 28], [26, 29], [27, 1], [27, 2], [27, 24], [27, 28], [27, 29], [28, 2], [28, 3], [28, 24], [28, 26], [28, 27], [28, 29], [29, 4], [29, 5], [29, 24], [29, 25], [29, 26], [29, 27], [29, 28], [30, 20], [30, 21], [30, 33], [30, 34], [30, 35], [31, 32], [31, 34], [31, 36], [32, 31], [32, 33], [32, 34], [32, 36], [33, 23], [33, 30], [33, 32], [33, 34], [33, 35], [33, 36], [34, 30], [34, 31], [34, 32], [34, 33], [34, 35], [34, 36], [35, 21], [35, 22], [35, 30], [35, 33], [35, 34], [36, 31], [36, 32], [36, 33], [36, 34]], "target": 5, "label": {"0": "0", "1": "0", "2": "0", "3": "0", "4": "0", "5": "0", "6": "0", "7": "0", "8": "0", "9": "0", "10": "0", "11": "0", "12": "0", "13": "0", "14": "0", "15": "0", "16": "0", "17": "0", "18": "0", "19": "0", "20": "0", "21": "0", "22": "0", "23": "0", "24": "1", "25": "1", "26": "1", "27": "1", "28": "1", "29": "1", "30": "1", "31": "1", "32": "1", "33": "1", "34": "1", "35": "1", "36": "1"}}