{"edges": [[0, 1], [0, 2], [0, 15], [1, 0], [1, 2], [1, 3], [1, 15], [1, 18], [2, 0], [2, 1], [2, 3], [2, 4], [2, 18], [2, 19], [3, 1], [3, 2], [3, 4], [3, 5], [3, 19], [4, 2], [4, 3], [4, 5], [4, 6], [4, 20], [5, 3], [5, 4], [5, 6], [5, 7], [5, 20], [6, 4], [6, 5], [6, 7], [6, 8], [6, 20], [7, 5], [7, 6], [7, 8], [7, 9], [7, 20], [8, 6], [8, 7], [8, 9], [8, 17], [9, 7], [9, 8], [9, 10], [9, 16], [9, 17], [10, 9], [10, 11], [10, 12], [10, 16], [11, 10], [11, 12], [11, 13], [11, 14], [11, 21], [12, 10], [12, 11], [12, 13], [12, 14], [12, 21], [12, 22], [13, 11], [13, 12], [13, 14], [13, 21], [13, 22], [14, 11], [14, 12], [14, 13], [15, 0], [15, 1], [15, 18], [15, 19], [16, 9], [16, 10], [16, 17], [17, 8], [17, 9], [17, 16], [18, 1], [18, 2], [18, 15], [18, 19], [19, 2], [19, 3], [19, 15], [19, 18], [19, 20], [20, 4], [20, 5], [20, 6], [20, 7], [20, 19], [21, 11], [21, 12], [21, 13], [21, 22], [22, 12], [22, 13], [22, 21]], "target": 5, "label": {"0": "0", "1": "0", "2": "0", "3": "0", "4": "0", "5": "0", "6": "0", "7": "0", "8": "0", "9": "0", "10": "0", "11": "0", "12": "0", "13": "0", "14": "0", "15": "1", "16": "1", "17": "1", "18": "1", "19": "1", "20": "1", "21": "1", "22": "1"}}