{"edges": [[0, 1], [0, 29], [0, 37], [1, 0], [1, 2], [1, 17], [1, 29], [2, 1], [2, 16], [2, 36], [2, 44], [3, 35], [3, 36], [3, 43], [4, 5], [4, 20], [4, 35], [5, 4], [5, 19], [5, 20], [5, 34], [5, 42], [6, 7], [6, 19], [6, 21], [6, 34], [7, 6], [7, 33], [7, 34], [7, 41], [8, 9], [8, 23], [8, 33], [9, 8], [9, 22], [9, 32], [9, 33], [9, 40], [9, 41], [10, 11], [10, 32], [10, 40], [11, 10], [11, 31], [11, 32], [11, 39], [11, 40], [12, 13], [12, 30], [12, 31], [12, 39], [13, 12], [13, 14], [13, 30], [13, 38], [14, 13], [14, 30], [14, 38], [15, 16], [15, 29], [15, 37], [16, 2], [16, 15], [16, 17], [16, 29], [16, 37], [17, 1], [17, 16], [17, 36], [17, 44], [18, 35], [18, 43], [18, 44], [19, 5], [19, 6], [19, 20], [19, 43], [20, 4], [20, 5], [20, 19], [20, 21], [20, 34], [20, 42], [21, 6], [21, 20], [21, 41], [21, 42], [22, 9], [22, 23], [22, 41], [23, 8], [23, 22], [23, 40], [24, 25], [24, 26], [24, 32], [24, 40], [25, 24], [25, 26], [25, 39], [26, 24], [26, 25], [26, 27], [26, 30], [26, 31], [26, 38], [26, 39], [27, 26], [27, 28], [27, 30], [27, 38], [28, 27], [28, 30], [28, 38], [29, 0], [29, 1], [29, 15], [29, 16], [30, 12], [30, 13], [30, 14], [30, 26], [30, 27], [30, 28], [31, 11], [31, 12], [31, 26], [32, 9], [32, 10], [32, 11], [32, 24], [33, 7], [33, 8], [33, 9], [34, 5], [34, 6], [34, 7], [34, 20], [35, 3], [35, 4], [35, 18], [36, 2], [36, 3], [36, 17], [36, 44], [37, 0], [37, 15], [37, 16], [38, 13], [38, 14], [38, 26], [38, 27], [38, 28], [39, 11], [39, 12], [39, 25], [39, 26], [40, 9], [40, 10], [40, 11], [40, 23], [40, 24], [41, 7], [41, 9], [41, 21], [41, 22], [42, 5], [42, 20], [42, 21], [43, 3], [43, 18], [43, 19], [44, 2], [44, 17], [44, 18], [44, 36]], "target": 4, "label": {"0": "0", "1": "0", "2": "0", "3": "0", "4": "0", "5": "0", "6": "0", "7": "0", "8": "0", "9": "0", "10": "0", "11": "0", "12": "0", "13": "0", "14": "0", "15": "0", "16": "0", "17": "0", "18": "0", "19": "0", "20": "0", "21": "0", "22": "0", "23": "0", "24": "0", "25": "0", "26": "0", "27": "0", "28": "0", "29": "1", "30": "1", "31": "1", "32": "1", "33": "1", "34": "1", "35": "1", "36": "1", "37": "1", "38": "1", "39": "1", "40": "1", "41": "1", "42": "1", "43": "1", "44": "1"}}