{"edges": [[0, 1], [0, 26], [0, 34], [1, 0], [1, 2], [1, 15], [1, 26], [2, 1], [2, 14], [2, 33], [2, 41], [3, 32], [3, 33], [3, 40], [4, 31], [4, 32], [4, 39], [4, 40], [5, 30], [5, 31], [5, 38], [5, 39], [6, 7], [6, 18], [6, 20], [6, 30], [7, 6], [7, 19], [7, 29], [7, 30], [7, 37], [7, 38], [8, 9], [8, 29], [8, 37], [9, 8], [9, 28], [9, 29], [9, 36], [9, 37], [10, 11], [10, 27], [10, 28], [10, 36], [11, 10], [11, 12], [11, 27], [11, 35], [12, 11], [12, 27], [12, 35], [13, 14], [13, 26], [13, 34], [14, 2], [14, 13], [14, 15], [14, 26], [14, 34], [15, 1], [15, 14], [15, 33], [15, 41], [16, 32], [16, 40], [16, 41], [17, 18], [17, 31], [17, 32], [17, 39], [17, 40], [18, 6], [18, 17], [18, 38], [18, 39], [19, 7], [19, 20], [19, 38], [20, 6], [20, 19], [20, 37], [21, 22], [21, 23], [21, 29], [21, 37], [22, 21], [22, 23], [22, 36], [23, 21], [23, 22], [23, 24], [23, 28], [23, 35], [23, 36], [24, 23], [24, 25], [24, 27], [24, 35], [25, 24], [25, 27], [25, 35], [26, 0], [26, 1], [26, 13], [26, 14], [27, 10], [27, 11], [27, 12], [27, 24], [27, 25], [28, 9], [28, 10], [28, 23], [29, 7], [29, 8], [29, 9], [29, 21], [30, 5], [30, 6], [30, 7], [31, 4], [31, 5], [31, 17], [32, 3], [32, 4], [32, 16], [32, 17], [33, 2], [33, 3], [33, 15], [33, 41], [34, 0], [34, 13], [34, 14], [35, 11], [35, 12], [35, 23], [35, 24], [35, 25], [36, 9], [36, 10], [36, 22], [36, 23], [37, 7], [37, 8], [37, 9], [37, 20], [37, 21], [38, 5], [38, 7], [38, 18], [38, 19], [39, 4], [39, 5], [39, 17], [39, 18], [40, 3], [40, 4], [40, 16], [40, 17], [41, 2], [41, 15], [41, 16], [41, 33]], "target": 4, "label": {"0": "0", "1": "0", "2": "0", "3": "0", "4": "0", "5": "0", "6": "0", "7": "0", "8": "0", "9": "0", "10": "0", "11": "0", "12": "0", "13": "0", "14": "0", "15": "0", "16": "0", "17": "0", "18": "0", "19": "0", "20": "0", "21": "0", "22": "0", "23": "0", "24": "0", "25": "0", "26": "1", "27": "1", "28": "1", "29": "1", "30": "1", "31": "1", "32": "1", "33": "1", "34": "1", "35": "1", "36": "1", "37": "1", "38": "1", "39": "1", "40": "1", "41": "1"}}