{"edges": [[0, 1], [0, 12], [0, 23], [1, 0], [1, 2], [1, 11], [1, 13], [1, 34], [2, 1], [2, 12], [2, 35], [3, 4], [3, 15], [3, 35], [3, 36], [4, 3], [4, 14], [4, 25], [4, 36], [4, 37], [5, 6], [5, 17], [5, 28], [5, 37], [5, 38], [6, 5], [6, 27], [6, 38], [6, 39], [7, 17], [7, 39], [7, 40], [8, 9], [8, 20], [8, 33], [8, 40], [9, 8], [9, 10], [9, 21], [9, 41], [10, 9], [10, 20], [11, 1], [11, 13], [11, 43], [12, 0], [12, 2], [12, 13], [12, 43], [13, 1], [13, 11], [13, 12], [13, 44], [14, 4], [14, 15], [14, 44], [14, 45], [15, 3], [15, 14], [15, 16], [15, 45], [15, 46], [16, 15], [16, 46], [16, 47], [17, 5], [17, 7], [17, 18], [17, 47], [17, 48], [18, 17], [18, 48], [18, 49], [19, 20], [19, 21], [19, 42], [19, 49], [20, 8], [20, 10], [20, 19], [20, 21], [20, 50], [21, 9], [21, 19], [21, 20], [22, 23], [22, 24], [22, 51], [23, 0], [23, 22], [23, 24], [23, 51], [24, 22], [24, 23], [24, 51], [24, 52], [25, 4], [25, 26], [25, 52], [25, 53], [26, 25], [26, 27], [26, 53], [26, 54], [27, 6], [27, 26], [27, 28], [27, 54], [27, 55], [28, 5], [28, 27], [28, 29], [28, 55], [28, 56], [29, 28], [29, 56], [29, 57], [30, 31], [30, 32], [30, 57], [30, 58], [31, 30], [31, 32], [31, 33], [31, 58], [32, 30], [32, 31], [32, 33], [33, 8], [33, 31], [33, 32], [33, 40], [33, 41], [33, 49], [33, 50], [33, 57], [33, 58], [34, 1], [34, 35], [35, 2], [35, 3], [35, 34], [35, 43], [35, 51], [36, 3], [36, 4], [36, 37], [36, 46], [36, 54], [37, 4], [37, 5], [37, 36], [37, 45], [37, 53], [38, 5], [38, 6], [38, 39], [38, 48], [38, 56], [39, 6], [39, 7], [39, 38], [39, 47], [39, 55], [40, 7], [40, 8], [40, 33], [41, 9], [41, 33], [41, 42], [41, 50], [41, 58], [42, 19], [42, 41], [42, 50], [42, 58], [43, 11], [43, 12], [43, 35], [44, 13], [44, 14], [44, 51], [45, 14], [45, 15], [45, 37], [46, 15], [46, 16], [46, 36], [47, 16], [47, 17], [47, 39], [48, 17], [48, 18], [48, 38], [49, 18], [49, 19], [49, 33], [50, 20], [50, 33], [50, 41], [50, 42], [51, 22], [51, 23], [51, 24], [51, 35], [51, 44], [51, 52], [52, 24], [52, 25], [52, 51], [53, 25], [53, 26], [53, 37], [54, 26], [54, 27], [54, 36], [55, 27], [55, 28], [55, 39], [56, 28], [56, 29], [56, 38], [57, 29], [57, 30], [57, 33], [58, 30], [58, 31], [58, 33], [58, 41], [58, 42]], "target": 4, "label": {"0": "0", "1": "0", "2": "0", "3": "0", "4": "0", "5": "0", "6": "0", "7": "0", "8": "0", "9": "0", "10": "0", "11": "0", "12": "0", "13": "0", "14": "0", "15": "0", "16": "0", "17": "0", "18": "0", "19": "0", "20": "0", "21": "0", "22": "0", "23": "0", "24": "0", "25": "0", "26": "0", "27": "0", "28": "0", "29": "0", "30": "0", "31": "0", "32": "0", "33": "1", "34": "1", "35": "1", "36": "1", "37": "1", "38": "1", "39": "1", "40": "1", "41": "1", "42": "1", "43": "1", "44": "1", "45": "1", "46": "1", "47": "1", "48": "1", "49": "1", "50": "1", "51": "1", "52": "1", "53": "1", "54": "1", "55": "1", "56": "1", "57": "1", "58": "1"}}