{"edges": [[0, 1], [0, 5], [1, 0], [1, 5], [1, 12], [1, 20], [1, 24], [2, 3], [2, 6], [2, 8], [2, 13], [3, 2], [3, 7], [3, 8], [4, 5], [4, 15], [4, 16], [4, 22], [4, 26], [5, 0], [5, 1], [5, 4], [5, 24], [5, 28], [6, 2], [6, 7], [6, 8], [6, 25], [6, 27], [7, 3], [7, 6], [7, 8], [7, 27], [8, 2], [8, 3], [8, 6], [8, 7], [9, 10], [9, 22], [10, 9], [10, 15], [10, 16], [10, 21], [11, 17], [11, 19], [11, 29], [11, 31], [12, 1], [12, 18], [12, 30], [13, 2], [13, 19], [13, 27], [13, 29], [14, 16], [14, 20], [14, 26], [14, 28], [15, 4], [15, 10], [15, 16], [15, 22], [16, 4], [16, 10], [16, 14], [16, 15], [16, 22], [17, 11], [17, 18], [17, 23], [17, 31], [18, 12], [18, 17], [18, 24], [18, 30], [19, 11], [19, 13], [19, 23], [19, 25], [19, 29], [20, 1], [20, 14], [20, 26], [20, 28], [21, 10], [21, 22], [22, 4], [22, 9], [22, 15], [22, 16], [22, 21], [23, 17], [23, 19], [23, 29], [23, 31], [24, 1], [24, 5], [24, 18], [24, 30], [25, 6], [25, 19], [25, 27], [25, 29], [26, 4], [26, 14], [26, 20], [26, 28], [27, 6], [27, 7], [27, 13], [27, 25], [28, 5], [28, 14], [28, 20], [28, 26], [29, 11], [29, 13], [29, 19], [29, 23], [29, 25], [30, 12], [30, 18], [30, 24], [30, 31], [31, 11], [31, 17], [31, 23], [31, 30]], "target": 4, "label": {"0": "0", "1": "0", "2": "0", "3": "0", "4": "0", "5": "0", "6": "0", "7": "0", "8": "0", "9": "1", "10": "1", "11": "1", "12": "1", "13": "1", "14": "1", "15": "1", "16": "1", "17": "1", "18": "1", "19": "1", "20": "1", "21": "1", "22": "1", "23": "1", "24": "1", "25": "1", "26": "1", "27": "1", "28": "1", "29": "1", "30": "1", "31": "1"}}