{"edges": [[0, 1], [0, 5], [1, 0], [1, 5], [1, 12], [1, 18], [1, 28], [2, 3], [2, 6], [2, 8], [2, 17], [3, 2], [3, 7], [3, 8], [4, 5], [4, 15], [4, 16], [4, 23], [4, 27], [5, 0], [5, 1], [5, 4], [5, 25], [5, 28], [6, 2], [6, 7], [6, 8], [6, 26], [6, 29], [7, 3], [7, 6], [7, 8], [7, 29], [8, 2], [8, 3], [8, 6], [8, 7], [9, 10], [9, 23], [10, 9], [10, 15], [10, 16], [10, 22], [11, 19], [11, 21], [11, 30], [11, 32], [12, 1], [12, 20], [12, 28], [12, 31], [13, 17], [13, 19], [13, 29], [13, 32], [14, 16], [14, 18], [14, 27], [14, 28], [15, 4], [15, 10], [15, 16], [15, 23], [16, 4], [16, 10], [16, 14], [16, 15], [16, 23], [17, 2], [17, 13], [17, 26], [17, 29], [18, 1], [18, 14], [18, 27], [18, 28], [19, 11], [19, 13], [19, 24], [19, 26], [19, 32], [20, 12], [20, 21], [20, 25], [20, 31], [21, 11], [21, 20], [21, 24], [21, 30], [22, 10], [22, 23], [23, 4], [23, 9], [23, 15], [23, 16], [23, 22], [24, 19], [24, 21], [24, 30], [24, 32], [25, 5], [25, 20], [25, 28], [25, 31], [26, 6], [26, 17], [26, 19], [26, 29], [26, 32], [27, 4], [27, 14], [27, 18], [27, 28], [28, 1], [28, 5], [28, 12], [28, 14], [28, 18], [28, 25], [28, 27], [29, 6], [29, 7], [29, 13], [29, 17], [29, 26], [30, 11], [30, 21], [30, 24], [30, 31], [31, 12], [31, 20], [31, 25], [31, 30], [32, 11], [32, 13], [32, 19], [32, 24], [32, 26]], "target": 4, "label": {"0": "0", "1": "0", "2": "0", "3": "0", "4": "0", "5": "0", "6": "0", "7": "0", "8": "0", "9": "1", "10": "1", "11": "1", "12": "1", "13": "1", "14": "1", "15": "1", "16": "1", "17": "1", "18": "1", "19": "1", "20": "1", "21": "1", "22": "1", "23": "1", "24": "1", "25": "1", "26": "1", "27": "1", "28": "1", "29": "1", "30": "1", "31": "1", "32": "1"}}