{"edges": [[0, 9], [0, 10], [0, 11], [1, 2], [1, 3], [1, 8], [1, 16], [2, 1], [2, 3], [2, 16], [3, 1], [3, 2], [3, 16], [4, 5], [4, 10], [4, 11], [5, 4], [5, 10], [5, 11], [6, 8], [6, 12], [6, 14], [7, 9], [7, 13], [7, 15], [8, 1], [8, 6], [8, 14], [8, 16], [9, 0], [9, 7], [9, 11], [9, 15], [10, 0], [10, 4], [10, 5], [10, 11], [11, 0], [11, 4], [11, 5], [11, 9], [11, 10], [12, 6], [12, 13], [12, 14], [13, 7], [13, 12], [13, 15], [14, 6], [14, 8], [14, 12], [14, 16], [15, 7], [15, 9], [15, 13], [16, 1], [16, 2], [16, 3], [16, 8], [16, 14]], "target": 4, "label": {"0": "0", "1": "0", "2": "0", "3": "0", "4": "1", "5": "1", "6": "1", "7": "1", "8": "1", "9": "1", "10": "1", "11": "1", "12": "1", "13": "1", "14": "1", "15": "1", "16": "1"}}