{"edges": [[0, 8], [0, 19], [1, 6], [1, 7], [1, 18], [1, 22], [2, 3], [2, 4], [2, 5], [2, 17], [2, 33], [2, 38], [3, 2], [3, 4], [3, 5], [3, 33], [4, 2], [4, 3], [4, 5], [5, 2], [5, 3], [5, 4], [6, 1], [6, 7], [6, 8], [6, 19], [7, 1], [7, 6], [7, 8], [8, 0], [8, 6], [8, 7], [8, 23], [9, 12], [9, 17], [9, 24], [9, 33], [9, 38], [10, 11], [10, 12], [10, 33], [10, 38], [11, 10], [11, 12], [11, 33], [12, 9], [12, 10], [12, 11], [13, 14], [13, 27], [13, 28], [14, 13], [14, 20], [14, 21], [14, 27], [14, 28], [15, 26], [15, 29], [15, 31], [15, 34], [15, 36], [16, 25], [16, 30], [16, 32], [16, 35], [16, 37], [17, 2], [17, 9], [17, 24], [17, 31], [17, 33], [17, 36], [17, 38], [18, 1], [18, 23], [18, 32], [18, 37], [19, 0], [19, 6], [19, 20], [19, 21], [19, 22], [20, 14], [20, 19], [20, 21], [20, 22], [20, 27], [21, 14], [21, 19], [21, 20], [21, 22], [21, 27], [22, 1], [22, 19], [22, 20], [22, 21], [23, 8], [23, 18], [23, 32], [23, 37], [24, 9], [24, 17], [24, 31], [24, 33], [24, 36], [24, 38], [25, 16], [25, 30], [25, 32], [25, 35], [25, 37], [26, 15], [26, 29], [26, 31], [26, 34], [26, 36], [27, 13], [27, 14], [27, 20], [27, 21], [27, 28], [28, 13], [28, 14], [28, 27], [29, 15], [29, 26], [29, 30], [30, 16], [30, 25], [30, 29], [31, 15], [31, 17], [31, 24], [31, 26], [32, 16], [32, 18], [32, 23], [32, 25], [33, 2], [33, 3], [33, 9], [33, 10], [33, 11], [33, 17], [33, 24], [33, 38], [34, 15], [34, 26], [34, 35], [35, 16], [35, 25], [35, 34], [36, 15], [36, 17], [36, 24], [36, 26], [37, 16], [37, 18], [37, 23], [37, 25], [38, 2], [38, 9], [38, 10], [38, 17], [38, 24], [38, 33]], "target": 4, "label": {"0": "0", "1": "0", "2": "0", "3": "0", "4": "0", "5": "0", "6": "0", "7": "0", "8": "0", "9": "0", "10": "0", "11": "0", "12": "0", "13": "1", "14": "1", "15": "1", "16": "1", "17": "1", "18": "1", "19": "1", "20": "1", "21": "1", "22": "1", "23": "1", "24": "1", "25": "1", "26": "1", "27": "1", "28": "1", "29": "1", "30": "1", "31": "1", "32": "1", "33": "1", "34": "1", "35": "1", "36": "1", "37": "1", "38": "1"}}