{"edges": [[0, 1], [0, 2], [0, 18], [1, 0], [1, 2], [1, 8], [1, 21], [2, 0], [2, 1], [2, 17], [2, 22], [3, 16], [3, 32], [3, 37], [4, 5], [4, 32], [4, 37], [5, 4], [5, 32], [5, 37], [6, 7], [6, 18], [6, 21], [7, 6], [7, 8], [7, 18], [8, 1], [8, 7], [8, 17], [8, 22], [9, 10], [9, 11], [9, 16], [9, 23], [9, 32], [9, 37], [10, 9], [10, 11], [10, 32], [10, 37], [11, 9], [11, 10], [11, 32], [12, 13], [12, 26], [12, 27], [13, 12], [13, 19], [13, 20], [13, 26], [13, 27], [14, 25], [14, 28], [14, 30], [14, 33], [14, 35], [15, 24], [15, 29], [15, 31], [15, 34], [15, 36], [16, 3], [16, 9], [16, 23], [16, 30], [16, 32], [16, 35], [16, 37], [17, 2], [17, 8], [17, 22], [17, 31], [17, 36], [18, 0], [18, 6], [18, 7], [18, 19], [18, 20], [18, 21], [19, 13], [19, 18], [19, 20], [19, 21], [19, 26], [20, 13], [20, 18], [20, 19], [20, 21], [20, 26], [21, 1], [21, 6], [21, 18], [21, 19], [21, 20], [22, 2], [22, 8], [22, 17], [22, 31], [22, 36], [23, 9], [23, 16], [23, 30], [23, 35], [24, 15], [24, 29], [24, 31], [24, 34], [24, 36], [25, 14], [25, 28], [25, 30], [25, 33], [25, 35], [26, 12], [26, 13], [26, 19], [26, 20], [26, 27], [27, 12], [27, 13], [27, 26], [28, 14], [28, 25], [28, 29], [29, 15], [29, 24], [29, 28], [30, 14], [30, 16], [30, 23], [30, 25], [31, 15], [31, 17], [31, 22], [31, 24], [32, 3], [32, 4], [32, 5], [32, 9], [32, 10], [32, 11], [32, 16], [32, 37], [33, 14], [33, 25], [33, 34], [34, 15], [34, 24], [34, 33], [35, 14], [35, 16], [35, 23], [35, 25], [36, 15], [36, 17], [36, 22], [36, 24], [37, 3], [37, 4], [37, 5], [37, 9], [37, 10], [37, 16], [37, 32]], "target": 4, "label": {"0": "0", "1": "0", "2": "0", "3": "0", "4": "0", "5": "0", "6": "0", "7": "0", "8": "0", "9": "0", "10": "0", "11": "0", "12": "1", "13": "1", "14": "1", "15": "1", "16": "1", "17": "1", "18": "1", "19": "1", "20": "1", "21": "1", "22": "1", "23": "1", "24": "1", "25": "1", "26": "1", "27": "1", "28": "1", "29": "1", "30": "1", "31": "1", "32": "1", "33": "1", "34": "1", "35": "1", "36": "1", "37": "1"}}