{"edges": [[0, 4], [0, 15], [0, 18], [1, 2], [1, 3], [1, 29], [2, 1], [2, 3], [2, 6], [3, 1], [3, 2], [3, 8], [4, 0], [4, 15], [4, 18], [4, 19], [5, 13], [5, 20], [5, 29], [5, 34], [6, 2], [6, 7], [6, 8], [6, 29], [6, 34], [7, 6], [7, 8], [7, 29], [8, 3], [8, 6], [8, 7], [9, 10], [9, 23], [9, 24], [10, 9], [10, 16], [10, 17], [10, 23], [10, 24], [11, 22], [11, 25], [11, 27], [11, 30], [11, 32], [12, 21], [12, 26], [12, 28], [12, 31], [13, 5], [13, 20], [13, 27], [13, 29], [13, 32], [13, 34], [14, 18], [14, 19], [14, 28], [14, 33], [15, 0], [15, 4], [15, 16], [15, 17], [15, 18], [16, 10], [16, 15], [16, 17], [16, 18], [16, 23], [17, 10], [17, 15], [17, 16], [17, 18], [17, 23], [18, 0], [18, 4], [18, 14], [18, 15], [18, 16], [18, 17], [19, 4], [19, 14], [19, 28], [19, 33], [20, 5], [20, 13], [20, 27], [20, 32], [21, 12], [21, 26], [21, 31], [21, 33], [22, 11], [22, 25], [22, 27], [22, 30], [22, 32], [23, 9], [23, 10], [23, 16], [23, 17], [23, 24], [24, 9], [24, 10], [24, 23], [25, 11], [25, 22], [25, 26], [26, 12], [26, 21], [26, 25], [27, 11], [27, 13], [27, 20], [27, 22], [28, 12], [28, 14], [28, 19], [29, 1], [29, 5], [29, 6], [29, 7], [29, 13], [29, 34], [30, 11], [30, 22], [30, 31], [31, 12], [31, 21], [31, 30], [32, 11], [32, 13], [32, 20], [32, 22], [33, 14], [33, 19], [33, 21], [34, 5], [34, 6], [34, 13], [34, 29]], "target": 4, "label": {"0": "0", "1": "0", "2": "0", "3": "0", "4": "0", "5": "0", "6": "0", "7": "0", "8": "0", "9": "1", "10": "1", "11": "1", "12": "1", "13": "1", "14": "1", "15": "1", "16": "1", "17": "1", "18": "1", "19": "1", "20": "1", "21": "1", "22": "1", "23": "1", "24": "1", "25": "1", "26": "1", "27": "1", "28": "1", "29": "1", "30": "1", "31": "1", "32": "1", "33": "1", "34": "1"}}