{"edges": [[0, 8], [0, 9], [0, 10], [1, 2], [1, 7], [1, 15], [2, 1], [2, 7], [2, 15], [3, 4], [3, 9], [3, 10], [4, 3], [4, 9], [4, 10], [5, 7], [5, 11], [5, 13], [5, 15], [6, 8], [6, 12], [6, 14], [7, 1], [7, 2], [7, 5], [7, 13], [7, 15], [8, 0], [8, 6], [8, 10], [8, 14], [9, 0], [9, 3], [9, 4], [9, 10], [10, 0], [10, 3], [10, 4], [10, 8], [10, 9], [11, 5], [11, 12], [11, 13], [12, 6], [12, 11], [12, 14], [13, 5], [13, 7], [13, 11], [13, 15], [14, 6], [14, 8], [14, 12], [15, 1], [15, 2], [15, 5], [15, 7], [15, 13]], "target": 4, "label": {"0": "0", "1": "0", "2": "0", "3": "1", "4": "1", "5": "1", "6": "1", "7": "1", "8": "1", "9": "1", "10": "1", "11": "1", "12": "1", "13": "1", "14": "1", "15": "1"}}