{"edges": [[0, 3], [0, 4], [0, 8], [1, 2], [1, 5], [1, 6], [2, 1], [2, 3], [2, 5], [2, 6], [2, 7], [3, 0], [3, 2], [3, 4], [3, 6], [3, 7], [3, 8], [4, 0], [4, 3], [4, 7], [4, 8], [5, 1], [5, 2], [5, 10], [5, 11], [6, 1], [6, 2], [6, 3], [6, 7], [7, 2], [7, 3], [7, 4], [7, 6], [7, 8], [8, 0], [8, 3], [8, 4], [8, 7], [9, 11], [9, 12], [9, 13], [10, 5], [10, 11], [10, 12], [11, 5], [11, 9], [11, 10], [11, 12], [11, 13], [12, 9], [12, 10], [12, 11], [12, 13], [13, 9], [13, 11], [13, 12]], "target": 5, "label": {"0": "0", "1": "0", "2": "1", "3": "1", "4": "1", "5": "1", "6": "1", "7": "1", "8": "1", "9": "1", "10": "1", "11": "1", "12": "1", "13": "1"}}