{"edges": [[0, 1], [0, 13], [0, 14], [1, 0], [1, 2], [1, 12], [1, 13], [1, 14], [2, 1], [2, 3], [2, 4], [2, 12], [2, 15], [3, 2], [3, 4], [3, 15], [4, 2], [4, 3], [4, 5], [4, 15], [4, 16], [5, 4], [5, 6], [5, 16], [6, 5], [6, 16], [6, 17], [6, 19], [7, 8], [7, 19], [7, 21], [8, 7], [8, 18], [8, 20], [8, 21], [8, 24], [9, 18], [9, 22], [9, 23], [10, 11], [10, 22], [10, 25], [11, 10], [11, 22], [11, 25], [12, 1], [12, 2], [12, 15], [13, 0], [13, 1], [13, 14], [14, 0], [14, 1], [14, 13], [15, 2], [15, 3], [15, 4], [15, 12], [16, 4], [16, 5], [16, 6], [17, 6], [17, 19], [17, 21], [18, 8], [18, 9], [18, 20], [18, 23], [19, 6], [19, 7], [19, 17], [19, 21], [20, 8], [20, 18], [20, 21], [20, 24], [21, 7], [21, 8], [21, 17], [21, 19], [21, 20], [21, 24], [22, 9], [22, 10], [22, 11], [22, 23], [22, 25], [23, 9], [23, 18], [23, 22], [23, 25], [24, 8], [24, 20], [24, 21], [25, 10], [25, 11], [25, 22], [25, 23]], "target": 4, "label": {"0": "0", "1": "0", "2": "0", "3": "0", "4": "0", "5": "0", "6": "0", "7": "0", "8": "0", "9": "0", "10": "0", "11": "0", "12": "1", "13": "1", "14": "1", "15": "1", "16": "1", "17": "1", "18": "1", "19": "1", "20": "1", "21": "1", "22": "1", "23": "1", "24": "1", "25": "1"}}