{"edges": [[0, 24], [0, 25], [0, 38], [0, 39], [1, 23], [1, 24], [1, 37], [1, 38], [2, 13], [2, 23], [2, 26], [2, 37], [2, 40], [3, 4], [3, 14], [3, 15], [3, 26], [4, 3], [4, 27], [4, 41], [5, 6], [5, 17], [5, 27], [5, 41], [6, 5], [6, 16], [6, 28], [7, 30], [7, 32], [7, 46], [8, 18], [8, 29], [8, 31], [8, 35], [8, 45], [9, 29], [9, 33], [9, 34], [9, 48], [10, 11], [10, 22], [10, 36], [10, 50], [11, 10], [11, 22], [11, 36], [11, 50], [12, 13], [12, 25], [12, 38], [12, 39], [13, 2], [13, 12], [13, 14], [13, 37], [13, 38], [14, 3], [14, 13], [14, 15], [14, 37], [14, 40], [15, 3], [15, 14], [15, 40], [15, 41], [16, 6], [16, 17], [16, 41], [17, 5], [17, 16], [17, 42], [18, 8], [18, 19], [18, 44], [18, 46], [19, 18], [19, 20], [19, 43], [19, 45], [20, 19], [20, 21], [20, 47], [20, 48], [21, 20], [21, 22], [21, 50], [22, 10], [22, 11], [22, 21], [23, 1], [23, 2], [23, 26], [23, 40], [24, 0], [24, 1], [24, 25], [24, 39], [25, 0], [25, 12], [25, 24], [26, 2], [26, 3], [26, 23], [27, 4], [27, 5], [28, 6], [28, 30], [28, 44], [29, 8], [29, 9], [29, 34], [29, 48], [30, 7], [30, 28], [30, 42], [31, 8], [31, 35], [31, 49], [32, 7], [32, 35], [32, 49], [33, 9], [33, 36], [33, 50], [34, 9], [34, 29], [34, 43], [35, 8], [35, 31], [35, 32], [35, 45], [35, 46], [36, 10], [36, 11], [36, 33], [36, 47], [36, 50], [37, 1], [37, 2], [37, 13], [37, 14], [38, 0], [38, 1], [38, 12], [38, 13], [39, 0], [39, 12], [39, 24], [40, 2], [40, 14], [40, 15], [40, 23], [41, 4], [41, 5], [41, 15], [41, 16], [42, 17], [42, 30], [42, 44], [43, 19], [43, 34], [43, 48], [44, 18], [44, 28], [44, 42], [45, 8], [45, 19], [45, 35], [45, 49], [46, 7], [46, 18], [46, 35], [46, 49], [47, 20], [47, 36], [47, 50], [48, 9], [48, 20], [48, 29], [48, 43], [49, 31], [49, 32], [49, 45], [49, 46], [50, 10], [50, 11], [50, 21], [50, 33], [50, 36], [50, 47]], "target": 4, "label": {"0": "0", "1": "0", "2": "0", "3": "0", "4": "0", "5": "0", "6": "0", "7": "0", "8": "0", "9": "0", "10": "0", "11": "0", "12": "0", "13": "0", "14": "0", "15": "0", "16": "0", "17": "0", "18": "0", "19": "0", "20": "0", "21": "0", "22": "0", "23": "1", "24": "1", "25": "1", "26": "1", "27": "1", "28": "1", "29": "1", "30": "1", "31": "1", "32": "1", "33": "1", "34": "1", "35": "1", "36": "1", "37": "1", "38": "1", "39": "1", "40": "1", "41": "1", "42": "1", "43": "1", "44": "1", "45": "1", "46": "1", "47": "1", "48": "1", "49": "1", "50": "1"}}