{"edges": [[0, 25], [0, 26], [0, 39], [0, 40], [1, 24], [1, 25], [1, 38], [1, 39], [2, 13], [2, 14], [2, 24], [2, 27], [2, 38], [2, 41], [3, 4], [3, 14], [3, 15], [3, 16], [3, 27], [4, 3], [4, 15], [4, 28], [4, 42], [5, 6], [5, 18], [5, 28], [5, 42], [6, 5], [6, 17], [6, 29], [7, 31], [7, 33], [7, 47], [8, 19], [8, 30], [8, 32], [8, 36], [8, 46], [9, 30], [9, 34], [9, 35], [9, 49], [10, 11], [10, 23], [10, 37], [10, 51], [11, 10], [11, 23], [11, 37], [11, 51], [12, 13], [12, 26], [12, 39], [12, 40], [13, 2], [13, 12], [13, 14], [13, 38], [13, 39], [14, 2], [14, 3], [14, 13], [14, 38], [14, 41], [15, 3], [15, 4], [15, 16], [15, 41], [16, 3], [16, 15], [16, 42], [17, 6], [17, 18], [17, 42], [18, 5], [18, 17], [18, 43], [19, 8], [19, 20], [19, 45], [19, 47], [20, 19], [20, 21], [20, 44], [20, 46], [21, 20], [21, 22], [21, 48], [21, 49], [22, 21], [22, 23], [22, 51], [23, 10], [23, 11], [23, 22], [24, 1], [24, 2], [24, 27], [24, 41], [25, 0], [25, 1], [25, 26], [25, 40], [26, 0], [26, 12], [26, 25], [27, 2], [27, 3], [27, 24], [28, 4], [28, 5], [29, 6], [29, 31], [29, 45], [30, 8], [30, 9], [30, 35], [30, 49], [31, 7], [31, 29], [31, 43], [32, 8], [32, 36], [32, 50], [33, 7], [33, 36], [33, 50], [34, 9], [34, 37], [34, 51], [35, 9], [35, 30], [35, 44], [36, 8], [36, 32], [36, 33], [36, 46], [36, 47], [37, 10], [37, 11], [37, 34], [37, 48], [37, 51], [38, 1], [38, 2], [38, 13], [38, 14], [39, 0], [39, 1], [39, 12], [39, 13], [40, 0], [40, 12], [40, 25], [41, 2], [41, 14], [41, 15], [41, 24], [42, 4], [42, 5], [42, 16], [42, 17], [43, 18], [43, 31], [43, 45], [44, 20], [44, 35], [44, 49], [45, 19], [45, 29], [45, 43], [46, 8], [46, 20], [46, 36], [46, 50], [47, 7], [47, 19], [47, 36], [47, 50], [48, 21], [48, 37], [48, 51], [49, 9], [49, 21], [49, 30], [49, 44], [50, 32], [50, 33], [50, 46], [50, 47], [51, 10], [51, 11], [51, 22], [51, 34], [51, 37], [51, 48]], "target": 4, "label": {"0": "0", "1": "0", "2": "0", "3": "0", "4": "0", "5": "0", "6": "0", "7": "0", "8": "0", "9": "0", "10": "0", "11": "0", "12": "0", "13": "0", "14": "0", "15": "0", "16": "0", "17": "0", "18": "0", "19": "0", "20": "0", "21": "0", "22": "0", "23": "0", "24": "1", "25": "1", "26": "1", "27": "1", "28": "1", "29": "1", "30": "1", "31": "1", "32": "1", "33": "1", "34": "1", "35": "1", "36": "1", "37": "1", "38": "1", "39": "1", "40": "1", "41": "1", "42": "1", "43": "1", "44": "1", "45": "1", "46": "1", "47": "1", "48": "1", "49": "1", "50": "1", "51": "1"}}