{"edges": [[0, 1], [0, 2], [0, 15], [0, 16], [1, 0], [1, 2], [1, 3], [1, 15], [2, 0], [2, 1], [2, 3], [2, 14], [3, 1], [3, 2], [3, 5], [3, 14], [3, 17], [4, 5], [4, 6], [4, 17], [5, 3], [5, 4], [5, 6], [5, 17], [5, 18], [6, 4], [6, 5], [6, 7], [6, 18], [7, 6], [7, 8], [7, 18], [8, 7], [8, 18], [8, 19], [9, 19], [9, 21], [9, 23], [10, 20], [10, 22], [10, 25], [11, 13], [11, 20], [11, 24], [11, 26], [12, 13], [12, 24], [12, 26], [13, 11], [13, 12], [13, 24], [14, 2], [14, 3], [14, 15], [14, 16], [14, 17], [15, 0], [15, 1], [15, 14], [15, 16], [16, 0], [16, 14], [16, 15], [17, 3], [17, 4], [17, 5], [17, 14], [18, 5], [18, 6], [18, 7], [18, 8], [19, 8], [19, 9], [19, 21], [20, 10], [20, 11], [20, 22], [20, 25], [20, 26], [21, 9], [21, 19], [21, 23], [22, 10], [22, 20], [22, 23], [22, 25], [23, 9], [23, 21], [23, 22], [23, 25], [24, 11], [24, 12], [24, 13], [24, 26], [25, 10], [25, 20], [25, 22], [25, 23], [26, 11], [26, 12], [26, 20], [26, 24]], "target": 4, "label": {"0": "0", "1": "0", "2": "0", "3": "0", "4": "0", "5": "0", "6": "0", "7": "0", "8": "0", "9": "0", "10": "0", "11": "0", "12": "0", "13": "0", "14": "1", "15": "1", "16": "1", "17": "1", "18": "1", "19": "1", "20": "1", "21": "1", "22": "1", "23": "1", "24": "1", "25": "1", "26": "1"}}