{"edges": [[0, 15], [0, 22], [0, 23], [0, 24], [1, 16], [1, 25], [1, 26], [2, 14], [2, 17], [2, 27], [2, 28], [3, 4], [3, 14], [3, 28], [4, 3], [4, 14], [4, 29], [5, 32], [5, 33], [5, 34], [6, 20], [6, 35], [6, 36], [7, 11], [7, 19], [7, 37], [7, 38], [8, 11], [8, 21], [8, 39], [9, 10], [9, 21], [9, 40], [9, 41], [10, 9], [10, 40], [10, 41], [11, 7], [11, 8], [11, 38], [12, 18], [12, 34], [12, 35], [13, 29], [13, 30], [13, 31], [13, 32], [14, 2], [14, 3], [14, 4], [14, 28], [15, 0], [15, 22], [15, 23], [16, 1], [16, 24], [16, 25], [17, 2], [17, 26], [17, 27], [18, 12], [18, 34], [18, 35], [19, 7], [19, 37], [19, 38], [20, 6], [20, 36], [20, 37], [21, 8], [21, 9], [21, 39], [21, 40], [22, 0], [22, 15], [22, 23], [23, 0], [23, 15], [23, 22], [23, 24], [24, 0], [24, 16], [24, 23], [24, 25], [25, 1], [25, 16], [25, 24], [26, 1], [26, 17], [26, 27], [27, 2], [27, 17], [27, 26], [27, 28], [28, 2], [28, 3], [28, 14], [28, 27], [29, 4], [29, 13], [29, 30], [29, 31], [30, 13], [30, 29], [30, 31], [30, 32], [31, 13], [31, 29], [31, 30], [31, 32], [31, 33], [32, 5], [32, 13], [32, 30], [32, 31], [32, 33], [33, 5], [33, 31], [33, 32], [34, 5], [34, 12], [34, 18], [34, 35], [35, 6], [35, 12], [35, 18], [35, 34], [36, 6], [36, 20], [36, 37], [37, 7], [37, 19], [37, 20], [37, 36], [38, 7], [38, 11], [38, 19], [39, 8], [39, 21], [39, 40], [40, 9], [40, 10], [40, 21], [40, 39], [40, 41], [41, 9], [41, 10], [41, 40]], "target": 4, "label": {"0": "0", "1": "0", "2": "0", "3": "0", "4": "0", "5": "0", "6": "0", "7": "0", "8": "0", "9": "0", "10": "0", "11": "1", "12": "1", "13": "1", "14": "1", "15": "1", "16": "1", "17": "1", "18": "1", "19": "1", "20": "1", "21": "1", "22": "2", "23": "2", "24": "2", "25": "2", "26": "2", "27": "2", "28": "2", "29": "2", "30": "2", "31": "2", "32": "2", "33": "2", "34": "2", "35": "2", "36": "2", "37": "2", "38": "2", "39": "2", "40": "2", "41": "2"}}