{"edges": [[0, 1], [0, 28], [1, 0], [1, 2], [1, 14], [1, 29], [1, 30], [2, 1], [2, 15], [2, 27], [2, 30], [3, 4], [3, 16], [3, 27], [4, 3], [4, 15], [4, 26], [5, 6], [5, 18], [5, 26], [6, 5], [6, 17], [6, 25], [7, 8], [7, 20], [7, 31], [7, 33], [8, 7], [8, 9], [8, 24], [8, 32], [9, 8], [9, 10], [9, 11], [9, 24], [9, 34], [10, 9], [10, 11], [10, 34], [11, 9], [11, 10], [11, 22], [12, 28], [12, 29], [12, 39], [12, 40], [13, 29], [13, 30], [13, 40], [13, 41], [14, 1], [14, 30], [14, 38], [14, 41], [15, 2], [15, 4], [15, 16], [15, 38], [16, 3], [16, 15], [16, 26], [16, 37], [17, 6], [17, 18], [17, 26], [17, 37], [18, 5], [18, 17], [18, 36], [19, 31], [19, 33], [19, 42], [19, 44], [20, 7], [20, 24], [20, 32], [20, 35], [20, 43], [21, 24], [21, 34], [21, 35], [21, 45], [22, 11], [22, 23], [22, 34], [22, 45], [23, 22], [23, 45], [24, 8], [24, 9], [24, 20], [24, 21], [24, 32], [24, 34], [24, 43], [24, 45], [25, 6], [25, 31], [25, 42], [26, 4], [26, 5], [26, 16], [26, 17], [27, 2], [27, 3], [27, 30], [27, 41], [28, 0], [28, 12], [28, 29], [28, 40], [29, 1], [29, 12], [29, 13], [29, 28], [29, 39], [30, 1], [30, 2], [30, 13], [30, 14], [30, 27], [30, 38], [31, 7], [31, 19], [31, 25], [31, 36], [32, 8], [32, 20], [32, 24], [32, 33], [32, 35], [32, 44], [33, 7], [33, 19], [33, 32], [33, 43], [34, 9], [34, 10], [34, 21], [34, 22], [34, 24], [34, 45], [35, 20], [35, 21], [35, 32], [35, 43], [36, 18], [36, 31], [36, 42], [37, 16], [37, 17], [38, 14], [38, 15], [38, 30], [38, 41], [39, 12], [39, 29], [40, 12], [40, 13], [40, 28], [41, 13], [41, 14], [41, 27], [41, 38], [42, 19], [42, 25], [42, 36], [43, 20], [43, 24], [43, 33], [43, 35], [43, 44], [44, 19], [44, 32], [44, 43], [45, 21], [45, 22], [45, 23], [45, 24], [45, 34]], "target": 4, "label": {"0": "0", "1": "0", "2": "0", "3": "0", "4": "0", "5": "0", "6": "0", "7": "0", "8": "0", "9": "0", "10": "0", "11": "0", "12": "0", "13": "0", "14": "0", "15": "0", "16": "0", "17": "0", "18": "0", "19": "0", "20": "0", "21": "0", "22": "0", "23": "0", "24": "1", "25": "1", "26": "1", "27": "1", "28": "1", "29": "1", "30": "1", "31": "1", "32": "1", "33": "1", "34": "1", "35": "1", "36": "1", "37": "1", "38": "1", "39": "1", "40": "1", "41": "1", "42": "1", "43": "1", "44": "1", "45": "1"}}