{"edges": [[1, 2], [1, 55], [1, 56], [2, 1], [2, 19], [2, 54], [2, 58], [3, 4], [3, 58], [4, 3], [4, 5], [4, 21], [4, 39], [5, 4], [5, 6], [5, 24], [6, 5], [6, 23], [6, 60], [7, 8], [7, 59], [8, 7], [8, 25], [9, 64], [10, 11], [10, 62], [10, 63], [11, 10], [11, 61], [11, 65], [12, 13], [12, 31], [12, 65], [13, 12], [13, 14], [14, 13], [14, 15], [14, 33], [14, 51], [15, 14], [15, 32], [15, 50], [15, 67], [16, 17], [16, 35], [16, 66], [17, 16], [17, 53], [18, 57], [18, 71], [19, 2], [19, 20], [19, 69], [19, 70], [20, 19], [20, 54], [20, 68], [20, 72], [21, 4], [21, 22], [21, 72], [22, 21], [22, 23], [23, 6], [23, 22], [23, 24], [23, 42], [24, 5], [24, 23], [24, 41], [24, 74], [25, 8], [25, 26], [25, 73], [26, 25], [26, 53], [27, 78], [28, 29], [28, 76], [28, 77], [29, 28], [29, 75], [29, 79], [30, 31], [30, 79], [31, 12], [31, 30], [31, 32], [31, 48], [32, 15], [32, 31], [32, 33], [33, 14], [33, 32], [33, 81], [34, 35], [34, 80], [35, 16], [35, 34], [35, 53], [36, 85], [37, 38], [37, 83], [37, 84], [38, 37], [38, 54], [38, 61], [38, 82], [38, 86], [39, 4], [39, 40], [39, 86], [40, 39], [40, 41], [41, 24], [41, 40], [41, 42], [42, 23], [42, 41], [42, 88], [43, 44], [43, 87], [44, 43], [44, 53], [45, 92], [46, 47], [46, 90], [46, 91], [47, 46], [47, 89], [47, 93], [48, 31], [48, 49], [48, 93], [49, 48], [49, 50], [50, 15], [50, 49], [50, 51], [51, 14], [51, 50], [51, 95], [52, 53], [52, 94], [53, 17], [53, 26], [53, 35], [53, 44], [53, 52], [54, 2], [54, 20], [54, 38], [54, 55], [55, 1], [55, 54], [56, 1], [56, 57], [57, 18], [57, 56], [58, 2], [58, 3], [59, 7], [59, 60], [60, 6], [60, 59], [60, 95], [61, 11], [61, 38], [61, 62], [62, 10], [62, 61], [63, 10], [63, 64], [64, 9], [64, 63], [65, 11], [65, 12], [66, 16], [66, 67], [67, 15], [67, 66], [67, 95], [68, 20], [68, 69], [69, 19], [69, 68], [70, 19], [70, 71], [71, 18], [71, 70], [72, 20], [72, 21], [73, 25], [73, 74], [74, 24], [74, 73], [74, 95], [75, 29], [75, 76], [76, 28], [76, 75], [77, 28], [77, 78], [78, 27], [78, 77], [79, 29], [79, 30], [80, 34], [80, 81], [81, 33], [81, 80], [82, 38], [82, 83], [83, 37], [83, 82], [84, 37], [84, 85], [85, 36], [85, 84], [86, 38], [86, 39], [87, 43], [87, 88], [88, 42], [88, 87], [89, 47], [89, 90], [90, 46], [90, 89], [91, 46], [91, 92], [92, 45], [92, 91], [93, 47], [93, 48], [94, 52], [94, 95], [95, 51], [95, 60], [95, 67], [95, 74], [95, 94]], "target": 4, "label": {"0": "0", "1": "0", "2": "0", "3": "0", "4": "0", "5": "0", "6": "0", "7": "0", "8": "0", "9": "0", "10": "0", "11": "0", "12": "0", "13": "0", "14": "0", "15": "0", "16": "0", "17": "0", "18": "0", "19": "0", "20": "0", "21": "0", "22": "0", "23": "0", "24": "0", "25": "0", "26": "0", "27": "0", "28": "0", "29": "0", "30": "0", "31": "0", "32": "0", "33": "0", "34": "0", "35": "0", "36": "0", "37": "0", "38": "0", "39": "0", "40": "0", "41": "0", "42": "0", "43": "0", "44": "0", "45": "0", "46": "0", "47": "0", "48": "0", "49": "0", "50": "0", "51": "0", "52": "0", "53": "0", "54": "1", "55": "1", "56": "1", "57": "1", "58": "1", "59": "1", "60": "1", "61": "1", "62": "1", "63": "1", "64": "1", "65": "1", "66": "1", "67": "1", "68": "1", "69": "1", "70": "1", "71": "1", "72": "1", "73": "1", "74": "1", "75": "1", "76": "1", "77": "1", "78": "1", "79": "1", "80": "1", "81": "1", "82": "1", "83": "1", "84": "1", "85": "1", "86": "1", "87": "1", "88": "1", "89": "1", "90": "1", "91": "1", "92": "1", "93": "1", "94": "1", "95": "1"}}