{"edges": [[0, 1], [0, 5], [0, 6], [1, 0], [1, 5], [1, 6], [1, 10], [1, 11], [2, 3], [2, 4], [2, 7], [2, 8], [2, 9], [3, 2], [3, 4], [3, 7], [4, 2], [4, 3], [4, 7], [5, 0], [5, 1], [5, 6], [6, 0], [6, 1], [6, 5], [7, 2], [7, 3], [7, 4], [7, 8], [7, 9], [8, 2], [8, 7], [8, 9], [8, 10], [8, 11], [9, 2], [9, 7], [9, 8], [10, 1], [10, 8], [10, 11], [11, 1], [11, 8], [11, 10]], "target": 4, "label": {"0": "0", "1": "0", "2": "0", "3": "0", "4": "1", "5": "1", "6": "1", "7": "1", "8": "1", "9": "1", "10": "1", "11": "1"}}