{"edges": [[0, 1], [0, 3], [0, 11], [0, 14], [1, 0], [1, 11], [1, 19], [1, 20], [2, 5], [2, 12], [3, 0], [3, 14], [3, 15], [3, 16], [4, 16], [4, 21], [5, 2], [5, 6], [5, 7], [5, 10], [5, 12], [5, 13], [5, 17], [6, 5], [6, 10], [6, 11], [6, 13], [6, 14], [6, 18], [7, 5], [7, 12], [7, 17], [8, 14], [8, 15], [8, 20], [8, 21], [9, 16], [9, 21], [10, 5], [10, 6], [10, 12], [10, 13], [10, 17], [10, 18], [11, 0], [11, 1], [11, 6], [11, 14], [11, 18], [12, 2], [12, 5], [12, 7], [12, 10], [13, 5], [13, 6], [13, 10], [13, 17], [14, 0], [14, 3], [14, 6], [14, 8], [14, 11], [14, 15], [15, 3], [15, 8], [15, 14], [16, 3], [16, 4], [16, 9], [16, 19], [16, 20], [16, 21], [17, 5], [17, 7], [17, 10], [17, 13], [17, 18], [18, 6], [18, 10], [18, 11], [18, 17], [19, 1], [19, 16], [19, 20], [20, 1], [20, 8], [20, 16], [20, 19], [21, 4], [21, 8], [21, 9], [21, 16]], "target": 4, "label": {"0": "0", "1": "0", "2": "1", "3": "1", "4": "1", "5": "1", "6": "1", "7": "1", "8": "1", "9": "1", "10": "1", "11": "1", "12": "2", "13": "2", "14": "2", "15": "2", "16": "2", "17": "2", "18": "2", "19": "2", "20": "2", "21": "2"}}