{"edges": [[0, 22], [0, 27], [0, 30], [1, 2], [1, 5], [1, 23], [1, 25], [2, 1], [2, 4], [2, 5], [2, 20], [2, 23], [3, 22], [3, 27], [3, 30], [3, 35], [4, 2], [4, 5], [4, 23], [4, 25], [4, 31], [4, 33], [5, 1], [5, 2], [5, 4], [5, 23], [5, 28], [5, 31], [6, 7], [6, 39], [6, 41], [7, 6], [7, 8], [7, 13], [8, 7], [8, 9], [8, 14], [8, 16], [9, 8], [9, 10], [9, 15], [10, 9], [10, 11], [10, 12], [10, 18], [11, 10], [11, 12], [11, 19], [12, 10], [12, 11], [12, 18], [12, 19], [13, 7], [13, 14], [13, 15], [13, 41], [14, 8], [14, 13], [14, 15], [15, 9], [15, 13], [15, 14], [15, 16], [16, 8], [16, 15], [16, 17], [17, 16], [17, 18], [17, 19], [18, 10], [18, 12], [18, 17], [18, 19], [19, 11], [19, 12], [19, 17], [19, 18], [20, 2], [20, 23], [20, 37], [21, 22], [21, 30], [21, 36], [22, 0], [22, 3], [22, 21], [22, 27], [22, 29], [22, 36], [23, 1], [23, 2], [23, 4], [23, 5], [23, 20], [23, 25], [23, 28], [23, 33], [23, 37], [24, 25], [24, 26], [24, 33], [25, 1], [25, 4], [25, 23], [25, 24], [25, 31], [25, 32], [26, 24], [26, 27], [26, 35], [27, 0], [27, 3], [27, 22], [27, 26], [27, 34], [27, 35], [28, 5], [28, 23], [28, 37], [29, 22], [29, 30], [29, 36], [30, 0], [30, 3], [30, 21], [30, 29], [31, 4], [31, 5], [31, 25], [31, 33], [32, 25], [32, 33], [32, 34], [33, 4], [33, 23], [33, 24], [33, 31], [33, 32], [34, 27], [34, 32], [34, 35], [35, 3], [35, 26], [35, 27], [35, 34], [36, 21], [36, 22], [36, 29], [37, 20], [37, 23], [37, 28], [38, 39], [38, 41], [39, 6], [39, 38], [39, 40], [39, 41], [40, 39], [40, 41], [41, 6], [41, 13], [41, 38], [41, 39], [41, 40]], "target": 4, "label": {"0": "0", "1": "0", "2": "0", "3": "0", "4": "0", "5": "0", "6": "0", "7": "0", "8": "0", "9": "0", "10": "0", "11": "0", "12": "0", "13": "0", "14": "0", "15": "0", "16": "0", "17": "0", "18": "0", "19": "0", "20": "1", "21": "1", "22": "1", "23": "1", "24": "1", "25": "1", "26": "1", "27": "1", "28": "1", "29": "1", "30": "1", "31": "1", "32": "1", "33": "1", "34": "1", "35": "1", "36": "1", "37": "1", "38": "1", "39": "1", "40": "1", "41": "1"}}