{"edges": [[0, 11], [0, 12], [0, 13], [1, 2], [1, 3], [1, 6], [1, 8], [2, 1], [2, 3], [2, 8], [3, 1], [3, 2], [3, 6], [3, 8], [4, 5], [4, 7], [4, 9], [4, 10], [4, 12], [4, 13], [5, 4], [5, 7], [5, 9], [5, 13], [6, 1], [6, 3], [6, 7], [6, 8], [7, 4], [7, 5], [7, 6], [7, 8], [8, 1], [8, 2], [8, 3], [8, 6], [8, 7], [9, 4], [9, 5], [9, 10], [9, 11], [9, 12], [10, 4], [10, 9], [10, 11], [10, 12], [11, 0], [11, 9], [11, 10], [11, 12], [11, 13], [12, 0], [12, 4], [12, 9], [12, 10], [12, 11], [12, 13], [13, 0], [13, 4], [13, 5], [13, 11], [13, 12]], "target": 4, "label": {"0": "0", "1": "0", "2": "0", "3": "1", "4": "1", "5": "1", "6": "1", "7": "1", "8": "1", "9": "1", "10": "1", "11": "2", "12": "2", "13": "2"}}