{"edges": [[0, 1], [0, 24], [0, 25], [0, 26], [1, 0], [1, 21], [1, 29], [1, 30], [1, 31], [2, 7], [3, 8], [3, 25], [4, 9], [5, 10], [5, 20], [5, 23], [6, 11], [6, 21], [6, 23], [7, 2], [7, 22], [8, 3], [8, 26], [9, 4], [9, 26], [10, 5], [10, 15], [10, 22], [11, 6], [11, 21], [11, 24], [12, 17], [13, 18], [13, 31], [14, 19], [14, 31], [15, 10], [15, 20], [15, 28], [16, 21], [16, 28], [17, 12], [17, 27], [18, 13], [18, 30], [19, 14], [20, 5], [20, 15], [20, 27], [21, 1], [21, 6], [21, 11], [21, 16], [22, 7], [22, 10], [22, 23], [22, 28], [23, 5], [23, 6], [23, 22], [23, 27], [24, 0], [24, 11], [24, 25], [24, 26], [24, 30], [25, 0], [25, 3], [25, 24], [26, 0], [26, 8], [26, 9], [26, 24], [26, 31], [27, 17], [27, 20], [27, 23], [27, 28], [28, 15], [28, 16], [28, 22], [28, 27], [29, 1], [29, 30], [29, 31], [30, 1], [30, 18], [30, 24], [30, 29], [31, 1], [31, 13], [31, 14], [31, 26], [31, 29]], "target": 4, "label": {"0": "0", "1": "0", "2": "1", "3": "1", "4": "1", "5": "1", "6": "1", "7": "1", "8": "1", "9": "1", "10": "1", "11": "1", "12": "1", "13": "1", "14": "1", "15": "1", "16": "1", "17": "1", "18": "1", "19": "1", "20": "1", "21": "1", "22": "2", "23": "2", "24": "2", "25": "2", "26": "2", "27": "2", "28": "2", "29": "2", "30": "2", "31": "2"}}