{"edges": [[0, 3], [0, 8], [0, 9], [1, 2], [1, 5], [1, 7], [2, 1], [2, 7], [2, 10], [3, 0], [3, 4], [3, 6], [3, 8], [3, 9], [4, 3], [4, 5], [4, 6], [4, 8], [4, 9], [5, 1], [5, 4], [5, 6], [5, 7], [5, 10], [6, 3], [6, 4], [6, 5], [6, 7], [6, 10], [7, 1], [7, 2], [7, 5], [7, 6], [7, 10], [8, 0], [8, 3], [8, 4], [8, 9], [9, 0], [9, 3], [9, 4], [9, 8], [10, 2], [10, 5], [10, 6], [10, 7]], "target": 4, "label": {"0": "0", "1": "0", "2": "0", "3": "1", "4": "1", "5": "1", "6": "1", "7": "1", "8": "1", "9": "1", "10": "1"}}