{"edges": [[0, 1], [0, 4], [1, 0], [1, 2], [1, 3], [1, 5], [1, 7], [1, 15], [2, 1], [2, 4], [2, 5], [2, 12], [2, 13], [3, 1], [3, 4], [3, 20], [3, 25], [4, 0], [4, 2], [4, 3], [4, 5], [4, 17], [4, 25], [5, 1], [5, 2], [5, 4], [5, 22], [5, 23], [6, 11], [7, 1], [7, 12], [8, 13], [9, 11], [9, 14], [9, 24], [10, 14], [10, 15], [10, 25], [11, 6], [11, 9], [12, 2], [12, 7], [13, 2], [13, 8], [14, 9], [14, 10], [14, 19], [15, 1], [15, 10], [15, 25], [16, 19], [16, 21], [17, 4], [17, 22], [18, 23], [19, 14], [19, 16], [19, 24], [20, 3], [20, 24], [20, 25], [21, 16], [22, 5], [22, 17], [23, 5], [23, 18], [24, 9], [24, 19], [24, 20], [25, 3], [25, 4], [25, 10], [25, 15], [25, 20]], "target": 4, "label": {"0": "0", "1": "0", "2": "0", "3": "0", "4": "0", "5": "0", "6": "1", "7": "1", "8": "1", "9": "1", "10": "1", "11": "1", "12": "1", "13": "1", "14": "1", "15": "1", "16": "1", "17": "1", "18": "1", "19": "1", "20": "1", "21": "1", "22": "1", "23": "1", "24": "1", "25": "1"}}