{"edges": [[0, 1], [0, 26], [0, 27], [1, 0], [1, 2], [1, 26], [1, 27], [2, 1], [2, 3], [2, 25], [2, 26], [3, 2], [3, 25], [3, 31], [4, 5], [4, 30], [4, 35], [5, 4], [5, 6], [5, 34], [5, 36], [6, 5], [6, 7], [6, 8], [6, 32], [7, 6], [7, 8], [7, 32], [8, 6], [8, 7], [8, 33], [9, 10], [9, 33], [9, 37], [9, 38], [10, 9], [10, 28], [10, 38], [11, 12], [11, 28], [11, 29], [12, 11], [12, 28], [12, 29], [13, 14], [13, 29], [13, 39], [14, 13], [14, 15], [14, 39], [14, 40], [15, 14], [15, 16], [15, 40], [16, 15], [16, 17], [16, 40], [17, 16], [17, 18], [17, 19], [18, 17], [18, 19], [18, 20], [19, 17], [19, 18], [19, 20], [19, 21], [20, 18], [20, 19], [20, 21], [20, 22], [21, 19], [21, 20], [21, 22], [21, 23], [21, 24], [22, 20], [22, 21], [22, 23], [22, 24], [23, 21], [23, 22], [23, 24], [24, 21], [24, 22], [24, 23], [25, 2], [25, 3], [25, 31], [26, 0], [26, 1], [26, 2], [26, 27], [27, 0], [27, 1], [27, 26], [28, 10], [28, 11], [28, 12], [29, 11], [29, 12], [29, 13], [29, 39], [30, 4], [30, 31], [30, 34], [30, 35], [31, 3], [31, 25], [31, 30], [31, 35], [32, 6], [32, 7], [32, 34], [32, 36], [33, 8], [33, 9], [33, 37], [33, 38], [34, 5], [34, 30], [34, 32], [34, 35], [34, 36], [35, 4], [35, 30], [35, 31], [35, 34], [35, 36], [36, 5], [36, 32], [36, 34], [36, 35], [37, 9], [37, 33], [37, 38], [38, 9], [38, 10], [38, 33], [38, 37], [39, 13], [39, 14], [39, 29], [40, 14], [40, 15], [40, 16]], "target": 5, "label": {"0": "0", "1": "0", "2": "0", "3": "0", "4": "0", "5": "0", "6": "0", "7": "0", "8": "0", "9": "0", "10": "0", "11": "0", "12": "0", "13": "0", "14": "0", "15": "0", "16": "0", "17": "0", "18": "0", "19": "0", "20": "0", "21": "0", "22": "0", "23": "0", "24": "0", "25": "1", "26": "1", "27": "1", "28": "1", "29": "1", "30": "1", "31": "1", "32": "1", "33": "1", "34": "1", "35": "1", "36": "1", "37": "1", "38": "1", "39": "1", "40": "1"}}