{"edges": [[0, 1], [0, 5], [0, 6], [0, 13], [1, 0], [1, 6], [1, 11], [1, 15], [2, 3], [2, 4], [2, 7], [2, 8], [2, 9], [3, 2], [3, 4], [3, 7], [3, 12], [3, 17], [4, 2], [4, 3], [4, 17], [5, 0], [5, 6], [5, 13], [5, 14], [6, 0], [6, 1], [6, 5], [6, 13], [6, 14], [7, 2], [7, 3], [7, 8], [7, 9], [7, 12], [8, 2], [8, 7], [8, 9], [8, 10], [9, 2], [9, 7], [9, 8], [10, 8], [10, 11], [10, 15], [10, 16], [11, 1], [11, 10], [11, 15], [11, 16], [12, 3], [12, 7], [12, 17], [13, 0], [13, 5], [13, 6], [13, 14], [14, 5], [14, 6], [14, 13], [15, 1], [15, 10], [15, 11], [15, 16], [16, 10], [16, 11], [16, 15], [17, 3], [17, 4], [17, 12]], "target": 4, "label": {"0": "0", "1": "0", "2": "0", "3": "0", "4": "0", "5": "1", "6": "1", "7": "1", "8": "1", "9": "1", "10": "1", "11": "1", "12": "1", "13": "1", "14": "2", "15": "2", "16": "2", "17": "2"}}