{"edges": [[0, 10], [0, 13], [0, 14], [1, 4], [1, 6], [1, 11], [2, 3], [2, 7], [2, 8], [2, 13], [2, 14], [2, 15], [3, 2], [3, 8], [3, 15], [4, 1], [4, 5], [4, 6], [4, 9], [4, 11], [4, 12], [5, 4], [5, 10], [5, 12], [6, 1], [6, 4], [6, 11], [7, 2], [7, 13], [7, 14], [7, 15], [8, 2], [8, 3], [8, 15], [9, 4], [9, 11], [9, 12], [10, 0], [10, 5], [10, 12], [10, 13], [11, 1], [11, 4], [11, 6], [11, 9], [11, 12], [12, 4], [12, 5], [12, 9], [12, 10], [12, 11], [13, 0], [13, 2], [13, 7], [13, 10], [13, 14], [14, 0], [14, 2], [14, 7], [14, 13], [15, 2], [15, 3], [15, 7], [15, 8]], "target": 4, "label": {"0": "0", "1": "1", "2": "1", "3": "1", "4": "1", "5": "1", "6": "1", "7": "1", "8": "1", "9": "1", "10": "1", "11": "2", "12": "2", "13": "2", "14": "2", "15": "2"}}