{"edges": [[0, 10], [0, 14], [0, 15], [0, 16], [1, 4], [1, 6], [1, 11], [2, 3], [2, 7], [2, 8], [2, 15], [2, 16], [3, 2], [3, 7], [3, 8], [4, 1], [4, 6], [4, 9], [4, 11], [4, 12], [5, 10], [5, 12], [5, 13], [6, 1], [6, 4], [6, 11], [7, 2], [7, 3], [7, 8], [7, 15], [7, 16], [8, 2], [8, 3], [8, 7], [9, 4], [9, 11], [9, 12], [10, 0], [10, 5], [10, 13], [10, 14], [11, 1], [11, 4], [11, 6], [11, 9], [11, 12], [12, 4], [12, 5], [12, 9], [12, 11], [12, 13], [13, 5], [13, 10], [13, 12], [14, 0], [14, 10], [14, 15], [14, 16], [15, 0], [15, 2], [15, 7], [15, 14], [15, 16], [16, 0], [16, 2], [16, 7], [16, 14], [16, 15]], "target": 4, "label": {"0": "0", "1": "1", "2": "1", "3": "1", "4": "1", "5": "1", "6": "1", "7": "1", "8": "1", "9": "1", "10": "1", "11": "2", "12": "2", "13": "2", "14": "2", "15": "2", "16": "2"}}