{"edges": [[0, 3], [0, 8], [0, 9], [1, 2], [1, 5], [1, 7], [2, 1], [2, 7], [2, 11], [3, 0], [3, 4], [3, 6], [3, 8], [3, 9], [4, 3], [4, 6], [4, 8], [4, 9], [5, 1], [5, 6], [5, 7], [5, 11], [6, 3], [6, 4], [6, 5], [6, 7], [7, 1], [7, 2], [7, 5], [7, 6], [7, 10], [7, 11], [7, 12], [8, 0], [8, 3], [8, 4], [8, 9], [9, 0], [9, 3], [9, 4], [9, 8], [10, 7], [10, 11], [10, 12], [11, 2], [11, 5], [11, 7], [11, 10], [11, 12], [12, 7], [12, 10], [12, 11]], "target": 4, "label": {"0": "0", "1": "0", "2": "0", "3": "1", "4": "1", "5": "1", "6": "1", "7": "1", "8": "1", "9": "1", "10": "1", "11": "1", "12": "1"}}