{"edges": [[0, 12], [0, 17], [0, 18], [1, 2], [1, 14], [1, 16], [2, 1], [2, 16], [2, 20], [3, 4], [3, 5], [3, 19], [4, 3], [4, 5], [4, 6], [5, 3], [5, 4], [5, 6], [5, 7], [6, 4], [6, 5], [6, 7], [6, 8], [7, 5], [7, 6], [7, 8], [8, 6], [8, 7], [8, 9], [8, 10], [8, 11], [9, 8], [9, 10], [9, 11], [10, 8], [10, 9], [10, 11], [11, 8], [11, 9], [11, 10], [12, 0], [12, 13], [12, 15], [12, 17], [12, 18], [13, 12], [13, 14], [13, 15], [14, 1], [14, 13], [14, 15], [14, 16], [15, 12], [15, 13], [15, 14], [15, 16], [16, 1], [16, 2], [16, 14], [16, 15], [16, 19], [16, 20], [16, 21], [17, 0], [17, 12], [17, 18], [18, 0], [18, 12], [18, 17], [19, 3], [19, 16], [19, 20], [19, 21], [20, 2], [20, 16], [20, 19], [20, 21], [21, 16], [21, 19], [21, 20]], "target": 4, "label": {"0": "0", "1": "0", "2": "0", "3": "0", "4": "0", "5": "0", "6": "0", "7": "0", "8": "0", "9": "0", "10": "0", "11": "0", "12": "1", "13": "1", "14": "1", "15": "1", "16": "1", "17": "1", "18": "1", "19": "1", "20": "1", "21": "1"}}