{"edges": [[0, 6], [0, 11], [0, 12], [1, 2], [1, 3], [1, 4], [1, 8], [1, 10], [2, 1], [2, 3], [2, 4], [2, 5], [2, 10], [2, 14], [3, 1], [3, 2], [3, 4], [3, 5], [3, 13], [4, 1], [4, 2], [4, 3], [4, 5], [5, 2], [5, 3], [5, 4], [6, 0], [6, 7], [6, 9], [6, 11], [6, 12], [7, 6], [7, 8], [7, 9], [7, 11], [7, 12], [8, 1], [8, 7], [8, 9], [8, 10], [8, 14], [9, 6], [9, 7], [9, 8], [9, 10], [10, 1], [10, 2], [10, 8], [10, 9], [10, 13], [10, 14], [10, 15], [11, 0], [11, 6], [11, 7], [11, 12], [12, 0], [12, 6], [12, 7], [12, 11], [13, 3], [13, 10], [13, 14], [13, 15], [14, 2], [14, 8], [14, 10], [14, 13], [14, 15], [15, 10], [15, 13], [15, 14]], "target": 4, "label": {"0": "0", "1": "0", "2": "0", "3": "0", "4": "0", "5": "0", "6": "1", "7": "1", "8": "1", "9": "1", "10": "1", "11": "1", "12": "1", "13": "1", "14": "1", "15": "1"}}