{"edges": [[0, 1], [0, 11], [0, 20], [0, 28], [0, 29], [1, 0], [1, 11], [1, 28], [1, 29], [2, 8], [2, 12], [2, 14], [2, 31], [2, 36], [3, 4], [3, 7], [3, 12], [3, 32], [4, 3], [4, 7], [4, 32], [5, 6], [5, 20], [5, 28], [5, 34], [6, 5], [6, 33], [6, 34], [7, 3], [7, 4], [7, 21], [7, 23], [7, 36], [8, 2], [8, 9], [8, 12], [8, 21], [8, 37], [9, 8], [9, 37], [10, 11], [10, 18], [10, 20], [10, 27], [10, 33], [11, 0], [11, 1], [11, 10], [11, 18], [11, 28], [11, 33], [12, 2], [12, 3], [12, 8], [12, 14], [12, 23], [13, 14], [13, 15], [13, 23], [13, 31], [14, 2], [14, 12], [14, 13], [14, 21], [14, 22], [14, 31], [14, 36], [15, 13], [15, 16], [15, 25], [15, 30], [15, 35], [16, 15], [16, 24], [16, 29], [16, 30], [16, 35], [17, 32], [17, 37], [18, 10], [18, 11], [18, 19], [18, 20], [18, 27], [18, 28], [19, 18], [19, 27], [19, 33], [20, 0], [20, 5], [20, 10], [20, 18], [20, 33], [21, 7], [21, 8], [21, 14], [21, 23], [22, 14], [22, 23], [22, 24], [22, 36], [23, 7], [23, 12], [23, 13], [23, 21], [23, 22], [23, 31], [23, 36], [24, 16], [24, 22], [24, 25], [24, 35], [25, 15], [25, 24], [25, 34], [25, 35], [26, 37], [27, 10], [27, 18], [27, 19], [28, 0], [28, 1], [28, 5], [28, 11], [28, 18], [29, 0], [29, 1], [29, 16], [29, 30], [30, 15], [30, 16], [30, 29], [31, 2], [31, 13], [31, 14], [31, 23], [32, 3], [32, 4], [32, 17], [32, 37], [33, 6], [33, 10], [33, 11], [33, 19], [33, 20], [34, 5], [34, 6], [34, 25], [34, 35], [35, 15], [35, 16], [35, 24], [35, 25], [35, 34], [36, 2], [36, 7], [36, 14], [36, 22], [36, 23], [37, 8], [37, 9], [37, 17], [37, 26], [37, 32]], "target": 4, "label": {"0": "0", "1": "0", "2": "0", "3": "0", "4": "0", "5": "0", "6": "0", "7": "0", "8": "0", "9": "0", "10": "1", "11": "1", "12": "1", "13": "1", "14": "1", "15": "1", "16": "1", "17": "1", "18": "1", "19": "1", "20": "1", "21": "1", "22": "1", "23": "1", "24": "1", "25": "1", "26": "1", "27": "1", "28": "2", "29": "2", "30": "2", "31": "2", "32": "2", "33": "2", "34": "2", "35": "2", "36": "2", "37": "2"}}