{"edges": [[0, 1], [0, 2], [0, 3], [1, 0], [1, 2], [1, 3], [1, 9], [1, 11], [2, 0], [2, 1], [2, 3], [2, 8], [2, 10], [3, 0], [3, 1], [3, 2], [3, 5], [3, 8], [4, 6], [4, 7], [4, 11], [4, 12], [5, 3], [5, 8], [5, 9], [5, 10], [6, 4], [6, 7], [6, 12], [7, 4], [7, 6], [7, 12], [8, 2], [8, 3], [8, 5], [8, 9], [8, 10], [9, 1], [9, 5], [9, 8], [9, 10], [9, 11], [10, 2], [10, 5], [10, 8], [10, 9], [10, 11], [11, 1], [11, 4], [11, 9], [11, 10], [11, 12], [12, 4], [12, 6], [12, 7], [12, 11]], "target": 4, "label": {"0": "0", "1": "0", "2": "0", "3": "0", "4": "1", "5": "1", "6": "1", "7": "1", "8": "1", "9": "1", "10": "1", "11": "1", "12": "1"}}