{"edges": [[0, 1], [0, 18], [0, 22], [1, 0], [1, 18], [1, 21], [1, 22], [2, 20], [2, 21], [2, 23], [3, 4], [3, 5], [3, 6], [3, 19], [3, 24], [4, 3], [4, 5], [4, 6], [5, 3], [5, 4], [5, 6], [5, 7], [6, 3], [6, 4], [6, 5], [6, 7], [7, 5], [7, 6], [7, 28], [8, 26], [8, 27], [8, 29], [8, 30], [9, 10], [9, 29], [9, 30], [10, 9], [10, 11], [10, 35], [11, 10], [11, 12], [11, 35], [12, 11], [12, 13], [12, 34], [12, 35], [13, 12], [13, 33], [13, 34], [14, 15], [14, 32], [14, 33], [15, 14], [15, 16], [15, 17], [15, 31], [16, 15], [16, 17], [16, 31], [17, 15], [17, 16], [17, 31], [18, 0], [18, 1], [18, 22], [19, 3], [19, 23], [19, 24], [20, 2], [20, 21], [20, 22], [20, 23], [21, 1], [21, 2], [21, 20], [21, 22], [22, 0], [22, 1], [22, 18], [22, 20], [22, 21], [23, 2], [23, 19], [23, 20], [23, 24], [24, 3], [24, 19], [24, 23], [25, 26], [25, 27], [25, 28], [26, 8], [26, 25], [26, 27], [26, 28], [26, 29], [27, 8], [27, 25], [27, 26], [27, 28], [28, 7], [28, 25], [28, 26], [28, 27], [29, 8], [29, 9], [29, 26], [29, 30], [30, 8], [30, 9], [30, 29], [31, 15], [31, 16], [31, 17], [32, 14], [32, 33], [32, 34], [33, 13], [33, 14], [33, 32], [33, 34], [34, 12], [34, 13], [34, 32], [34, 33], [35, 10], [35, 11], [35, 12]], "target": 5, "label": {"0": "0", "1": "0", "2": "0", "3": "0", "4": "0", "5": "0", "6": "0", "7": "0", "8": "0", "9": "0", "10": "0", "11": "0", "12": "0", "13": "0", "14": "0", "15": "0", "16": "0", "17": "0", "18": "1", "19": "1", "20": "1", "21": "1", "22": "1", "23": "1", "24": "1", "25": "1", "26": "1", "27": "1", "28": "1", "29": "1", "30": "1", "31": "1", "32": "1", "33": "1", "34": "1", "35": "1"}}