{"edges": [[0, 1], [0, 3], [0, 11], [1, 0], [1, 3], [1, 4], [1, 8], [2, 5], [2, 7], [2, 10], [3, 0], [3, 1], [3, 4], [3, 8], [3, 9], [3, 11], [4, 1], [4, 3], [4, 8], [4, 9], [5, 2], [5, 6], [5, 7], [5, 10], [5, 11], [6, 5], [6, 10], [6, 11], [7, 2], [7, 5], [7, 10], [8, 1], [8, 3], [8, 4], [8, 9], [8, 11], [9, 3], [9, 4], [9, 8], [10, 2], [10, 5], [10, 6], [10, 7], [11, 0], [11, 3], [11, 5], [11, 6], [11, 8]], "target": 4, "label": {"0": "0", "1": "0", "2": "1", "3": "1", "4": "1", "5": "1", "6": "1", "7": "1", "8": "1", "9": "1", "10": "1", "11": "1"}}