{"edges": [[0, 1], [0, 2], [0, 3], [0, 8], [1, 0], [1, 2], [1, 3], [1, 13], [2, 0], [2, 1], [2, 3], [2, 5], [3, 0], [3, 1], [3, 2], [3, 10], [3, 11], [4, 7], [4, 9], [4, 12], [5, 2], [5, 6], [5, 10], [5, 11], [5, 13], [6, 5], [6, 10], [6, 11], [7, 4], [7, 8], [7, 9], [7, 12], [7, 13], [8, 0], [8, 7], [8, 12], [8, 13], [9, 4], [9, 7], [9, 12], [10, 3], [10, 5], [10, 6], [10, 11], [10, 13], [11, 3], [11, 5], [11, 6], [11, 10], [12, 4], [12, 7], [12, 8], [12, 9], [13, 1], [13, 5], [13, 7], [13, 8], [13, 10]], "target": 4, "label": {"0": "0", "1": "0", "2": "0", "3": "0", "4": "1", "5": "1", "6": "1", "7": "1", "8": "1", "9": "1", "10": "1", "11": "1", "12": "1", "13": "1"}}