{"edges": [[0, 1], [0, 2], [0, 4], [0, 5], [1, 0], [1, 2], [1, 4], [1, 10], [1, 18], [2, 0], [2, 1], [2, 10], [2, 15], [2, 16], [3, 4], [3, 5], [3, 20], [3, 28], [4, 0], [4, 1], [4, 3], [4, 25], [4, 26], [5, 0], [5, 3], [5, 13], [5, 23], [5, 33], [5, 38], [6, 7], [6, 18], [6, 28], [6, 38], [7, 6], [7, 10], [7, 15], [7, 20], [7, 30], [8, 10], [8, 15], [8, 20], [8, 35], [8, 36], [9, 14], [10, 1], [10, 2], [10, 7], [10, 8], [10, 15], [11, 16], [12, 14], [12, 17], [12, 27], [12, 37], [13, 5], [13, 17], [13, 18], [14, 9], [14, 12], [15, 2], [15, 7], [15, 8], [15, 10], [16, 2], [16, 11], [17, 12], [17, 13], [17, 22], [17, 32], [18, 1], [18, 6], [18, 13], [18, 38], [19, 24], [20, 3], [20, 7], [20, 8], [20, 25], [21, 26], [22, 17], [22, 24], [22, 27], [22, 37], [23, 5], [23, 27], [23, 28], [24, 19], [24, 22], [25, 4], [25, 20], [26, 4], [26, 21], [27, 12], [27, 22], [27, 23], [28, 3], [28, 6], [28, 23], [28, 38], [29, 32], [29, 34], [30, 7], [30, 35], [31, 36], [32, 17], [32, 29], [32, 37], [33, 5], [33, 37], [34, 29], [35, 8], [35, 30], [36, 8], [36, 31], [37, 12], [37, 22], [37, 32], [37, 33], [38, 5], [38, 6], [38, 18], [38, 28]], "target": 4, "label": {"0": "0", "1": "0", "2": "0", "3": "0", "4": "0", "5": "0", "6": "0", "7": "0", "8": "0", "9": "1", "10": "1", "11": "1", "12": "1", "13": "1", "14": "1", "15": "1", "16": "1", "17": "1", "18": "1", "19": "1", "20": "1", "21": "1", "22": "1", "23": "1", "24": "1", "25": "1", "26": "1", "27": "1", "28": "1", "29": "1", "30": "1", "31": "1", "32": "1", "33": "1", "34": "1", "35": "1", "36": "1", "37": "1", "38": "1"}}