{"edges": [[0, 7], [0, 8], [0, 13], [1, 2], [1, 3], [1, 12], [1, 18], [2, 1], [2, 3], [2, 18], [3, 1], [3, 2], [3, 4], [3, 9], [3, 15], [3, 18], [4, 3], [4, 9], [4, 10], [4, 15], [5, 6], [5, 10], [5, 16], [6, 5], [6, 10], [6, 16], [7, 0], [7, 8], [7, 13], [7, 14], [8, 0], [8, 7], [8, 11], [8, 13], [8, 14], [8, 17], [9, 3], [9, 4], [9, 15], [10, 4], [10, 5], [10, 6], [10, 16], [11, 8], [11, 12], [11, 17], [12, 1], [12, 11], [12, 17], [12, 18], [13, 0], [13, 7], [13, 8], [13, 14], [14, 7], [14, 8], [14, 13], [15, 3], [15, 4], [15, 9], [16, 5], [16, 6], [16, 10], [17, 8], [17, 11], [17, 12], [18, 1], [18, 2], [18, 3], [18, 12]], "target": 4, "label": {"0": "0", "1": "0", "2": "0", "3": "0", "4": "0", "5": "0", "6": "0", "7": "1", "8": "1", "9": "1", "10": "1", "11": "1", "12": "1", "13": "1", "14": "1", "15": "1", "16": "1", "17": "1", "18": "1"}}