{"edges": [[0, 1], [0, 15], [0, 16], [1, 0], [1, 5], [1, 15], [1, 16], [2, 3], [2, 6], [2, 8], [2, 18], [3, 2], [3, 6], [3, 13], [3, 19], [4, 5], [4, 12], [4, 15], [5, 1], [5, 4], [5, 12], [5, 15], [6, 2], [6, 3], [6, 8], [6, 13], [6, 14], [7, 8], [7, 9], [7, 18], [8, 2], [8, 6], [8, 7], [8, 18], [9, 7], [9, 10], [9, 16], [9, 17], [9, 18], [10, 9], [10, 16], [10, 17], [11, 13], [11, 14], [11, 19], [12, 4], [12, 5], [12, 15], [13, 3], [13, 6], [13, 11], [13, 14], [13, 19], [14, 6], [14, 11], [14, 13], [14, 19], [15, 0], [15, 1], [15, 4], [15, 5], [15, 12], [16, 0], [16, 1], [16, 9], [16, 10], [16, 17], [17, 9], [17, 10], [17, 16], [18, 2], [18, 7], [18, 8], [18, 9], [19, 3], [19, 11], [19, 13], [19, 14]], "target": 4, "label": {"0": "0", "1": "0", "2": "0", "3": "0", "4": "1", "5": "1", "6": "1", "7": "1", "8": "1", "9": "1", "10": "1", "11": "1", "12": "1", "13": "1", "14": "1", "15": "2", "16": "2", "17": "2", "18": "2", "19": "2"}}