{"edges": [[0, 6], [0, 7], [0, 15], [1, 2], [1, 17], [1, 18], [1, 24], [1, 26], [2, 1], [2, 12], [2, 19], [2, 21], [2, 24], [3, 8], [3, 13], [3, 14], [3, 29], [3, 34], [4, 5], [4, 10], [4, 11], [4, 12], [4, 31], [4, 33], [5, 4], [5, 19], [5, 33], [5, 36], [6, 0], [6, 7], [6, 23], [6, 34], [6, 38], [7, 0], [7, 6], [7, 8], [7, 13], [8, 3], [8, 7], [8, 9], [8, 16], [9, 8], [9, 10], [9, 15], [10, 4], [10, 9], [10, 11], [10, 12], [11, 4], [11, 10], [11, 12], [12, 2], [12, 4], [12, 10], [12, 11], [12, 19], [13, 3], [13, 7], [13, 14], [13, 15], [14, 3], [14, 13], [14, 15], [15, 0], [15, 9], [15, 13], [15, 14], [15, 16], [16, 8], [16, 15], [16, 17], [17, 1], [17, 16], [17, 18], [17, 19], [18, 1], [18, 17], [18, 19], [19, 2], [19, 5], [19, 12], [19, 17], [19, 18], [20, 23], [20, 27], [20, 28], [20, 29], [21, 2], [21, 24], [21, 33], [21, 36], [22, 23], [22, 34], [22, 35], [22, 37], [22, 38], [23, 6], [23, 20], [23, 22], [23, 34], [23, 38], [24, 1], [24, 2], [24, 21], [24, 26], [24, 33], [24, 36], [25, 26], [25, 27], [25, 31], [25, 32], [26, 1], [26, 24], [26, 25], [26, 31], [26, 32], [26, 33], [27, 20], [27, 25], [27, 28], [27, 29], [27, 30], [28, 20], [28, 27], [28, 29], [28, 30], [29, 3], [29, 20], [29, 27], [29, 28], [29, 30], [30, 27], [30, 28], [30, 29], [30, 32], [31, 4], [31, 25], [31, 26], [31, 32], [31, 33], [32, 25], [32, 26], [32, 30], [32, 31], [33, 4], [33, 5], [33, 21], [33, 24], [33, 26], [33, 31], [33, 36], [34, 3], [34, 6], [34, 22], [34, 23], [34, 35], [34, 38], [35, 22], [35, 34], [35, 37], [35, 38], [36, 5], [36, 21], [36, 24], [36, 33], [37, 22], [37, 35], [37, 38], [38, 6], [38, 22], [38, 23], [38, 34], [38, 35], [38, 37]], "target": 4, "label": {"0": "0", "1": "0", "2": "0", "3": "0", "4": "0", "5": "0", "6": "0", "7": "0", "8": "0", "9": "0", "10": "0", "11": "0", "12": "0", "13": "0", "14": "0", "15": "0", "16": "0", "17": "0", "18": "0", "19": "0", "20": "1", "21": "1", "22": "1", "23": "1", "24": "1", "25": "1", "26": "1", "27": "1", "28": "1", "29": "1", "30": "1", "31": "1", "32": "1", "33": "1", "34": "1", "35": "1", "36": "1", "37": "1", "38": "1"}}