{"edges": [[0, 6], [0, 7], [0, 15], [1, 2], [1, 17], [1, 18], [1, 22], [1, 24], [2, 1], [2, 12], [2, 19], [2, 24], [2, 27], [3, 8], [3, 13], [3, 14], [3, 28], [3, 33], [4, 5], [4, 10], [4, 11], [4, 12], [4, 30], [4, 32], [5, 4], [5, 19], [5, 32], [5, 35], [6, 0], [6, 7], [6, 25], [6, 33], [6, 37], [7, 0], [7, 6], [7, 8], [7, 13], [8, 3], [8, 7], [8, 9], [8, 16], [9, 8], [9, 10], [9, 15], [10, 4], [10, 9], [10, 11], [10, 12], [11, 4], [11, 10], [11, 12], [12, 2], [12, 4], [12, 10], [12, 11], [12, 19], [13, 3], [13, 7], [13, 14], [13, 15], [13, 39], [14, 3], [14, 13], [14, 15], [15, 0], [15, 9], [15, 13], [15, 14], [15, 16], [16, 8], [16, 15], [16, 17], [17, 1], [17, 16], [17, 18], [17, 19], [18, 1], [18, 17], [18, 19], [19, 2], [19, 5], [19, 12], [19, 17], [19, 18], [20, 21], [20, 25], [20, 29], [21, 20], [21, 23], [21, 28], [22, 1], [22, 23], [22, 24], [22, 31], [22, 32], [23, 21], [23, 22], [23, 30], [24, 1], [24, 2], [24, 22], [24, 27], [24, 30], [24, 35], [25, 6], [25, 20], [25, 26], [25, 37], [25, 39], [26, 25], [26, 36], [26, 37], [26, 38], [26, 39], [27, 2], [27, 24], [27, 32], [27, 35], [28, 3], [28, 21], [28, 29], [29, 20], [29, 28], [29, 31], [30, 4], [30, 23], [30, 24], [30, 31], [30, 32], [31, 22], [31, 29], [31, 30], [32, 4], [32, 5], [32, 22], [32, 27], [32, 30], [32, 35], [33, 3], [33, 6], [33, 34], [33, 37], [33, 39], [34, 33], [34, 36], [34, 38], [35, 5], [35, 24], [35, 27], [35, 32], [36, 26], [36, 34], [36, 37], [37, 6], [37, 25], [37, 26], [37, 33], [37, 36], [37, 39], [38, 26], [38, 34], [38, 39], [39, 13], [39, 25], [39, 26], [39, 33], [39, 37], [39, 38]], "target": 4, "label": {"0": "0", "1": "0", "2": "0", "3": "0", "4": "0", "5": "0", "6": "0", "7": "0", "8": "0", "9": "0", "10": "0", "11": "0", "12": "0", "13": "0", "14": "0", "15": "0", "16": "0", "17": "0", "18": "0", "19": "0", "20": "1", "21": "1", "22": "1", "23": "1", "24": "1", "25": "1", "26": "1", "27": "1", "28": "1", "29": "1", "30": "1", "31": "1", "32": "1", "33": "1", "34": "1", "35": "1", "36": "1", "37": "1", "38": "1", "39": "1"}}