{"edges": [[0, 7], [0, 8], [0, 16], [1, 2], [1, 18], [1, 19], [1, 23], [1, 25], [2, 1], [2, 13], [2, 20], [2, 25], [2, 28], [3, 9], [3, 14], [3, 15], [3, 29], [3, 34], [4, 5], [4, 11], [4, 12], [4, 13], [4, 31], [4, 33], [5, 4], [5, 6], [5, 13], [5, 33], [6, 5], [6, 20], [6, 36], [7, 0], [7, 8], [7, 26], [7, 34], [7, 38], [8, 0], [8, 7], [8, 9], [8, 14], [9, 3], [9, 8], [9, 10], [9, 17], [10, 9], [10, 11], [10, 16], [11, 4], [11, 10], [11, 12], [11, 13], [12, 4], [12, 11], [12, 13], [13, 2], [13, 4], [13, 5], [13, 11], [13, 12], [13, 20], [14, 3], [14, 8], [14, 15], [14, 16], [15, 3], [15, 14], [15, 16], [16, 0], [16, 10], [16, 14], [16, 15], [16, 17], [17, 9], [17, 16], [17, 18], [18, 1], [18, 17], [18, 19], [18, 20], [19, 1], [19, 18], [19, 20], [20, 2], [20, 6], [20, 13], [20, 18], [20, 19], [21, 22], [21, 26], [21, 30], [22, 21], [22, 24], [22, 29], [23, 1], [23, 24], [23, 25], [23, 32], [23, 33], [24, 22], [24, 23], [24, 31], [25, 1], [25, 2], [25, 23], [25, 28], [25, 31], [25, 36], [26, 7], [26, 21], [26, 27], [26, 38], [27, 26], [27, 34], [27, 37], [27, 38], [28, 2], [28, 25], [28, 33], [28, 36], [29, 3], [29, 22], [29, 30], [30, 21], [30, 29], [30, 32], [31, 4], [31, 24], [31, 25], [31, 32], [31, 33], [32, 23], [32, 30], [32, 31], [33, 4], [33, 5], [33, 23], [33, 28], [33, 31], [33, 36], [34, 3], [34, 7], [34, 27], [34, 35], [34, 38], [35, 34], [35, 37], [35, 38], [36, 6], [36, 25], [36, 28], [36, 33], [37, 27], [37, 35], [37, 38], [38, 7], [38, 26], [38, 27], [38, 34], [38, 35], [38, 37]], "target": 4, "label": {"0": "0", "1": "0", "2": "0", "3": "0", "4": "0", "5": "0", "6": "0", "7": "0", "8": "0", "9": "0", "10": "0", "11": "0", "12": "0", "13": "0", "14": "0", "15": "0", "16": "0", "17": "0", "18": "0", "19": "0", "20": "0", "21": "1", "22": "1", "23": "1", "24": "1", "25": "1", "26": "1", "27": "1", "28": "1", "29": "1", "30": "1", "31": "1", "32": "1", "33": "1", "34": "1", "35": "1", "36": "1", "37": "1", "38": "1"}}