{"edges": [[0, 16], [0, 28], [1, 4], [1, 7], [1, 8], [1, 13], [1, 19], [2, 5], [2, 11], [2, 17], [2, 23], [3, 4], [3, 16], [3, 19], [3, 28], [4, 1], [4, 3], [4, 7], [4, 20], [4, 25], [5, 2], [5, 11], [6, 9], [6, 12], [7, 1], [7, 4], [7, 13], [7, 16], [8, 1], [8, 14], [9, 6], [9, 15], [9, 27], [10, 15], [10, 16], [10, 28], [11, 2], [11, 5], [11, 12], [12, 6], [12, 11], [13, 1], [13, 7], [14, 8], [15, 9], [15, 10], [15, 21], [16, 0], [16, 3], [16, 7], [16, 10], [16, 28], [17, 2], [17, 23], [17, 24], [18, 24], [18, 27], [19, 1], [19, 3], [19, 25], [20, 4], [20, 26], [21, 15], [21, 22], [21, 27], [22, 21], [22, 28], [23, 2], [23, 17], [24, 17], [24, 18], [25, 4], [25, 19], [26, 20], [27, 9], [27, 18], [27, 21], [28, 0], [28, 3], [28, 10], [28, 16], [28, 22]], "target": 4, "label": {"0": "0", "1": "0", "2": "0", "3": "0", "4": "0", "5": "1", "6": "1", "7": "1", "8": "1", "9": "1", "10": "1", "11": "1", "12": "1", "13": "1", "14": "1", "15": "1", "16": "1", "17": "1", "18": "1", "19": "1", "20": "1", "21": "1", "22": "1", "23": "1", "24": "1", "25": "1", "26": "1", "27": "1", "28": "1"}}