{"edges": [[0, 1], [0, 13], [1, 0], [1, 2], [1, 3], [1, 14], [1, 15], [1, 32], [2, 1], [2, 3], [2, 13], [2, 16], [3, 1], [3, 2], [3, 33], [4, 5], [4, 16], [4, 18], [4, 31], [4, 34], [5, 4], [5, 6], [5, 30], [5, 38], [6, 5], [6, 7], [6, 8], [6, 20], [6, 28], [7, 6], [7, 8], [7, 22], [7, 39], [8, 6], [8, 7], [8, 9], [8, 22], [8, 40], [9, 8], [9, 10], [9, 21], [9, 23], [10, 9], [10, 11], [10, 22], [10, 24], [11, 10], [11, 23], [11, 24], [12, 13], [12, 14], [12, 41], [13, 0], [13, 2], [13, 12], [13, 14], [13, 15], [13, 48], [14, 1], [14, 12], [14, 13], [14, 15], [15, 1], [15, 13], [15, 14], [15, 49], [16, 2], [16, 4], [16, 17], [16, 42], [16, 50], [17, 16], [17, 18], [17, 43], [17, 47], [18, 4], [18, 17], [18, 53], [18, 54], [19, 20], [19, 21], [19, 51], [20, 6], [20, 19], [20, 21], [21, 9], [21, 19], [21, 20], [21, 22], [22, 7], [22, 8], [22, 10], [22, 21], [22, 23], [23, 9], [23, 11], [23, 22], [23, 24], [24, 10], [24, 11], [24, 23], [25, 32], [26, 27], [26, 33], [27, 26], [27, 34], [28, 6], [28, 35], [28, 39], [28, 40], [28, 44], [28, 51], [29, 36], [29, 37], [30, 5], [30, 37], [30, 38], [30, 53], [30, 54], [31, 4], [31, 38], [31, 54], [32, 1], [32, 25], [33, 3], [33, 26], [34, 4], [34, 27], [35, 28], [35, 36], [35, 39], [35, 40], [35, 44], [35, 51], [36, 29], [36, 35], [37, 29], [37, 30], [37, 38], [37, 46], [37, 53], [38, 5], [38, 30], [38, 31], [38, 37], [38, 47], [38, 54], [39, 7], [39, 28], [39, 35], [39, 40], [40, 8], [40, 28], [40, 35], [40, 39], [41, 12], [41, 48], [42, 16], [42, 49], [43, 17], [43, 50], [44, 28], [44, 35], [44, 51], [44, 52], [45, 46], [45, 52], [46, 37], [46, 45], [46, 53], [47, 17], [47, 38], [47, 54], [48, 13], [48, 41], [49, 15], [49, 42], [50, 16], [50, 43], [51, 19], [51, 28], [51, 35], [51, 44], [52, 44], [52, 45], [53, 18], [53, 30], [53, 37], [53, 46], [54, 18], [54, 30], [54, 31], [54, 38], [54, 47]], "target": 5, "label": {"0": "0", "1": "0", "2": "0", "3": "0", "4": "0", "5": "0", "6": "0", "7": "0", "8": "0", "9": "0", "10": "0", "11": "0", "12": "0", "13": "0", "14": "0", "15": "0", "16": "0", "17": "0", "18": "0", "19": "0", "20": "0", "21": "0", "22": "0", "23": "0", "24": "0", "25": "1", "26": "1", "27": "1", "28": "1", "29": "1", "30": "1", "31": "1", "32": "1", "33": "1", "34": "1", "35": "1", "36": "1", "37": "1", "38": "1", "39": "1", "40": "1", "41": "1", "42": "1", "43": "1", "44": "1", "45": "1", "46": "1", "47": "1", "48": "1", "49": "1", "50": "1", "51": "1", "52": "1", "53": "1", "54": "1"}}