{"edges": [[0, 11], [0, 19], [1, 2], [1, 5], [1, 8], [1, 10], [2, 1], [2, 4], [2, 5], [2, 10], [2, 13], [3, 11], [3, 14], [3, 19], [4, 2], [4, 5], [4, 8], [4, 16], [4, 18], [5, 1], [5, 2], [5, 4], [5, 10], [5, 18], [5, 21], [6, 7], [6, 11], [6, 15], [7, 6], [7, 9], [7, 14], [8, 1], [8, 4], [8, 9], [8, 10], [8, 17], [8, 18], [9, 7], [9, 8], [9, 16], [10, 1], [10, 2], [10, 5], [10, 8], [10, 13], [10, 21], [11, 0], [11, 3], [11, 6], [11, 12], [11, 20], [12, 11], [12, 19], [13, 2], [13, 10], [13, 21], [14, 3], [14, 7], [14, 15], [15, 6], [15, 14], [15, 17], [16, 4], [16, 9], [16, 17], [17, 8], [17, 15], [17, 16], [18, 4], [18, 5], [18, 8], [19, 0], [19, 3], [19, 12], [19, 20], [20, 11], [20, 19], [21, 5], [21, 10], [21, 13]], "target": 4, "label": {"0": "0", "1": "0", "2": "0", "3": "0", "4": "0", "5": "0", "6": "1", "7": "1", "8": "1", "9": "1", "10": "1", "11": "1", "12": "1", "13": "1", "14": "1", "15": "1", "16": "1", "17": "1", "18": "1", "19": "1", "20": "1", "21": "1"}}