{"edges": [[0, 1], [0, 2], [0, 3], [1, 0], [1, 2], [1, 3], [1, 8], [2, 0], [2, 1], [2, 3], [2, 7], [3, 0], [3, 1], [3, 2], [3, 7], [3, 10], [4, 5], [4, 6], [4, 8], [5, 4], [5, 6], [5, 8], [6, 4], [6, 5], [6, 8], [7, 2], [7, 3], [7, 8], [7, 9], [7, 10], [8, 1], [8, 4], [8, 5], [8, 6], [8, 7], [8, 9], [8, 10], [9, 7], [9, 8], [9, 10], [10, 3], [10, 7], [10, 8], [10, 9]], "target": 4, "label": {"0": "0", "1": "0", "2": "0", "3": "0", "4": "1", "5": "1", "6": "1", "7": "1", "8": "1", "9": "1", "10": "1"}}