{"edges": [[0, 1], [0, 6], [0, 8], [0, 9], [1, 0], [1, 8], [1, 9], [2, 3], [2, 4], [2, 5], [3, 2], [3, 4], [3, 5], [4, 2], [4, 3], [4, 5], [5, 2], [5, 3], [5, 4], [6, 0], [6, 9], [6, 11], [6, 12], [7, 10], [7, 11], [7, 12], [8, 0], [8, 1], [8, 9], [9, 0], [9, 1], [9, 6], [9, 8], [10, 7], [10, 11], [10, 12], [11, 6], [11, 7], [11, 10], [11, 12], [12, 6], [12, 7], [12, 10], [12, 11]], "target": 4, "label": {"0": "0", "1": "0", "2": "0", "3": "0", "4": "0", "5": "0", "6": "1", "7": "1", "8": "1", "9": "1", "10": "1", "11": "1", "12": "1"}}