{"edges": [[0, 1], [0, 5], [0, 7], [1, 0], [1, 5], [1, 7], [1, 9], [2, 3], [2, 7], [2, 11], [3, 2], [3, 5], [3, 13], [4, 5], [4, 7], [4, 15], [5, 0], [5, 1], [5, 3], [5, 4], [5, 17], [6, 7], [7, 0], [7, 1], [7, 2], [7, 4], [7, 6], [7, 10], [7, 14], [8, 9], [8, 13], [8, 16], [8, 17], [9, 1], [9, 8], [9, 12], [9, 13], [9, 16], [9, 17], [10, 7], [10, 11], [11, 2], [11, 10], [11, 14], [12, 9], [12, 13], [12, 16], [13, 3], [13, 8], [13, 9], [13, 12], [13, 17], [14, 7], [14, 11], [14, 15], [15, 4], [15, 14], [16, 8], [16, 9], [16, 12], [16, 17], [17, 5], [17, 8], [17, 9], [17, 13], [17, 16]], "target": 4, "label": {"0": "0", "1": "0", "2": "0", "3": "0", "4": "0", "5": "0", "6": "1", "7": "1", "8": "1", "9": "1", "10": "1", "11": "1", "12": "1", "13": "1", "14": "1", "15": "1", "16": "1", "17": "1"}}