{"edges": [[0, 1], [0, 3], [0, 5], [0, 9], [1, 0], [1, 2], [1, 3], [1, 5], [1, 7], [2, 1], [2, 3], [2, 5], [2, 9], [3, 0], [3, 1], [3, 2], [3, 11], [4, 5], [4, 9], [5, 0], [5, 1], [5, 2], [5, 4], [5, 8], [6, 7], [6, 10], [6, 11], [7, 1], [7, 6], [7, 10], [7, 11], [8, 5], [8, 9], [9, 0], [9, 2], [9, 4], [9, 8], [10, 6], [10, 7], [10, 11], [11, 3], [11, 6], [11, 7], [11, 10]], "target": 4, "label": {"0": "0", "1": "0", "2": "0", "3": "0", "4": "1", "5": "1", "6": "1", "7": "1", "8": "1", "9": "1", "10": "1", "11": "1"}}