{"edges": [[0, 1], [0, 9], [1, 0], [1, 2], [1, 8], [1, 10], [2, 1], [2, 9], [2, 10], [2, 22], [3, 4], [3, 5], [3, 6], [3, 21], [3, 27], [4, 3], [4, 5], [4, 6], [4, 27], [5, 3], [5, 4], [5, 6], [5, 7], [6, 3], [6, 4], [6, 5], [6, 7], [6, 18], [7, 5], [7, 6], [7, 15], [7, 24], [7, 25], [8, 1], [8, 9], [9, 0], [9, 2], [9, 8], [9, 10], [10, 1], [10, 2], [10, 9], [10, 34], [11, 12], [11, 13], [11, 14], [11, 33], [11, 39], [12, 11], [12, 13], [12, 14], [12, 39], [13, 11], [13, 12], [13, 14], [13, 15], [14, 11], [14, 12], [14, 13], [14, 15], [14, 36], [15, 7], [15, 13], [15, 14], [15, 30], [15, 37], [16, 22], [16, 23], [17, 20], [17, 23], [18, 6], [18, 24], [19, 25], [20, 17], [20, 26], [20, 38], [21, 3], [21, 26], [21, 27], [21, 33], [21, 39], [22, 2], [22, 16], [23, 16], [23, 17], [24, 7], [24, 18], [25, 7], [25, 19], [26, 20], [26, 21], [26, 32], [27, 3], [27, 4], [27, 21], [27, 39], [28, 29], [28, 34], [29, 28], [29, 35], [30, 15], [30, 36], [31, 37], [32, 26], [32, 33], [32, 38], [33, 11], [33, 21], [33, 32], [33, 39], [34, 10], [34, 28], [35, 29], [35, 38], [36, 14], [36, 30], [37, 15], [37, 31], [38, 20], [38, 32], [38, 35], [39, 11], [39, 12], [39, 21], [39, 27], [39, 33]], "target": 4, "label": {"0": "0", "1": "0", "2": "0", "3": "0", "4": "0", "5": "0", "6": "0", "7": "0", "8": "0", "9": "0", "10": "0", "11": "0", "12": "0", "13": "0", "14": "0", "15": "0", "16": "1", "17": "1", "18": "1", "19": "1", "20": "1", "21": "1", "22": "1", "23": "1", "24": "1", "25": "1", "26": "1", "27": "1", "28": "1", "29": "1", "30": "1", "31": "1", "32": "1", "33": "1", "34": "1", "35": "1", "36": "1", "37": "1", "38": "1", "39": "1"}}