{"edges": [[0, 1], [0, 2], [0, 6], [1, 0], [1, 2], [1, 6], [2, 0], [2, 1], [2, 6], [3, 4], [3, 5], [3, 10], [3, 11], [4, 3], [4, 5], [4, 8], [4, 11], [5, 3], [5, 4], [5, 8], [5, 9], [6, 0], [6, 1], [6, 2], [6, 7], [6, 10], [6, 11], [7, 6], [7, 10], [7, 11], [8, 4], [8, 5], [8, 9], [8, 10], [8, 11], [9, 5], [9, 8], [9, 11], [10, 3], [10, 6], [10, 7], [10, 8], [10, 11], [11, 3], [11, 4], [11, 6], [11, 7], [11, 8], [11, 9], [11, 10]], "target": 4, "label": {"0": "0", "1": "0", "2": "0", "3": "0", "4": "0", "5": "0", "6": "1", "7": "1", "8": "1", "9": "1", "10": "1", "11": "1"}}