{"edges": [[0, 11], [0, 16], [1, 2], [1, 5], [1, 8], [1, 10], [2, 1], [2, 4], [2, 5], [2, 10], [2, 13], [3, 11], [3, 16], [3, 21], [4, 2], [4, 5], [4, 17], [4, 19], [5, 1], [5, 2], [5, 4], [5, 14], [5, 17], [6, 7], [6, 11], [6, 20], [6, 21], [7, 6], [7, 9], [7, 20], [7, 21], [8, 1], [8, 9], [8, 10], [8, 18], [8, 19], [9, 7], [9, 8], [9, 18], [9, 19], [10, 1], [10, 2], [10, 8], [10, 13], [10, 14], [10, 17], [10, 19], [11, 0], [11, 3], [11, 6], [11, 12], [11, 15], [11, 16], [12, 11], [12, 15], [12, 16], [13, 2], [13, 10], [13, 14], [13, 17], [14, 5], [14, 10], [14, 13], [14, 17], [15, 11], [15, 12], [15, 16], [16, 0], [16, 3], [16, 11], [16, 12], [16, 15], [17, 4], [17, 5], [17, 10], [17, 13], [17, 14], [17, 19], [18, 8], [18, 9], [18, 19], [18, 20], [19, 4], [19, 8], [19, 9], [19, 10], [19, 17], [19, 18], [20, 6], [20, 7], [20, 18], [20, 21], [21, 3], [21, 6], [21, 7], [21, 20]], "target": 4, "label": {"0": "0", "1": "0", "2": "0", "3": "0", "4": "0", "5": "0", "6": "1", "7": "1", "8": "1", "9": "1", "10": "1", "11": "1", "12": "1", "13": "1", "14": "1", "15": "1", "16": "1", "17": "1", "18": "1", "19": "1", "20": "1", "21": "1"}}