{"edges": [[0, 1], [0, 2], [0, 3], [1, 0], [1, 2], [1, 3], [1, 16], [1, 17], [2, 0], [2, 1], [2, 3], [2, 4], [2, 5], [2, 24], [3, 0], [3, 1], [3, 2], [3, 4], [3, 5], [4, 2], [4, 3], [4, 5], [4, 26], [5, 2], [5, 3], [5, 4], [5, 6], [5, 18], [5, 25], [6, 5], [6, 7], [6, 19], [6, 23], [7, 6], [7, 8], [7, 9], [7, 21], [7, 27], [8, 7], [8, 9], [8, 10], [8, 20], [8, 29], [9, 7], [9, 8], [9, 10], [9, 11], [9, 31], [9, 32], [10, 8], [10, 9], [10, 11], [10, 12], [10, 30], [10, 31], [11, 9], [11, 10], [11, 12], [11, 13], [11, 14], [11, 33], [11, 34], [12, 10], [12, 11], [12, 13], [12, 14], [12, 35], [12, 36], [13, 11], [13, 12], [13, 14], [13, 36], [13, 37], [14, 11], [14, 12], [14, 13], [14, 37], [14, 39], [15, 16], [15, 17], [15, 24], [16, 1], [16, 15], [16, 17], [16, 24], [17, 1], [17, 15], [17, 16], [17, 24], [17, 26], [18, 5], [18, 19], [18, 25], [18, 26], [19, 6], [19, 18], [19, 22], [19, 23], [20, 8], [20, 27], [20, 28], [20, 29], [20, 32], [21, 7], [21, 22], [21, 23], [21, 27], [21, 28], [22, 19], [22, 21], [22, 23], [22, 27], [23, 6], [23, 19], [23, 21], [23, 22], [24, 2], [24, 15], [24, 16], [24, 17], [24, 25], [24, 26], [25, 5], [25, 18], [25, 24], [25, 26], [26, 4], [26, 17], [26, 18], [26, 24], [26, 25], [27, 7], [27, 20], [27, 21], [27, 22], [27, 28], [28, 20], [28, 21], [28, 27], [28, 29], [29, 8], [29, 20], [29, 28], [29, 32], [30, 10], [30, 31], [30, 33], [30, 34], [30, 35], [31, 9], [31, 10], [31, 30], [31, 32], [31, 33], [32, 9], [32, 20], [32, 29], [32, 31], [33, 11], [33, 30], [33, 31], [33, 34], [33, 35], [34, 11], [34, 30], [34, 33], [34, 35], [35, 12], [35, 30], [35, 33], [35, 34], [35, 36], [36, 12], [36, 13], [36, 35], [36, 37], [36, 38], [36, 39], [37, 13], [37, 14], [37, 36], [37, 38], [37, 39], [38, 36], [38, 37], [38, 39], [39, 14], [39, 36], [39, 37], [39, 38]], "target": 5, "label": {"0": "0", "1": "0", "2": "0", "3": "0", "4": "0", "5": "0", "6": "0", "7": "0", "8": "0", "9": "0", "10": "0", "11": "0", "12": "0", "13": "0", "14": "0", "15": "1", "16": "1", "17": "1", "18": "1", "19": "1", "20": "1", "21": "1", "22": "1", "23": "1", "24": "1", "25": "1", "26": "1", "27": "1", "28": "1", "29": "1", "30": "1", "31": "1", "32": "1", "33": "1", "34": "1", "35": "1", "36": "1", "37": "1", "38": "1", "39": "1"}}