{"edges": [[0, 1], [0, 6], [0, 7], [0, 14], [1, 0], [1, 6], [1, 7], [1, 11], [1, 12], [1, 13], [1, 14], [2, 3], [2, 4], [2, 8], [2, 9], [2, 10], [2, 16], [3, 2], [3, 4], [3, 8], [3, 16], [4, 2], [4, 3], [4, 5], [4, 16], [5, 4], [5, 8], [5, 16], [6, 0], [6, 1], [6, 7], [6, 13], [7, 0], [7, 1], [7, 6], [7, 13], [8, 2], [8, 3], [8, 5], [8, 9], [8, 10], [9, 2], [9, 8], [9, 10], [9, 11], [10, 2], [10, 8], [10, 9], [11, 1], [11, 9], [11, 12], [11, 14], [11, 15], [12, 1], [12, 11], [12, 14], [12, 15], [13, 1], [13, 6], [13, 7], [14, 0], [14, 1], [14, 11], [14, 12], [14, 15], [15, 11], [15, 12], [15, 14], [16, 2], [16, 3], [16, 4], [16, 5]], "target": 4, "label": {"0": "0", "1": "0", "2": "0", "3": "0", "4": "0", "5": "1", "6": "1", "7": "1", "8": "1", "9": "1", "10": "1", "11": "1", "12": "1", "13": "2", "14": "2", "15": "2", "16": "2"}}