{"edges": [[0, 1], [0, 7], [0, 13], [1, 0], [1, 2], [1, 7], [1, 10], [2, 1], [2, 3], [2, 9], [2, 10], [3, 2], [3, 4], [3, 5], [3, 6], [3, 9], [4, 3], [4, 5], [4, 6], [5, 3], [5, 4], [5, 6], [6, 3], [6, 4], [6, 5], [7, 0], [7, 1], [7, 10], [7, 12], [7, 13], [8, 11], [8, 12], [8, 13], [9, 2], [9, 3], [9, 10], [10, 1], [10, 2], [10, 7], [10, 9], [11, 8], [11, 12], [11, 13], [12, 7], [12, 8], [12, 11], [12, 13], [13, 0], [13, 7], [13, 8], [13, 11], [13, 12]], "target": 4, "label": {"0": "0", "1": "0", "2": "0", "3": "0", "4": "0", "5": "0", "6": "0", "7": "1", "8": "1", "9": "1", "10": "1", "11": "1", "12": "1", "13": "1"}}