{"edges": [[0, 1], [0, 15], [0, 16], [1, 0], [1, 15], [1, 16], [1, 17], [2, 3], [2, 17], [2, 18], [3, 2], [3, 4], [3, 18], [4, 3], [4, 5], [4, 18], [4, 19], [5, 4], [5, 6], [5, 19], [6, 5], [6, 7], [6, 19], [7, 6], [7, 8], [7, 20], [8, 7], [8, 9], [8, 20], [9, 8], [9, 10], [9, 20], [10, 9], [10, 11], [10, 21], [11, 10], [11, 12], [11, 13], [11, 14], [11, 21], [12, 11], [12, 13], [12, 14], [13, 11], [13, 12], [13, 14], [14, 11], [14, 12], [14, 13], [14, 21], [15, 0], [15, 1], [15, 16], [16, 0], [16, 1], [16, 15], [16, 17], [17, 1], [17, 2], [17, 16], [18, 2], [18, 3], [18, 4], [19, 4], [19, 5], [19, 6], [20, 7], [20, 8], [20, 9], [21, 10], [21, 11], [21, 14]], "target": 4, "label": {"0": "0", "1": "0", "2": "0", "3": "0", "4": "0", "5": "0", "6": "0", "7": "0", "8": "0", "9": "0", "10": "0", "11": "0", "12": "0", "13": "0", "14": "1", "15": "1", "16": "1", "17": "1", "18": "1", "19": "1", "20": "1", "21": "1"}}