{"edges": [[0, 1], [0, 2], [0, 29], [1, 0], [1, 2], [1, 3], [1, 30], [1, 31], [2, 0], [2, 1], [2, 3], [2, 4], [2, 31], [2, 32], [3, 1], [3, 2], [3, 4], [3, 5], [3, 32], [4, 2], [4, 3], [4, 5], [4, 32], [4, 33], [5, 3], [5, 4], [5, 6], [5, 7], [5, 33], [6, 5], [6, 7], [6, 8], [7, 5], [7, 6], [7, 8], [7, 9], [7, 34], [8, 6], [8, 7], [8, 9], [8, 10], [8, 34], [9, 7], [9, 8], [9, 10], [10, 8], [10, 9], [10, 11], [10, 12], [10, 13], [10, 28], [10, 35], [11, 10], [11, 12], [11, 13], [11, 28], [11, 35], [12, 10], [12, 11], [12, 13], [12, 28], [13, 10], [13, 11], [13, 12], [14, 15], [14, 36], [14, 37], [15, 14], [15, 16], [15, 17], [15, 36], [15, 37], [16, 15], [16, 17], [16, 18], [16, 39], [17, 15], [17, 16], [17, 18], [17, 19], [17, 39], [18, 16], [18, 17], [18, 19], [18, 20], [18, 40], [19, 17], [19, 18], [19, 20], [19, 40], [20, 18], [20, 19], [20, 21], [20, 22], [21, 20], [21, 22], [21, 23], [21, 41], [22, 20], [22, 21], [22, 23], [22, 24], [22, 41], [23, 21], [23, 22], [23, 24], [24, 22], [24, 23], [24, 25], [24, 26], [24, 27], [24, 42], [25, 24], [25, 26], [25, 27], [25, 38], [25, 42], [26, 24], [26, 25], [26, 27], [26, 38], [26, 42], [27, 24], [27, 25], [27, 26], [28, 10], [28, 11], [28, 12], [28, 34], [28, 35], [29, 0], [29, 30], [29, 31], [30, 1], [30, 29], [30, 31], [30, 32], [31, 1], [31, 2], [31, 29], [31, 30], [31, 32], [32, 2], [32, 3], [32, 4], [32, 30], [32, 31], [32, 33], [33, 4], [33, 5], [33, 32], [33, 34], [34, 7], [34, 8], [34, 28], [34, 33], [34, 35], [35, 10], [35, 11], [35, 28], [35, 34], [36, 14], [36, 15], [36, 37], [36, 39], [37, 14], [37, 15], [37, 36], [38, 25], [38, 26], [38, 42], [39, 16], [39, 17], [39, 36], [39, 40], [40, 18], [40, 19], [40, 39], [40, 41], [41, 21], [41, 22], [41, 40], [41, 42], [42, 24], [42, 25], [42, 26], [42, 38], [42, 41]], "target": 4, "label": {"0": "0", "1": "0", "2": "0", "3": "0", "4": "0", "5": "0", "6": "0", "7": "0", "8": "0", "9": "0", "10": "0", "11": "0", "12": "0", "13": "0", "14": "0", "15": "0", "16": "0", "17": "0", "18": "0", "19": "0", "20": "0", "21": "0", "22": "0", "23": "0", "24": "0", "25": "0", "26": "0", "27": "0", "28": "1", "29": "1", "30": "1", "31": "1", "32": "1", "33": "1", "34": "1", "35": "1", "36": "1", "37": "1", "38": "1", "39": "1", "40": "1", "41": "1", "42": "1"}}