{"edges": [[0, 28], [0, 35], [0, 36], [1, 13], [1, 29], [1, 30], [1, 36], [1, 37], [2, 3], [2, 16], [2, 30], [2, 31], [2, 38], [3, 2], [3, 4], [3, 15], [3, 17], [3, 31], [4, 3], [4, 16], [4, 32], [5, 6], [5, 19], [5, 32], [6, 5], [6, 7], [6, 18], [6, 20], [7, 6], [7, 9], [7, 21], [7, 33], [7, 40], [8, 9], [8, 20], [8, 22], [8, 33], [8, 40], [9, 7], [9, 8], [9, 21], [9, 34], [10, 11], [10, 12], [10, 27], [10, 34], [10, 41], [11, 10], [11, 12], [11, 26], [11, 27], [12, 10], [12, 11], [12, 27], [13, 1], [13, 14], [13, 35], [13, 36], [14, 13], [14, 29], [14, 36], [14, 37], [15, 3], [15, 16], [15, 31], [15, 37], [15, 38], [16, 2], [16, 4], [16, 15], [16, 17], [16, 38], [17, 3], [17, 16], [17, 39], [18, 6], [18, 19], [18, 39], [19, 5], [19, 18], [19, 20], [20, 6], [20, 8], [20, 19], [20, 40], [21, 7], [21, 9], [21, 22], [21, 40], [22, 8], [22, 21], [22, 23], [23, 22], [23, 24], [23, 41], [24, 23], [24, 25], [24, 26], [24, 41], [25, 24], [25, 26], [26, 11], [26, 24], [26, 25], [27, 10], [27, 11], [27, 12], [27, 34], [27, 41], [28, 0], [28, 29], [28, 35], [28, 36], [29, 1], [29, 14], [29, 28], [29, 30], [29, 37], [30, 1], [30, 2], [30, 29], [31, 2], [31, 3], [31, 15], [31, 32], [31, 39], [32, 4], [32, 5], [32, 31], [32, 38], [33, 7], [33, 8], [34, 9], [34, 10], [34, 27], [34, 41], [35, 0], [35, 13], [35, 28], [35, 36], [36, 0], [36, 1], [36, 13], [36, 14], [36, 28], [36, 35], [37, 1], [37, 14], [37, 15], [37, 29], [38, 2], [38, 15], [38, 16], [38, 32], [38, 39], [39, 17], [39, 18], [39, 31], [39, 38], [40, 7], [40, 8], [40, 20], [40, 21], [41, 10], [41, 23], [41, 24], [41, 27], [41, 34]], "target": 4, "label": {"0": "0", "1": "0", "2": "0", "3": "0", "4": "0", "5": "0", "6": "0", "7": "0", "8": "0", "9": "0", "10": "0", "11": "0", "12": "0", "13": "0", "14": "0", "15": "0", "16": "0", "17": "0", "18": "0", "19": "0", "20": "0", "21": "0", "22": "0", "23": "0", "24": "0", "25": "0", "26": "0", "27": "1", "28": "1", "29": "1", "30": "1", "31": "1", "32": "1", "33": "1", "34": "1", "35": "1", "36": "1", "37": "1", "38": "1", "39": "1", "40": "1", "41": "1"}}