{"edges": [[0, 1], [0, 2], [0, 15], [0, 23], [1, 0], [1, 2], [1, 16], [2, 0], [2, 1], [2, 16], [2, 17], [3, 4], [3, 5], [3, 17], [3, 18], [4, 3], [4, 5], [4, 18], [5, 3], [5, 4], [5, 18], [5, 19], [6, 7], [6, 8], [6, 19], [7, 6], [7, 8], [7, 19], [8, 6], [8, 7], [8, 9], [8, 20], [9, 8], [9, 10], [9, 20], [10, 9], [10, 11], [10, 20], [11, 10], [11, 12], [11, 21], [12, 11], [12, 13], [12, 14], [12, 21], [12, 22], [13, 12], [13, 14], [13, 22], [14, 12], [14, 13], [15, 0], [15, 16], [15, 23], [16, 1], [16, 2], [16, 15], [16, 17], [16, 23], [17, 2], [17, 3], [17, 16], [17, 18], [18, 3], [18, 4], [18, 5], [18, 17], [19, 5], [19, 6], [19, 7], [20, 8], [20, 9], [20, 10], [21, 11], [21, 12], [21, 22], [22, 12], [22, 13], [22, 21], [23, 0], [23, 15], [23, 16]], "target": 4, "label": {"0": "0", "1": "0", "2": "0", "3": "0", "4": "0", "5": "0", "6": "0", "7": "0", "8": "0", "9": "0", "10": "0", "11": "0", "12": "0", "13": "0", "14": "0", "15": "1", "16": "1", "17": "1", "18": "1", "19": "1", "20": "1", "21": "1", "22": "1", "23": "1"}}