{"edges": [[0, 2], [0, 30], [0, 38], [1, 2], [1, 17], [1, 31], [1, 40], [2, 0], [2, 1], [2, 16], [2, 32], [3, 19], [3, 32], [3, 33], [4, 5], [4, 18], [4, 20], [4, 33], [4, 42], [5, 4], [5, 19], [5, 33], [5, 34], [5, 42], [5, 43], [6, 7], [6, 34], [6, 43], [7, 6], [7, 8], [7, 34], [8, 7], [8, 35], [8, 44], [9, 10], [9, 35], [9, 44], [10, 9], [10, 11], [10, 35], [11, 10], [11, 12], [11, 36], [11, 45], [12, 11], [12, 13], [12, 14], [12, 36], [12, 37], [13, 12], [13, 14], [13, 37], [13, 46], [14, 12], [14, 13], [14, 37], [15, 16], [15, 30], [15, 38], [15, 40], [15, 47], [16, 2], [16, 15], [16, 17], [16, 31], [16, 40], [17, 1], [17, 16], [17, 41], [18, 4], [18, 19], [18, 41], [18, 42], [19, 3], [19, 5], [19, 18], [19, 20], [19, 42], [20, 4], [20, 19], [20, 43], [21, 22], [21, 34], [21, 43], [22, 21], [22, 23], [22, 24], [23, 22], [23, 24], [23, 25], [23, 35], [23, 44], [24, 22], [24, 23], [24, 25], [24, 35], [24, 44], [25, 23], [25, 24], [25, 26], [26, 25], [26, 27], [26, 28], [26, 45], [27, 26], [27, 28], [27, 29], [27, 45], [27, 46], [28, 26], [28, 27], [28, 29], [28, 37], [28, 46], [29, 27], [29, 28], [30, 0], [30, 15], [30, 38], [30, 39], [30, 47], [31, 1], [31, 16], [31, 32], [31, 38], [31, 41], [32, 2], [32, 3], [32, 31], [32, 40], [33, 3], [33, 4], [33, 5], [34, 5], [34, 6], [34, 7], [34, 21], [35, 8], [35, 9], [35, 10], [35, 23], [35, 24], [36, 11], [36, 12], [36, 37], [36, 46], [37, 12], [37, 13], [37, 14], [37, 28], [37, 36], [37, 45], [37, 46], [38, 0], [38, 15], [38, 30], [38, 31], [38, 39], [38, 47], [39, 30], [39, 38], [39, 47], [40, 1], [40, 15], [40, 16], [40, 32], [40, 41], [41, 17], [41, 18], [41, 31], [41, 40], [42, 4], [42, 5], [42, 18], [42, 19], [43, 5], [43, 6], [43, 20], [43, 21], [44, 8], [44, 9], [44, 23], [44, 24], [45, 11], [45, 26], [45, 27], [45, 37], [45, 46], [46, 13], [46, 27], [46, 28], [46, 36], [46, 37], [46, 45], [47, 15], [47, 30], [47, 38], [47, 39]], "target": 4, "label": {"0": "0", "1": "0", "2": "0", "3": "0", "4": "0", "5": "0", "6": "0", "7": "0", "8": "0", "9": "0", "10": "0", "11": "0", "12": "0", "13": "0", "14": "0", "15": "0", "16": "0", "17": "0", "18": "0", "19": "0", "20": "0", "21": "0", "22": "0", "23": "0", "24": "0", "25": "0", "26": "0", "27": "0", "28": "0", "29": "0", "30": "1", "31": "1", "32": "1", "33": "1", "34": "1", "35": "1", "36": "1", "37": "1", "38": "1", "39": "1", "40": "1", "41": "1", "42": "1", "43": "1", "44": "1", "45": "1", "46": "1", "47": "1"}}