{"edges": [[0, 1], [0, 2], [1, 0], [1, 2], [1, 16], [1, 29], [2, 0], [2, 1], [2, 15], [2, 30], [3, 4], [3, 18], [3, 30], [3, 31], [4, 3], [4, 5], [4, 17], [4, 19], [4, 31], [5, 4], [5, 6], [5, 7], [5, 18], [5, 32], [6, 5], [6, 7], [6, 21], [6, 32], [7, 5], [7, 6], [7, 9], [7, 20], [7, 33], [8, 9], [8, 33], [8, 42], [9, 7], [9, 8], [9, 10], [9, 11], [10, 9], [10, 11], [10, 12], [10, 34], [11, 9], [11, 10], [11, 12], [11, 13], [11, 34], [11, 35], [12, 10], [12, 11], [12, 13], [12, 35], [13, 11], [13, 12], [13, 35], [14, 15], [14, 16], [14, 37], [14, 38], [15, 2], [15, 14], [15, 16], [15, 38], [16, 1], [16, 14], [16, 15], [16, 39], [17, 4], [17, 18], [17, 39], [17, 40], [18, 3], [18, 5], [18, 17], [18, 19], [18, 40], [19, 4], [19, 18], [19, 20], [19, 21], [19, 41], [20, 7], [20, 19], [20, 21], [20, 41], [21, 6], [21, 19], [21, 20], [21, 23], [21, 42], [22, 23], [22, 33], [22, 42], [23, 21], [23, 22], [23, 24], [23, 25], [24, 23], [24, 25], [24, 26], [24, 27], [24, 43], [25, 23], [25, 24], [25, 26], [25, 27], [25, 43], [25, 44], [26, 24], [26, 25], [26, 27], [26, 44], [27, 24], [27, 25], [27, 26], [28, 29], [28, 36], [28, 45], [29, 1], [29, 28], [29, 30], [29, 39], [30, 2], [30, 3], [30, 29], [30, 31], [30, 38], [30, 40], [31, 3], [31, 4], [31, 30], [31, 32], [31, 39], [31, 41], [32, 5], [32, 6], [32, 31], [32, 40], [33, 7], [33, 8], [33, 22], [34, 10], [34, 11], [34, 35], [34, 44], [35, 11], [35, 12], [35, 13], [35, 34], [35, 43], [36, 28], [36, 37], [36, 45], [37, 14], [37, 36], [37, 45], [38, 14], [38, 15], [38, 30], [38, 39], [39, 16], [39, 17], [39, 29], [39, 31], [39, 38], [39, 40], [40, 17], [40, 18], [40, 30], [40, 32], [40, 39], [40, 41], [41, 19], [41, 20], [41, 31], [41, 40], [42, 8], [42, 21], [42, 22], [43, 24], [43, 25], [43, 35], [43, 44], [44, 25], [44, 26], [44, 34], [44, 43], [45, 28], [45, 36], [45, 37]], "target": 4, "label": {"0": "0", "1": "0", "2": "0", "3": "0", "4": "0", "5": "0", "6": "0", "7": "0", "8": "0", "9": "0", "10": "0", "11": "0", "12": "0", "13": "0", "14": "0", "15": "0", "16": "0", "17": "0", "18": "0", "19": "0", "20": "0", "21": "0", "22": "0", "23": "0", "24": "0", "25": "0", "26": "0", "27": "0", "28": "1", "29": "1", "30": "1", "31": "1", "32": "1", "33": "1", "34": "1", "35": "1", "36": "1", "37": "1", "38": "1", "39": "1", "40": "1", "41": "1", "42": "1", "43": "1", "44": "1", "45": "1"}}