{"edges": [[0, 16], [0, 17], [0, 24], [1, 2], [1, 17], [1, 18], [2, 1], [2, 17], [2, 18], [3, 4], [3, 18], [3, 19], [4, 3], [4, 5], [4, 19], [4, 20], [5, 4], [5, 19], [5, 20], [6, 7], [6, 8], [6, 20], [7, 6], [7, 8], [7, 9], [8, 6], [8, 7], [8, 9], [8, 10], [8, 21], [9, 7], [9, 8], [9, 11], [9, 21], [10, 8], [10, 11], [10, 21], [11, 9], [11, 10], [11, 12], [12, 11], [12, 13], [12, 22], [13, 12], [13, 14], [13, 15], [13, 22], [13, 23], [14, 13], [14, 15], [14, 22], [14, 23], [15, 13], [15, 14], [16, 0], [16, 17], [16, 24], [17, 0], [17, 1], [17, 2], [17, 16], [17, 18], [17, 24], [18, 1], [18, 2], [18, 3], [18, 17], [19, 3], [19, 4], [19, 5], [20, 4], [20, 5], [20, 6], [21, 8], [21, 9], [21, 10], [22, 12], [22, 13], [22, 14], [22, 23], [23, 13], [23, 14], [23, 22], [24, 0], [24, 16], [24, 17]], "target": 4, "label": {"0": "0", "1": "0", "2": "0", "3": "0", "4": "0", "5": "0", "6": "0", "7": "0", "8": "0", "9": "0", "10": "0", "11": "0", "12": "0", "13": "0", "14": "0", "15": "0", "16": "1", "17": "1", "18": "1", "19": "1", "20": "1", "21": "1", "22": "1", "23": "1", "24": "1"}}