{"edges": [[0, 1], [0, 12], [1, 0], [1, 13], [2, 3], [2, 14], [3, 2], [3, 4], [3, 13], [3, 15], [4, 3], [4, 5], [4, 14], [4, 25], [4, 26], [4, 33], [4, 34], [5, 4], [5, 6], [5, 17], [6, 5], [6, 7], [6, 26], [7, 6], [7, 8], [7, 9], [8, 7], [8, 9], [8, 10], [8, 28], [9, 7], [9, 8], [9, 10], [10, 8], [10, 9], [10, 29], [11, 12], [11, 22], [12, 0], [12, 11], [12, 13], [13, 1], [13, 3], [13, 12], [13, 14], [14, 2], [14, 4], [14, 13], [14, 15], [14, 25], [14, 33], [15, 3], [15, 14], [16, 17], [16, 26], [16, 34], [17, 5], [17, 16], [17, 26], [17, 27], [17, 34], [17, 35], [18, 19], [18, 27], [18, 35], [19, 18], [19, 20], [19, 28], [20, 19], [20, 21], [20, 29], [21, 20], [21, 37], [22, 11], [22, 23], [22, 31], [23, 22], [23, 24], [23, 30], [23, 32], [24, 23], [24, 31], [25, 4], [25, 14], [26, 4], [26, 6], [26, 16], [26, 17], [27, 17], [27, 18], [28, 8], [28, 19], [28, 29], [28, 37], [29, 10], [29, 20], [29, 28], [29, 36], [29, 37], [30, 23], [30, 31], [31, 22], [31, 24], [31, 30], [31, 32], [32, 23], [32, 31], [33, 4], [33, 14], [34, 4], [34, 16], [34, 17], [35, 17], [35, 18], [36, 29], [36, 37], [37, 21], [37, 28], [37, 29], [37, 36]], "target": 4, "label": {"0": "0", "1": "0", "2": "0", "3": "0", "4": "0", "5": "0", "6": "0", "7": "0", "8": "0", "9": "0", "10": "0", "11": "0", "12": "0", "13": "0", "14": "0", "15": "0", "16": "0", "17": "0", "18": "0", "19": "0", "20": "0", "21": "0", "22": "1", "23": "1", "24": "1", "25": "1", "26": "1", "27": "1", "28": "1", "29": "1", "30": "1", "31": "1", "32": "1", "33": "1", "34": "1", "35": "1", "36": "1", "37": "1"}}