{"edges": [[0, 1], [0, 14], [1, 0], [1, 13], [1, 28], [1, 29], [2, 3], [2, 16], [2, 29], [2, 30], [3, 2], [3, 4], [3, 15], [3, 17], [3, 30], [4, 3], [4, 16], [4, 30], [4, 31], [4, 37], [4, 38], [5, 6], [5, 7], [5, 31], [6, 5], [6, 7], [6, 31], [6, 38], [7, 5], [7, 6], [7, 32], [7, 39], [8, 9], [8, 20], [8, 32], [8, 39], [9, 8], [9, 10], [9, 40], [10, 9], [10, 11], [10, 12], [10, 26], [10, 33], [10, 40], [11, 10], [11, 12], [11, 25], [11, 26], [12, 10], [12, 11], [12, 24], [13, 1], [13, 14], [13, 34], [13, 35], [14, 0], [14, 13], [14, 35], [14, 36], [15, 3], [15, 16], [15, 36], [15, 37], [16, 2], [16, 4], [16, 15], [16, 17], [16, 37], [17, 3], [17, 16], [17, 18], [17, 19], [17, 38], [18, 17], [18, 19], [18, 38], [19, 17], [19, 18], [19, 20], [19, 21], [19, 39], [20, 8], [20, 19], [20, 21], [20, 22], [20, 39], [21, 19], [21, 20], [21, 22], [22, 20], [22, 21], [22, 23], [22, 40], [23, 22], [23, 24], [23, 25], [23, 33], [23, 40], [24, 12], [24, 23], [24, 25], [24, 33], [25, 11], [25, 23], [25, 24], [26, 10], [26, 11], [26, 33], [26, 40], [27, 28], [27, 34], [27, 35], [28, 1], [28, 27], [28, 29], [28, 34], [28, 36], [29, 1], [29, 2], [29, 28], [29, 30], [29, 35], [29, 37], [30, 2], [30, 3], [30, 4], [30, 29], [31, 4], [31, 5], [31, 6], [32, 7], [32, 8], [32, 39], [33, 10], [33, 23], [33, 24], [33, 26], [33, 40], [34, 13], [34, 27], [34, 28], [34, 35], [35, 13], [35, 14], [35, 27], [35, 29], [35, 34], [35, 36], [36, 14], [36, 15], [36, 28], [36, 35], [37, 4], [37, 15], [37, 16], [37, 29], [38, 4], [38, 6], [38, 17], [38, 18], [39, 7], [39, 8], [39, 19], [39, 20], [39, 32], [40, 9], [40, 10], [40, 22], [40, 23], [40, 26], [40, 33]], "target": 4, "label": {"0": "0", "1": "0", "2": "0", "3": "0", "4": "0", "5": "0", "6": "0", "7": "0", "8": "0", "9": "0", "10": "0", "11": "0", "12": "0", "13": "0", "14": "0", "15": "0", "16": "0", "17": "0", "18": "0", "19": "0", "20": "0", "21": "0", "22": "0", "23": "0", "24": "0", "25": "0", "26": "1", "27": "1", "28": "1", "29": "1", "30": "1", "31": "1", "32": "1", "33": "1", "34": "1", "35": "1", "36": "1", "37": "1", "38": "1", "39": "1", "40": "1"}}