{"edges": [[0, 1], [0, 13], [1, 0], [1, 2], [1, 12], [1, 25], [1, 26], [2, 1], [2, 3], [2, 15], [2, 26], [2, 27], [3, 2], [3, 4], [3, 14], [3, 16], [3, 27], [4, 3], [4, 5], [4, 6], [4, 15], [4, 28], [5, 4], [5, 6], [5, 18], [5, 28], [6, 4], [6, 5], [6, 7], [6, 17], [6, 29], [7, 6], [7, 8], [7, 9], [7, 29], [8, 7], [8, 9], [8, 10], [8, 11], [8, 30], [9, 7], [9, 8], [9, 10], [9, 11], [9, 30], [9, 31], [10, 8], [10, 9], [10, 11], [10, 31], [11, 8], [11, 9], [11, 10], [12, 1], [12, 13], [12, 34], [12, 41], [13, 0], [13, 12], [13, 14], [13, 34], [13, 35], [14, 3], [14, 13], [14, 15], [14, 35], [14, 36], [15, 2], [15, 4], [15, 14], [15, 16], [15, 36], [16, 3], [16, 15], [16, 17], [16, 18], [16, 37], [17, 6], [17, 16], [17, 18], [17, 37], [18, 5], [18, 16], [18, 17], [18, 19], [18, 38], [19, 18], [19, 20], [19, 21], [19, 38], [20, 19], [20, 21], [20, 22], [20, 23], [20, 39], [21, 19], [21, 20], [21, 22], [21, 23], [21, 39], [21, 40], [22, 20], [22, 21], [22, 23], [22, 40], [23, 20], [23, 21], [23, 22], [24, 32], [24, 41], [25, 1], [25, 26], [25, 32], [25, 35], [26, 1], [26, 2], [26, 25], [26, 27], [26, 34], [26, 36], [27, 2], [27, 3], [27, 26], [27, 28], [27, 35], [27, 37], [28, 4], [28, 5], [28, 27], [28, 29], [28, 36], [28, 38], [29, 6], [29, 7], [29, 28], [29, 37], [30, 8], [30, 9], [30, 31], [30, 40], [31, 9], [31, 10], [31, 30], [31, 39], [32, 24], [32, 25], [32, 33], [32, 41], [33, 32], [33, 41], [34, 12], [34, 13], [34, 26], [34, 35], [35, 13], [35, 14], [35, 25], [35, 27], [35, 34], [35, 36], [36, 14], [36, 15], [36, 26], [36, 28], [36, 35], [36, 37], [37, 16], [37, 17], [37, 27], [37, 29], [37, 36], [37, 38], [38, 18], [38, 19], [38, 28], [38, 37], [39, 20], [39, 21], [39, 31], [39, 40], [40, 21], [40, 22], [40, 30], [40, 39], [41, 12], [41, 24], [41, 32], [41, 33]], "target": 4, "label": {"0": "0", "1": "0", "2": "0", "3": "0", "4": "0", "5": "0", "6": "0", "7": "0", "8": "0", "9": "0", "10": "0", "11": "0", "12": "0", "13": "0", "14": "0", "15": "0", "16": "0", "17": "0", "18": "0", "19": "0", "20": "0", "21": "0", "22": "0", "23": "0", "24": "1", "25": "1", "26": "1", "27": "1", "28": "1", "29": "1", "30": "1", "31": "1", "32": "1", "33": "1", "34": "1", "35": "1", "36": "1", "37": "1", "38": "1", "39": "1", "40": "1", "41": "1"}}