{"edges": [[0, 1], [0, 12], [1, 0], [1, 11], [1, 23], [1, 24], [2, 3], [2, 13], [2, 14], [2, 24], [2, 25], [3, 2], [3, 4], [3, 13], [3, 15], [3, 25], [4, 3], [4, 5], [4, 6], [4, 14], [4, 26], [5, 4], [5, 6], [5, 17], [5, 26], [6, 4], [6, 5], [6, 7], [6, 16], [6, 27], [7, 6], [7, 8], [7, 9], [7, 27], [8, 7], [8, 9], [8, 10], [8, 28], [9, 7], [9, 8], [9, 10], [9, 21], [9, 28], [9, 29], [10, 8], [10, 9], [10, 21], [10, 29], [11, 1], [11, 12], [11, 31], [11, 32], [12, 0], [12, 11], [12, 13], [12, 32], [12, 33], [13, 2], [13, 3], [13, 12], [13, 14], [13, 33], [13, 34], [14, 2], [14, 4], [14, 13], [14, 15], [14, 34], [15, 3], [15, 14], [15, 16], [15, 17], [15, 35], [16, 6], [16, 15], [16, 17], [16, 35], [17, 5], [17, 15], [17, 16], [17, 18], [17, 36], [18, 17], [18, 19], [18, 20], [18, 36], [19, 18], [19, 20], [19, 28], [19, 37], [20, 18], [20, 19], [20, 21], [20, 37], [20, 38], [21, 9], [21, 10], [21, 20], [21, 38], [22, 30], [22, 39], [23, 1], [23, 24], [23, 33], [23, 39], [24, 1], [24, 2], [24, 23], [24, 25], [24, 32], [24, 34], [25, 2], [25, 3], [25, 24], [25, 26], [25, 33], [25, 35], [26, 4], [26, 5], [26, 25], [26, 27], [26, 34], [26, 36], [27, 6], [27, 7], [27, 26], [27, 35], [27, 36], [28, 8], [28, 9], [28, 19], [28, 29], [28, 38], [29, 9], [29, 10], [29, 28], [29, 37], [30, 22], [30, 31], [30, 39], [31, 11], [31, 30], [31, 39], [32, 11], [32, 12], [32, 24], [32, 33], [33, 12], [33, 13], [33, 23], [33, 25], [33, 32], [33, 34], [34, 13], [34, 14], [34, 24], [34, 26], [34, 33], [34, 35], [35, 15], [35, 16], [35, 25], [35, 27], [35, 34], [35, 36], [36, 17], [36, 18], [36, 26], [36, 27], [36, 35], [37, 19], [37, 20], [37, 29], [37, 38], [38, 20], [38, 21], [38, 28], [38, 37], [39, 22], [39, 23], [39, 30], [39, 31]], "target": 4, "label": {"0": "0", "1": "0", "2": "0", "3": "0", "4": "0", "5": "0", "6": "0", "7": "0", "8": "0", "9": "0", "10": "0", "11": "0", "12": "0", "13": "0", "14": "0", "15": "0", "16": "0", "17": "0", "18": "0", "19": "0", "20": "0", "21": "0", "22": "1", "23": "1", "24": "1", "25": "1", "26": "1", "27": "1", "28": "1", "29": "1", "30": "1", "31": "1", "32": "1", "33": "1", "34": "1", "35": "1", "36": "1", "37": "1", "38": "1", "39": "1"}}