{"edges": [[0, 1], [0, 14], [1, 0], [1, 13], [1, 27], [1, 28], [2, 3], [2, 16], [2, 28], [2, 29], [3, 2], [3, 4], [3, 15], [3, 17], [3, 29], [4, 3], [4, 5], [4, 16], [4, 30], [5, 4], [5, 6], [5, 7], [5, 19], [5, 30], [6, 5], [6, 7], [6, 18], [7, 5], [7, 6], [7, 8], [7, 9], [7, 31], [8, 7], [8, 9], [8, 10], [8, 31], [9, 7], [9, 8], [9, 10], [9, 32], [10, 8], [10, 9], [10, 11], [10, 12], [10, 32], [10, 33], [11, 10], [11, 12], [11, 25], [11, 33], [12, 10], [12, 11], [12, 24], [13, 1], [13, 14], [13, 35], [13, 36], [14, 0], [14, 13], [14, 15], [14, 36], [14, 37], [15, 3], [15, 14], [15, 16], [15, 37], [15, 38], [16, 2], [16, 4], [16, 15], [16, 17], [16, 38], [17, 3], [17, 16], [17, 18], [17, 39], [18, 6], [18, 17], [18, 19], [18, 20], [18, 39], [19, 5], [19, 18], [19, 20], [20, 18], [20, 19], [20, 21], [20, 31], [20, 40], [21, 20], [21, 22], [21, 23], [21, 40], [22, 21], [22, 23], [22, 24], [22, 41], [23, 21], [23, 22], [23, 24], [23, 25], [23, 41], [23, 42], [24, 12], [24, 22], [24, 23], [24, 25], [24, 42], [25, 11], [25, 23], [25, 24], [26, 27], [26, 34], [26, 43], [27, 1], [27, 26], [27, 28], [27, 37], [28, 1], [28, 2], [28, 27], [28, 29], [28, 36], [28, 38], [29, 2], [29, 3], [29, 28], [29, 30], [29, 37], [29, 39], [30, 4], [30, 5], [30, 29], [30, 31], [30, 38], [30, 40], [31, 7], [31, 8], [31, 20], [31, 30], [31, 40], [32, 9], [32, 10], [32, 33], [32, 42], [33, 10], [33, 11], [33, 32], [33, 41], [34, 26], [34, 35], [34, 43], [35, 13], [35, 34], [35, 43], [36, 13], [36, 14], [36, 28], [36, 37], [37, 14], [37, 15], [37, 27], [37, 29], [37, 36], [37, 38], [38, 15], [38, 16], [38, 28], [38, 30], [38, 37], [38, 39], [39, 17], [39, 18], [39, 29], [39, 38], [40, 20], [40, 21], [40, 30], [40, 31], [41, 22], [41, 23], [41, 33], [41, 42], [42, 23], [42, 24], [42, 32], [42, 41], [43, 26], [43, 34], [43, 35]], "target": 4, "label": {"0": "0", "1": "0", "2": "0", "3": "0", "4": "0", "5": "0", "6": "0", "7": "0", "8": "0", "9": "0", "10": "0", "11": "0", "12": "0", "13": "0", "14": "0", "15": "0", "16": "0", "17": "0", "18": "0", "19": "0", "20": "0", "21": "0", "22": "0", "23": "0", "24": "0", "25": "0", "26": "1", "27": "1", "28": "1", "29": "1", "30": "1", "31": "1", "32": "1", "33": "1", "34": "1", "35": "1", "36": "1", "37": "1", "38": "1", "39": "1", "40": "1", "41": "1", "42": "1", "43": "1"}}