{"edges": [[0, 1], [0, 13], [1, 0], [1, 2], [1, 12], [2, 1], [2, 3], [2, 15], [3, 2], [3, 4], [3, 14], [3, 16], [4, 3], [4, 5], [4, 6], [4, 15], [4, 17], [5, 4], [5, 6], [5, 16], [6, 4], [6, 5], [6, 7], [7, 6], [7, 8], [7, 9], [8, 7], [8, 9], [8, 10], [8, 11], [9, 7], [9, 8], [9, 10], [9, 11], [10, 8], [10, 9], [10, 11], [11, 8], [11, 9], [11, 10], [12, 1], [12, 13], [13, 0], [13, 12], [13, 14], [14, 3], [14, 13], [14, 15], [15, 2], [15, 4], [15, 14], [15, 16], [16, 3], [16, 5], [16, 15], [16, 17], [16, 18], [17, 4], [17, 16], [17, 18], [18, 16], [18, 17], [18, 19], [19, 18], [19, 20], [19, 21], [20, 19], [20, 21], [20, 22], [20, 23], [21, 19], [21, 20], [21, 22], [21, 23], [22, 20], [22, 21], [22, 23], [23, 20], [23, 21], [23, 22]], "target": 4, "label": {"0": "0", "1": "0", "2": "0", "3": "0", "4": "0", "5": "0", "6": "0", "7": "0", "8": "0", "9": "0", "10": "0", "11": "0", "12": "0", "13": "0", "14": "0", "15": "0", "16": "0", "17": "0", "18": "0", "19": "0", "20": "0", "21": "0", "22": "0", "23": "0"}}