{"edges": [[0, 1], [0, 15], [1, 0], [1, 14], [1, 30], [1, 31], [2, 3], [2, 17], [2, 31], [2, 32], [3, 2], [3, 4], [3, 16], [3, 18], [3, 32], [4, 3], [4, 5], [4, 17], [4, 33], [5, 4], [5, 6], [5, 7], [5, 33], [6, 5], [6, 7], [6, 8], [7, 5], [7, 6], [7, 8], [7, 9], [7, 34], [8, 6], [8, 7], [8, 9], [8, 10], [8, 34], [9, 7], [9, 8], [9, 10], [10, 8], [10, 9], [10, 11], [10, 35], [11, 10], [11, 12], [11, 13], [11, 28], [11, 35], [12, 11], [12, 13], [12, 27], [12, 28], [13, 11], [13, 12], [13, 26], [14, 1], [14, 15], [14, 37], [14, 38], [15, 0], [15, 14], [15, 38], [15, 39], [16, 3], [16, 17], [16, 39], [16, 40], [17, 2], [17, 4], [17, 16], [17, 18], [17, 40], [18, 3], [18, 17], [18, 19], [18, 41], [19, 18], [19, 20], [19, 41], [20, 19], [20, 21], [20, 22], [21, 20], [21, 22], [21, 23], [21, 42], [22, 20], [22, 21], [22, 23], [22, 42], [23, 21], [23, 22], [23, 24], [24, 23], [24, 25], [24, 26], [24, 43], [25, 24], [25, 26], [25, 27], [25, 36], [25, 43], [26, 13], [26, 24], [26, 25], [26, 27], [26, 36], [27, 12], [27, 25], [27, 26], [28, 11], [28, 12], [28, 35], [28, 43], [29, 30], [29, 38], [30, 1], [30, 29], [30, 31], [30, 37], [30, 39], [31, 1], [31, 2], [31, 30], [31, 32], [31, 38], [31, 40], [32, 2], [32, 3], [32, 31], [32, 33], [32, 39], [32, 41], [33, 4], [33, 5], [33, 32], [33, 34], [33, 40], [33, 42], [34, 7], [34, 8], [34, 33], [34, 41], [35, 10], [35, 11], [35, 28], [35, 36], [35, 43], [36, 25], [36, 26], [36, 35], [36, 43], [37, 14], [37, 30], [37, 38], [38, 14], [38, 15], [38, 29], [38, 31], [38, 37], [38, 39], [39, 15], [39, 16], [39, 30], [39, 32], [39, 38], [39, 40], [40, 16], [40, 17], [40, 31], [40, 33], [40, 39], [40, 41], [41, 18], [41, 19], [41, 32], [41, 34], [41, 40], [41, 42], [42, 21], [42, 22], [42, 33], [42, 41], [43, 24], [43, 25], [43, 28], [43, 35], [43, 36]], "target": 4, "label": {"0": "0", "1": "0", "2": "0", "3": "0", "4": "0", "5": "0", "6": "0", "7": "0", "8": "0", "9": "0", "10": "0", "11": "0", "12": "0", "13": "0", "14": "0", "15": "0", "16": "0", "17": "0", "18": "0", "19": "0", "20": "0", "21": "0", "22": "0", "23": "0", "24": "0", "25": "0", "26": "0", "27": "0", "28": "1", "29": "1", "30": "1", "31": "1", "32": "1", "33": "1", "34": "1", "35": "1", "36": "1", "37": "1", "38": "1", "39": "1", "40": "1", "41": "1", "42": "1", "43": "1"}}