{"edges": [[0, 1], [0, 9], [0, 17], [1, 0], [1, 2], [1, 10], [1, 11], [2, 1], [2, 3], [2, 4], [2, 11], [2, 12], [3, 2], [3, 4], [3, 5], [3, 12], [3, 13], [4, 2], [4, 3], [4, 5], [4, 12], [4, 13], [5, 3], [5, 4], [5, 6], [5, 14], [6, 5], [6, 7], [6, 14], [6, 15], [7, 6], [7, 15], [7, 16], [8, 18], [8, 19], [9, 0], [9, 10], [9, 17], [10, 1], [10, 9], [10, 11], [10, 17], [11, 1], [11, 2], [11, 10], [11, 12], [11, 13], [12, 2], [12, 3], [12, 4], [12, 11], [12, 13], [13, 3], [13, 4], [13, 11], [13, 12], [13, 14], [14, 5], [14, 6], [14, 13], [14, 15], [15, 6], [15, 7], [15, 14], [15, 16], [16, 7], [16, 15], [16, 18], [16, 19], [17, 0], [17, 9], [17, 10], [18, 8], [18, 16], [18, 19], [19, 8], [19, 16], [19, 18]], "target": 4, "label": {"0": "0", "1": "0", "2": "0", "3": "0", "4": "0", "5": "0", "6": "0", "7": "0", "8": "0", "9": "1", "10": "1", "11": "1", "12": "1", "13": "1", "14": "1", "15": "1", "16": "1", "17": "1", "18": "1", "19": "1"}}