{"edges": [[0, 20], [0, 28], [1, 2], [1, 12], [1, 21], [1, 22], [2, 1], [2, 3], [2, 11], [2, 22], [2, 23], [3, 2], [3, 4], [3, 23], [3, 24], [4, 3], [4, 5], [4, 6], [4, 24], [4, 25], [5, 4], [5, 6], [5, 7], [5, 25], [6, 4], [6, 5], [6, 7], [6, 26], [7, 5], [7, 6], [7, 8], [7, 26], [7, 27], [8, 7], [8, 9], [8, 19], [8, 27], [8, 29], [9, 8], [9, 19], [9, 30], [10, 20], [10, 28], [10, 32], [10, 39], [11, 2], [11, 12], [11, 32], [11, 33], [12, 1], [12, 11], [12, 13], [12, 33], [12, 34], [13, 12], [13, 14], [13, 34], [13, 35], [14, 13], [14, 15], [14, 16], [14, 35], [14, 36], [15, 14], [15, 16], [15, 17], [15, 26], [15, 36], [16, 14], [16, 15], [16, 17], [16, 37], [17, 15], [17, 16], [17, 18], [17, 26], [17, 37], [17, 38], [18, 17], [18, 19], [18, 27], [18, 38], [18, 40], [19, 8], [19, 9], [19, 18], [19, 29], [19, 41], [20, 0], [20, 10], [20, 21], [20, 28], [20, 32], [20, 39], [21, 1], [21, 20], [21, 28], [22, 1], [22, 2], [22, 23], [22, 34], [23, 2], [23, 3], [23, 22], [23, 24], [23, 33], [23, 35], [24, 3], [24, 4], [24, 23], [24, 25], [24, 34], [24, 36], [25, 4], [25, 5], [25, 24], [25, 35], [26, 6], [26, 7], [26, 15], [26, 17], [26, 27], [27, 7], [27, 8], [27, 18], [27, 26], [27, 29], [27, 37], [27, 40], [28, 0], [28, 10], [28, 20], [28, 21], [28, 31], [28, 32], [29, 8], [29, 19], [29, 27], [29, 30], [29, 38], [29, 41], [30, 9], [30, 29], [30, 40], [30, 41], [31, 28], [31, 39], [32, 10], [32, 11], [32, 20], [32, 28], [33, 11], [33, 12], [33, 23], [33, 34], [34, 12], [34, 13], [34, 22], [34, 24], [34, 33], [34, 35], [35, 13], [35, 14], [35, 23], [35, 25], [35, 34], [35, 36], [36, 14], [36, 15], [36, 24], [36, 35], [37, 16], [37, 17], [37, 27], [38, 17], [38, 18], [38, 29], [38, 40], [39, 10], [39, 20], [39, 31], [40, 18], [40, 27], [40, 30], [40, 38], [40, 41], [41, 19], [41, 29], [41, 30], [41, 40]], "target": 4, "label": {"0": "0", "1": "0", "2": "0", "3": "0", "4": "0", "5": "0", "6": "0", "7": "0", "8": "0", "9": "0", "10": "0", "11": "0", "12": "0", "13": "0", "14": "0", "15": "0", "16": "0", "17": "0", "18": "0", "19": "0", "20": "1", "21": "1", "22": "1", "23": "1", "24": "1", "25": "1", "26": "1", "27": "1", "28": "1", "29": "1", "30": "1", "31": "1", "32": "1", "33": "1", "34": "1", "35": "1", "36": "1", "37": "1", "38": "1", "39": "1", "40": "1", "41": "1"}}