{"edges": [[0, 1], [0, 2], [0, 21], [1, 0], [1, 2], [1, 21], [2, 0], [2, 1], [2, 3], [2, 4], [2, 21], [2, 22], [3, 2], [3, 4], [3, 22], [4, 2], [4, 3], [4, 22], [4, 23], [5, 6], [5, 23], [5, 24], [6, 5], [6, 7], [6, 23], [6, 24], [7, 6], [7, 8], [7, 24], [8, 7], [8, 9], [8, 10], [8, 25], [9, 8], [9, 10], [9, 11], [9, 25], [10, 8], [10, 9], [10, 11], [10, 25], [10, 26], [11, 9], [11, 10], [11, 25], [11, 26], [12, 13], [12, 20], [12, 26], [13, 12], [13, 14], [13, 20], [14, 13], [14, 15], [14, 17], [15, 14], [15, 16], [15, 17], [15, 19], [16, 15], [16, 17], [16, 18], [17, 14], [17, 15], [17, 16], [17, 18], [17, 19], [18, 16], [18, 17], [18, 19], [19, 15], [19, 17], [19, 18], [20, 12], [20, 13], [20, 26], [21, 0], [21, 1], [21, 2], [22, 2], [22, 3], [22, 4], [23, 4], [23, 5], [23, 6], [24, 5], [24, 6], [24, 7], [25, 8], [25, 9], [25, 10], [25, 11], [25, 26], [26, 10], [26, 11], [26, 12], [26, 20], [26, 25]], "target": 4, "label": {"0": "0", "1": "0", "2": "0", "3": "0", "4": "0", "5": "0", "6": "0", "7": "0", "8": "0", "9": "0", "10": "0", "11": "0", "12": "0", "13": "0", "14": "0", "15": "0", "16": "0", "17": "0", "18": "0", "19": "0", "20": "1", "21": "1", "22": "1", "23": "1", "24": "1", "25": "1", "26": "1"}}