{"edges": [[0, 1], [0, 26], [0, 27], [1, 0], [1, 2], [1, 3], [1, 26], [1, 27], [2, 1], [2, 3], [2, 4], [3, 1], [3, 2], [3, 4], [3, 5], [3, 6], [3, 28], [4, 2], [4, 3], [4, 5], [4, 6], [4, 28], [5, 3], [5, 4], [5, 6], [6, 3], [6, 4], [6, 5], [6, 29], [7, 8], [7, 9], [7, 10], [7, 30], [7, 32], [8, 7], [8, 9], [8, 10], [8, 30], [8, 33], [9, 7], [9, 8], [9, 10], [9, 11], [9, 33], [10, 7], [10, 8], [10, 9], [10, 34], [11, 9], [11, 12], [11, 13], [11, 34], [12, 11], [12, 13], [12, 14], [13, 11], [13, 12], [13, 14], [13, 15], [14, 12], [14, 13], [14, 15], [14, 16], [15, 13], [15, 14], [15, 16], [16, 14], [16, 15], [16, 17], [17, 16], [17, 18], [17, 19], [18, 17], [18, 19], [18, 20], [19, 17], [19, 18], [19, 20], [19, 21], [20, 18], [20, 19], [20, 21], [21, 19], [21, 20], [21, 22], [22, 21], [22, 23], [22, 24], [22, 25], [23, 22], [23, 24], [23, 25], [24, 22], [24, 23], [24, 25], [25, 22], [25, 23], [25, 24], [26, 0], [26, 1], [26, 27], [27, 0], [27, 1], [27, 26], [28, 3], [28, 4], [28, 29], [28, 31], [28, 32], [29, 6], [29, 28], [29, 30], [29, 31], [29, 32], [30, 7], [30, 8], [30, 29], [30, 31], [30, 32], [30, 33], [30, 34], [31, 28], [31, 29], [31, 30], [31, 32], [32, 7], [32, 28], [32, 29], [32, 30], [32, 31], [32, 33], [33, 8], [33, 9], [33, 30], [33, 32], [33, 34], [34, 10], [34, 11], [34, 30], [34, 33]], "target": 5, "label": {"0": "0", "1": "0", "2": "0", "3": "0", "4": "0", "5": "0", "6": "0", "7": "0", "8": "0", "9": "0", "10": "0", "11": "0", "12": "0", "13": "0", "14": "0", "15": "0", "16": "0", "17": "0", "18": "0", "19": "0", "20": "0", "21": "0", "22": "0", "23": "0", "24": "0", "25": "0", "26": "1", "27": "1", "28": "1", "29": "1", "30": "1", "31": "1", "32": "1", "33": "1", "34": "1"}}