{"edges": [[0, 1], [0, 2], [0, 16], [1, 0], [1, 2], [1, 3], [1, 31], [2, 0], [2, 1], [2, 3], [2, 32], [3, 1], [3, 2], [3, 4], [3, 32], [4, 3], [4, 5], [4, 33], [5, 4], [5, 6], [5, 33], [5, 34], [6, 5], [6, 7], [6, 22], [6, 34], [6, 35], [7, 6], [7, 8], [7, 21], [7, 23], [7, 35], [8, 7], [8, 9], [8, 22], [8, 36], [9, 8], [9, 10], [9, 36], [9, 37], [10, 9], [10, 11], [10, 12], [10, 37], [11, 10], [11, 12], [11, 13], [12, 10], [12, 11], [12, 13], [12, 14], [13, 11], [13, 12], [13, 14], [14, 12], [14, 13], [14, 29], [15, 16], [15, 17], [15, 31], [15, 39], [15, 40], [16, 0], [16, 15], [16, 17], [16, 18], [16, 40], [17, 15], [17, 16], [17, 18], [17, 41], [18, 16], [18, 17], [18, 19], [18, 41], [19, 18], [19, 20], [19, 42], [20, 19], [20, 21], [20, 42], [20, 43], [21, 7], [21, 20], [21, 22], [21, 43], [21, 44], [22, 6], [22, 8], [22, 21], [22, 23], [22, 44], [23, 7], [23, 22], [23, 45], [24, 25], [24, 37], [24, 45], [24, 46], [25, 24], [25, 26], [25, 37], [25, 46], [26, 25], [26, 27], [26, 28], [26, 29], [27, 26], [27, 28], [27, 29], [28, 26], [28, 27], [28, 29], [29, 14], [29, 26], [29, 27], [29, 28], [30, 38], [30, 47], [31, 1], [31, 15], [31, 32], [31, 38], [31, 41], [32, 2], [32, 3], [32, 31], [32, 40], [33, 4], [33, 5], [33, 34], [33, 43], [34, 5], [34, 6], [34, 33], [34, 35], [34, 42], [34, 44], [35, 6], [35, 7], [35, 34], [35, 36], [35, 43], [35, 45], [36, 8], [36, 9], [36, 35], [36, 44], [37, 9], [37, 10], [37, 24], [37, 25], [38, 30], [38, 31], [38, 39], [38, 47], [39, 15], [39, 38], [39, 47], [40, 15], [40, 16], [40, 32], [40, 41], [41, 17], [41, 18], [41, 31], [41, 40], [42, 19], [42, 20], [42, 34], [42, 43], [43, 20], [43, 21], [43, 33], [43, 35], [43, 42], [43, 44], [44, 21], [44, 22], [44, 34], [44, 36], [44, 43], [44, 45], [45, 23], [45, 24], [45, 35], [45, 44], [46, 24], [46, 25], [47, 30], [47, 38], [47, 39]], "target": 4, "label": {"0": "0", "1": "0", "2": "0", "3": "0", "4": "0", "5": "0", "6": "0", "7": "0", "8": "0", "9": "0", "10": "0", "11": "0", "12": "0", "13": "0", "14": "0", "15": "0", "16": "0", "17": "0", "18": "0", "19": "0", "20": "0", "21": "0", "22": "0", "23": "0", "24": "0", "25": "0", "26": "0", "27": "0", "28": "0", "29": "0", "30": "1", "31": "1", "32": "1", "33": "1", "34": "1", "35": "1", "36": "1", "37": "1", "38": "1", "39": "1", "40": "1", "41": "1", "42": "1", "43": "1", "44": "1", "45": "1", "46": "1", "47": "1"}}