{"edges": [[0, 1], [0, 2], [0, 26], [1, 0], [1, 2], [1, 3], [1, 26], [2, 0], [2, 1], [2, 3], [2, 4], [2, 25], [2, 26], [3, 1], [3, 2], [3, 4], [3, 25], [4, 2], [4, 3], [4, 5], [4, 24], [4, 25], [5, 4], [5, 6], [5, 24], [6, 5], [6, 7], [6, 23], [6, 24], [7, 6], [7, 8], [7, 9], [7, 29], [8, 7], [8, 22], [8, 23], [8, 29], [9, 7], [9, 10], [9, 11], [9, 12], [9, 30], [10, 9], [10, 11], [10, 12], [10, 21], [10, 30], [11, 9], [11, 10], [11, 12], [11, 13], [11, 21], [12, 9], [12, 10], [12, 11], [12, 13], [12, 28], [13, 11], [13, 12], [13, 14], [13, 27], [13, 28], [14, 13], [14, 15], [14, 16], [14, 27], [15, 14], [15, 16], [15, 17], [15, 18], [16, 14], [16, 15], [16, 17], [16, 18], [16, 20], [17, 15], [17, 16], [17, 18], [17, 19], [18, 15], [18, 16], [18, 17], [18, 19], [18, 20], [19, 17], [19, 18], [19, 20], [20, 16], [20, 18], [20, 19], [21, 10], [21, 11], [21, 22], [21, 28], [21, 30], [22, 8], [22, 21], [22, 29], [22, 30], [23, 6], [23, 8], [23, 29], [24, 4], [24, 5], [24, 6], [24, 25], [25, 2], [25, 3], [25, 4], [25, 24], [25, 26], [26, 0], [26, 1], [26, 2], [26, 25], [27, 13], [27, 14], [27, 28], [28, 12], [28, 13], [28, 21], [28, 27], [28, 30], [29, 7], [29, 8], [29, 22], [29, 23], [30, 9], [30, 10], [30, 21], [30, 22], [30, 28]], "target": 4, "label": {"0": "0", "1": "0", "2": "0", "3": "0", "4": "0", "5": "0", "6": "0", "7": "0", "8": "0", "9": "0", "10": "0", "11": "0", "12": "0", "13": "0", "14": "0", "15": "0", "16": "0", "17": "0", "18": "0", "19": "0", "20": "0", "21": "1", "22": "1", "23": "1", "24": "1", "25": "1", "26": "1", "27": "1", "28": "1", "29": "1", "30": "1"}}