{"edges": [[0, 1], [0, 2], [0, 25], [1, 0], [1, 2], [1, 3], [1, 25], [2, 0], [2, 1], [2, 3], [2, 4], [2, 24], [3, 1], [3, 2], [3, 4], [3, 5], [3, 24], [4, 2], [4, 3], [4, 5], [4, 23], [5, 3], [5, 4], [5, 6], [5, 23], [6, 5], [6, 22], [6, 23], [7, 21], [7, 22], [7, 28], [8, 9], [8, 10], [8, 11], [8, 20], [8, 21], [8, 29], [9, 8], [9, 10], [9, 11], [9, 20], [9, 29], [10, 8], [10, 9], [10, 11], [10, 20], [11, 8], [11, 9], [11, 10], [11, 12], [11, 27], [12, 11], [12, 13], [12, 26], [12, 27], [13, 12], [13, 14], [13, 26], [14, 13], [14, 15], [14, 16], [14, 17], [15, 14], [15, 16], [15, 17], [15, 19], [16, 14], [16, 15], [16, 17], [16, 18], [17, 14], [17, 15], [17, 16], [17, 18], [17, 19], [18, 16], [18, 17], [18, 19], [19, 15], [19, 17], [19, 18], [20, 8], [20, 9], [20, 10], [20, 21], [20, 27], [20, 29], [21, 7], [21, 8], [21, 20], [21, 28], [21, 29], [22, 6], [22, 7], [22, 28], [23, 4], [23, 5], [23, 6], [23, 24], [24, 2], [24, 3], [24, 23], [24, 25], [25, 0], [25, 1], [25, 24], [26, 12], [26, 13], [26, 27], [27, 11], [27, 12], [27, 20], [27, 26], [28, 7], [28, 21], [28, 22], [29, 8], [29, 9], [29, 20], [29, 21]], "target": 4, "label": {"0": "0", "1": "0", "2": "0", "3": "0", "4": "0", "5": "0", "6": "0", "7": "0", "8": "0", "9": "0", "10": "0", "11": "0", "12": "0", "13": "0", "14": "0", "15": "0", "16": "0", "17": "0", "18": "0", "19": "0", "20": "1", "21": "1", "22": "1", "23": "1", "24": "1", "25": "1", "26": "1", "27": "1", "28": "1", "29": "1"}}