{"edges": [[0, 1], [0, 2], [1, 0], [1, 2], [1, 3], [1, 20], [2, 0], [2, 1], [2, 3], [2, 19], [2, 20], [3, 1], [3, 2], [3, 4], [3, 18], [3, 19], [4, 3], [4, 5], [4, 18], [4, 21], [5, 4], [5, 6], [5, 15], [5, 22], [5, 26], [6, 5], [6, 7], [6, 14], [6, 16], [6, 22], [6, 30], [7, 6], [7, 8], [7, 15], [7, 17], [7, 28], [7, 30], [8, 7], [8, 16], [8, 17], [8, 29], [8, 31], [9, 10], [9, 11], [10, 9], [10, 11], [10, 12], [10, 34], [11, 9], [11, 10], [11, 12], [11, 33], [11, 34], [12, 10], [12, 11], [12, 13], [12, 32], [12, 33], [13, 12], [13, 14], [13, 32], [13, 35], [14, 6], [14, 13], [14, 15], [14, 36], [14, 40], [15, 5], [15, 7], [15, 14], [15, 16], [15, 36], [15, 44], [16, 6], [16, 8], [16, 15], [16, 17], [16, 42], [16, 44], [17, 7], [17, 8], [17, 16], [17, 43], [17, 45], [18, 3], [18, 4], [18, 19], [18, 21], [18, 33], [18, 35], [19, 2], [19, 3], [19, 18], [19, 20], [19, 32], [19, 34], [20, 1], [20, 2], [20, 19], [20, 33], [21, 4], [21, 18], [21, 25], [21, 32], [22, 5], [22, 6], [22, 26], [22, 30], [22, 40], [22, 44], [23, 24], [23, 27], [23, 38], [24, 23], [24, 37], [25, 21], [25, 26], [25, 35], [25, 40], [26, 5], [26, 22], [26, 25], [26, 36], [26, 39], [27, 23], [27, 31], [27, 37], [27, 45], [28, 7], [28, 29], [28, 43], [29, 8], [29, 28], [29, 42], [30, 6], [30, 7], [30, 22], [30, 36], [31, 8], [31, 27], [31, 41], [31, 45], [32, 12], [32, 13], [32, 19], [32, 21], [32, 33], [32, 35], [33, 11], [33, 12], [33, 18], [33, 20], [33, 32], [33, 34], [34, 10], [34, 11], [34, 19], [34, 33], [35, 13], [35, 18], [35, 25], [35, 32], [35, 39], [36, 14], [36, 15], [36, 26], [36, 30], [36, 40], [36, 44], [37, 24], [37, 27], [37, 38], [37, 41], [38, 23], [38, 37], [39, 26], [39, 35], [39, 40], [40, 14], [40, 22], [40, 25], [40, 36], [40, 39], [41, 31], [41, 37], [41, 45], [42, 16], [42, 29], [42, 43], [43, 17], [43, 28], [43, 42], [44, 15], [44, 16], [44, 22], [44, 36], [45, 17], [45, 27], [45, 31], [45, 41]], "target": 4, "label": {"0": "0", "1": "0", "2": "0", "3": "0", "4": "0", "5": "0", "6": "0", "7": "0", "8": "0", "9": "0", "10": "0", "11": "0", "12": "0", "13": "0", "14": "0", "15": "0", "16": "0", "17": "0", "18": "1", "19": "1", "20": "1", "21": "1", "22": "1", "23": "1", "24": "1", "25": "1", "26": "1", "27": "1", "28": "1", "29": "1", "30": "1", "31": "1", "32": "1", "33": "1", "34": "1", "35": "1", "36": "1", "37": "1", "38": "1", "39": "1", "40": "1", "41": "1", "42": "1", "43": "1", "44": "1", "45": "1"}}