{"edges": [[0, 1], [0, 2], [0, 3], [1, 0], [1, 2], [1, 3], [1, 21], [2, 0], [2, 1], [2, 3], [2, 4], [2, 21], [3, 0], [3, 1], [3, 2], [3, 4], [3, 20], [4, 2], [4, 3], [4, 5], [4, 15], [4, 20], [5, 4], [5, 22], [5, 33], [6, 7], [6, 23], [6, 27], [6, 41], [7, 6], [7, 8], [7, 18], [7, 23], [7, 31], [8, 7], [8, 29], [8, 31], [8, 45], [9, 19], [9, 30], [9, 32], [9, 44], [10, 11], [10, 12], [10, 21], [11, 10], [11, 12], [11, 21], [11, 35], [12, 10], [12, 11], [12, 13], [12, 21], [12, 35], [13, 12], [13, 14], [13, 20], [13, 34], [14, 13], [14, 20], [14, 33], [14, 34], [15, 4], [15, 22], [15, 33], [15, 36], [16, 23], [16, 27], [16, 37], [16, 41], [17, 23], [17, 31], [17, 37], [17, 45], [18, 7], [18, 31], [18, 43], [18, 45], [19, 9], [19, 30], [19, 44], [19, 46], [20, 3], [20, 4], [20, 13], [20, 14], [20, 33], [21, 1], [21, 2], [21, 10], [21, 11], [21, 12], [22, 5], [22, 15], [22, 26], [22, 33], [23, 6], [23, 7], [23, 16], [23, 17], [23, 27], [24, 25], [24, 28], [24, 39], [25, 24], [25, 38], [26, 22], [26, 27], [26, 36], [26, 41], [27, 6], [27, 16], [27, 23], [27, 26], [27, 37], [27, 40], [28, 24], [28, 32], [28, 38], [28, 46], [29, 8], [29, 30], [29, 44], [30, 9], [30, 19], [30, 29], [30, 43], [31, 7], [31, 8], [31, 17], [31, 18], [32, 9], [32, 28], [32, 42], [32, 46], [33, 5], [33, 14], [33, 15], [33, 20], [33, 22], [33, 34], [33, 36], [34, 13], [34, 14], [34, 33], [35, 11], [35, 12], [36, 15], [36, 26], [36, 33], [36, 40], [37, 16], [37, 17], [37, 27], [38, 25], [38, 28], [38, 39], [38, 42], [39, 24], [39, 38], [40, 27], [40, 36], [40, 41], [41, 6], [41, 16], [41, 26], [41, 40], [42, 32], [42, 38], [42, 46], [43, 18], [43, 30], [43, 44], [44, 9], [44, 19], [44, 29], [44, 43], [45, 8], [45, 17], [45, 18], [46, 19], [46, 28], [46, 32], [46, 42]], "target": 4, "label": {"0": "0", "1": "0", "2": "0", "3": "0", "4": "0", "5": "0", "6": "0", "7": "0", "8": "0", "9": "0", "10": "0", "11": "0", "12": "0", "13": "0", "14": "0", "15": "0", "16": "0", "17": "0", "18": "0", "19": "0", "20": "1", "21": "1", "22": "1", "23": "1", "24": "1", "25": "1", "26": "1", "27": "1", "28": "1", "29": "1", "30": "1", "31": "1", "32": "1", "33": "1", "34": "1", "35": "1", "36": "1", "37": "1", "38": "1", "39": "1", "40": "1", "41": "1", "42": "1", "43": "1", "44": "1", "45": "1", "46": "1"}}