{"edges": [[0, 1], [0, 14], [1, 0], [1, 2], [1, 28], [1, 30], [2, 1], [2, 14], [2, 23], [2, 30], [2, 32], [3, 8], [3, 31], [3, 32], [4, 5], [4, 9], [4, 10], [4, 11], [4, 12], [4, 17], [4, 24], [4, 31], [5, 4], [5, 18], [5, 25], [6, 7], [6, 33], [6, 34], [7, 6], [7, 8], [7, 33], [7, 35], [8, 3], [8, 7], [8, 35], [8, 37], [9, 4], [9, 15], [9, 36], [9, 37], [10, 4], [10, 11], [10, 17], [10, 24], [10, 36], [11, 4], [11, 10], [11, 12], [12, 4], [12, 11], [13, 14], [13, 40], [13, 41], [14, 0], [14, 2], [14, 13], [14, 40], [14, 42], [15, 9], [15, 42], [15, 44], [16, 22], [16, 43], [16, 44], [17, 4], [17, 10], [17, 18], [17, 24], [17, 43], [18, 5], [18, 17], [18, 19], [18, 24], [18, 25], [19, 18], [19, 25], [20, 29], [20, 34], [20, 41], [20, 45], [20, 46], [21, 28], [21, 33], [21, 40], [21, 45], [21, 47], [22, 16], [22, 23], [22, 47], [22, 49], [23, 2], [23, 22], [23, 48], [23, 49], [24, 4], [24, 10], [24, 17], [24, 18], [24, 25], [24, 48], [25, 5], [25, 18], [25, 19], [25, 24], [26, 27], [26, 29], [26, 39], [27, 26], [27, 34], [27, 38], [28, 1], [28, 21], [28, 29], [29, 20], [29, 26], [29, 28], [30, 1], [30, 2], [31, 3], [31, 4], [32, 2], [32, 3], [32, 37], [32, 49], [33, 6], [33, 7], [33, 21], [34, 6], [34, 20], [34, 27], [35, 7], [35, 8], [36, 9], [36, 10], [37, 8], [37, 9], [37, 32], [37, 44], [37, 49], [38, 27], [38, 39], [38, 41], [39, 26], [39, 38], [39, 46], [40, 13], [40, 14], [40, 21], [41, 13], [41, 20], [41, 38], [42, 14], [42, 15], [43, 16], [43, 17], [44, 15], [44, 16], [44, 37], [44, 49], [45, 20], [45, 21], [46, 20], [46, 39], [47, 21], [47, 22], [48, 23], [48, 24], [49, 22], [49, 23], [49, 32], [49, 37], [49, 44]], "target": 4, "label": {"0": "0", "1": "0", "2": "0", "3": "0", "4": "0", "5": "0", "6": "0", "7": "0", "8": "0", "9": "0", "10": "0", "11": "0", "12": "0", "13": "0", "14": "0", "15": "0", "16": "0", "17": "0", "18": "0", "19": "0", "20": "0", "21": "0", "22": "0", "23": "0", "24": "0", "25": "0", "26": "1", "27": "1", "28": "1", "29": "1", "30": "1", "31": "1", "32": "1", "33": "1", "34": "1", "35": "1", "36": "1", "37": "1", "38": "1", "39": "1", "40": "1", "41": "1", "42": "1", "43": "1", "44": "1", "45": "1", "46": "1", "47": "1", "48": "1", "49": "1"}}