{"edges": [[0, 6], [0, 25], [0, 28], [1, 14], [1, 19], [1, 34], [2, 21], [2, 23], [2, 38], [3, 10], [3, 22], [3, 24], [3, 37], [4, 5], [4, 12], [4, 27], [5, 4], [5, 6], [5, 12], [5, 26], [5, 27], [6, 0], [6, 5], [6, 7], [6, 25], [6, 26], [7, 6], [7, 25], [7, 28], [8, 19], [8, 29], [8, 34], [9, 23], [9, 36], [9, 38], [10, 3], [10, 22], [10, 37], [10, 39], [11, 12], [11, 13], [11, 25], [11, 26], [11, 27], [12, 4], [12, 5], [12, 11], [12, 26], [12, 27], [13, 11], [13, 18], [13, 25], [13, 33], [14, 1], [14, 17], [14, 32], [15, 16], [15, 20], [15, 31], [16, 15], [16, 30], [17, 14], [17, 23], [17, 29], [17, 38], [18, 13], [18, 19], [18, 28], [18, 33], [18, 34], [19, 1], [19, 8], [19, 18], [19, 33], [20, 15], [20, 24], [20, 39], [21, 2], [21, 22], [21, 37], [22, 3], [22, 10], [22, 21], [22, 36], [23, 2], [23, 9], [23, 17], [24, 3], [24, 20], [24, 35], [24, 39], [25, 0], [25, 6], [25, 7], [25, 11], [25, 13], [25, 26], [25, 28], [26, 5], [26, 6], [26, 11], [26, 12], [26, 25], [26, 27], [27, 4], [27, 5], [27, 11], [27, 12], [27, 26], [28, 0], [28, 7], [28, 18], [28, 25], [28, 33], [28, 34], [29, 8], [29, 17], [29, 32], [30, 16], [30, 31], [30, 35], [31, 15], [31, 30], [32, 14], [32, 29], [32, 38], [33, 13], [33, 18], [33, 19], [33, 28], [33, 34], [34, 1], [34, 8], [34, 18], [34, 28], [34, 33], [35, 24], [35, 30], [35, 39], [36, 9], [36, 22], [36, 37], [37, 3], [37, 10], [37, 21], [37, 36], [38, 2], [38, 9], [38, 17], [38, 32], [39, 10], [39, 20], [39, 24], [39, 35]], "target": 4, "label": {"0": "0", "1": "0", "2": "0", "3": "0", "4": "0", "5": "0", "6": "0", "7": "0", "8": "0", "9": "0", "10": "0", "11": "1", "12": "1", "13": "1", "14": "1", "15": "1", "16": "1", "17": "1", "18": "1", "19": "1", "20": "1", "21": "1", "22": "1", "23": "1", "24": "1", "25": "1", "26": "1", "27": "1", "28": "1", "29": "1", "30": "1", "31": "1", "32": "1", "33": "1", "34": "1", "35": "1", "36": "1", "37": "1", "38": "1", "39": "1"}}