{"edges": [[0, 31], [0, 36], [1, 30], [1, 32], [2, 9], [2, 32], [2, 34], [3, 33], [3, 34], [3, 39], [4, 5], [4, 23], [4, 33], [4, 38], [5, 4], [6, 31], [6, 35], [6, 36], [6, 41], [7, 35], [7, 37], [8, 32], [8, 37], [8, 39], [8, 42], [9, 2], [9, 34], [9, 38], [9, 39], [10, 11], [10, 33], [10, 38], [11, 10], [11, 16], [11, 29], [12, 40], [12, 41], [13, 40], [13, 42], [14, 21], [14, 42], [14, 44], [15, 16], [15, 20], [15, 43], [15, 44], [16, 11], [16, 15], [16, 17], [16, 21], [16, 43], [17, 16], [18, 19], [18, 45], [18, 46], [19, 18], [19, 20], [19, 45], [19, 47], [20, 15], [20, 19], [20, 47], [20, 49], [21, 14], [21, 16], [21, 22], [21, 48], [21, 49], [22, 21], [22, 23], [22, 48], [23, 4], [23, 22], [24, 50], [24, 51], [25, 26], [25, 50], [25, 52], [26, 25], [26, 27], [26, 52], [26, 54], [27, 26], [27, 28], [27, 29], [27, 53], [27, 54], [28, 27], [28, 29], [28, 53], [29, 11], [29, 27], [29, 28], [30, 1], [30, 31], [31, 0], [31, 6], [31, 30], [32, 1], [32, 2], [32, 8], [33, 3], [33, 4], [33, 10], [34, 2], [34, 3], [34, 9], [34, 54], [35, 6], [35, 7], [36, 0], [36, 6], [37, 7], [37, 8], [38, 4], [38, 9], [38, 10], [39, 3], [39, 8], [39, 9], [39, 54], [40, 12], [40, 13], [41, 6], [41, 12], [42, 8], [42, 13], [42, 14], [43, 15], [43, 16], [44, 14], [44, 15], [44, 54], [45, 18], [45, 19], [46, 18], [47, 19], [47, 20], [48, 21], [48, 22], [49, 20], [49, 21], [50, 24], [50, 25], [51, 24], [52, 25], [52, 26], [53, 27], [53, 28], [54, 26], [54, 27], [54, 34], [54, 39], [54, 44]], "target": 4, "label": {"0": "0", "1": "0", "2": "0", "3": "0", "4": "0", "5": "0", "6": "0", "7": "0", "8": "0", "9": "0", "10": "0", "11": "0", "12": "0", "13": "0", "14": "0", "15": "0", "16": "0", "17": "0", "18": "0", "19": "0", "20": "0", "21": "0", "22": "0", "23": "0", "24": "0", "25": "0", "26": "0", "27": "0", "28": "0", "29": "0", "30": "1", "31": "1", "32": "1", "33": "1", "34": "1", "35": "1", "36": "1", "37": "1", "38": "1", "39": "1", "40": "1", "41": "1", "42": "1", "43": "1", "44": "1", "45": "1", "46": "1", "47": "1", "48": "1", "49": "1", "50": "1", "51": "1", "52": "1", "53": "1", "54": "1"}}