{"edges": [[0, 1], [0, 2], [0, 8], [1, 0], [1, 2], [1, 9], [1, 22], [2, 0], [2, 1], [2, 3], [2, 8], [2, 10], [2, 29], [3, 2], [3, 9], [3, 31], [3, 33], [4, 5], [4, 12], [4, 36], [5, 4], [5, 11], [5, 35], [6, 13], [6, 21], [6, 34], [6, 58], [7, 15], [7, 27], [7, 51], [7, 52], [8, 0], [8, 2], [8, 9], [8, 46], [9, 1], [9, 3], [9, 8], [9, 10], [9, 53], [10, 2], [10, 9], [10, 55], [10, 57], [11, 5], [11, 12], [11, 36], [11, 60], [12, 4], [12, 11], [12, 35], [12, 59], [13, 6], [13, 34], [13, 45], [13, 58], [14, 22], [14, 28], [14, 52], [15, 7], [15, 23], [15, 27], [15, 51], [16, 18], [16, 24], [16, 26], [16, 42], [16, 50], [17, 19], [17, 25], [17, 49], [18, 16], [18, 24], [19, 17], [19, 20], [19, 44], [20, 19], [20, 21], [20, 43], [20, 45], [21, 6], [21, 20], [21, 44], [22, 1], [22, 14], [22, 28], [22, 52], [23, 15], [23, 27], [23, 51], [24, 16], [24, 18], [24, 26], [24, 42], [24, 50], [25, 17], [25, 26], [25, 41], [26, 16], [26, 24], [26, 25], [27, 7], [27, 15], [27, 23], [27, 28], [28, 14], [28, 22], [28, 27], [29, 2], [29, 33], [29, 57], [30, 34], [30, 37], [30, 58], [30, 61], [31, 3], [31, 36], [31, 60], [32, 35], [32, 37], [32, 59], [32, 61], [33, 3], [33, 29], [33, 53], [34, 6], [34, 13], [34, 30], [34, 54], [35, 5], [35, 12], [35, 32], [35, 56], [36, 4], [36, 11], [36, 31], [36, 55], [37, 30], [37, 32], [37, 54], [37, 56], [37, 61], [38, 46], [38, 52], [39, 47], [39, 51], [40, 42], [40, 48], [41, 25], [41, 43], [41, 49], [42, 16], [42, 24], [42, 40], [43, 20], [43, 41], [43, 44], [44, 19], [44, 21], [44, 43], [44, 45], [45, 13], [45, 20], [45, 44], [46, 8], [46, 38], [47, 39], [48, 40], [48, 50], [49, 17], [49, 41], [49, 50], [50, 16], [50, 24], [50, 48], [50, 49], [51, 7], [51, 15], [51, 23], [51, 39], [52, 7], [52, 14], [52, 22], [52, 38], [53, 9], [53, 33], [53, 57], [54, 34], [54, 37], [54, 58], [54, 61], [55, 10], [55, 36], [55, 60], [56, 35], [56, 37], [56, 59], [56, 61], [57, 10], [57, 29], [57, 53], [58, 6], [58, 13], [58, 30], [58, 54], [59, 12], [59, 32], [59, 56], [60, 11], [60, 31], [60, 55], [61, 30], [61, 32], [61, 37], [61, 54], [61, 56]], "target": 4, "label": {"0": "0", "1": "0", "2": "0", "3": "0", "4": "0", "5": "0", "6": "0", "7": "0", "8": "0", "9": "0", "10": "0", "11": "0", "12": "0", "13": "0", "14": "1", "15": "1", "16": "1", "17": "1", "18": "1", "19": "1", "20": "1", "21": "1", "22": "1", "23": "1", "24": "1", "25": "1", "26": "1", "27": "1", "28": "1", "29": "1", "30": "1", "31": "1", "32": "1", "33": "1", "34": "1", "35": "1", "36": "1", "37": "1", "38": "1", "39": "1", "40": "1", "41": "1", "42": "1", "43": "1", "44": "1", "45": "1", "46": "1", "47": "1", "48": "1", "49": "1", "50": "1", "51": "1", "52": "1", "53": "1", "54": "1", "55": "1", "56": "1", "57": "1", "58": "1", "59": "1", "60": "1", "61": "1"}}