{"edges": [[0, 1], [0, 3], [0, 4], [1, 0], [1, 2], [1, 3], [1, 24], [2, 1], [2, 3], [2, 4], [2, 5], [2, 24], [3, 0], [3, 1], [3, 2], [3, 4], [3, 5], [3, 24], [4, 0], [4, 2], [4, 3], [4, 5], [5, 2], [5, 3], [5, 4], [5, 6], [5, 7], [5, 30], [6, 5], [6, 7], [6, 8], [6, 29], [6, 30], [7, 5], [7, 6], [7, 8], [7, 9], [8, 6], [8, 7], [8, 9], [8, 29], [9, 7], [9, 8], [9, 10], [9, 29], [9, 31], [10, 9], [10, 11], [10, 12], [10, 31], [11, 10], [11, 12], [11, 32], [11, 33], [12, 10], [12, 11], [12, 32], [12, 33], [13, 14], [13, 15], [13, 16], [13, 33], [14, 13], [14, 15], [14, 16], [15, 13], [15, 14], [15, 16], [15, 17], [16, 13], [16, 14], [16, 15], [16, 17], [16, 27], [17, 15], [17, 16], [17, 18], [17, 19], [17, 27], [17, 28], [18, 17], [18, 19], [18, 20], [18, 28], [19, 17], [19, 18], [19, 20], [19, 26], [20, 18], [20, 19], [20, 21], [20, 25], [20, 26], [21, 20], [21, 22], [21, 23], [21, 25], [22, 21], [22, 23], [22, 25], [23, 21], [23, 22], [23, 25], [24, 1], [24, 2], [24, 3], [25, 20], [25, 21], [25, 22], [25, 23], [25, 26], [26, 19], [26, 20], [26, 25], [26, 27], [26, 28], [27, 16], [27, 17], [27, 26], [27, 28], [28, 17], [28, 18], [28, 26], [28, 27], [29, 6], [29, 8], [29, 9], [29, 30], [29, 31], [30, 5], [30, 6], [30, 29], [31, 9], [31, 10], [31, 29], [31, 32], [32, 11], [32, 12], [32, 31], [32, 33], [33, 11], [33, 12], [33, 13], [33, 32]], "target": 4, "label": {"0": "0", "1": "0", "2": "0", "3": "0", "4": "0", "5": "0", "6": "0", "7": "0", "8": "0", "9": "0", "10": "0", "11": "0", "12": "0", "13": "0", "14": "0", "15": "0", "16": "0", "17": "0", "18": "0", "19": "0", "20": "0", "21": "0", "22": "0", "23": "0", "24": "1", "25": "1", "26": "1", "27": "1", "28": "1", "29": "1", "30": "1", "31": "1", "32": "1", "33": "1"}}