{"edges": [[0, 1], [0, 19], [0, 22], [1, 0], [1, 19], [1, 22], [2, 3], [2, 22], [2, 23], [3, 2], [3, 4], [3, 23], [4, 3], [4, 5], [4, 23], [4, 24], [5, 4], [5, 6], [5, 7], [5, 24], [6, 5], [6, 7], [6, 8], [6, 24], [7, 5], [7, 6], [7, 8], [7, 9], [7, 10], [7, 24], [8, 6], [8, 7], [8, 9], [8, 10], [9, 7], [9, 8], [9, 10], [10, 7], [10, 8], [10, 9], [10, 11], [10, 21], [11, 10], [11, 20], [11, 21], [12, 13], [12, 14], [12, 15], [12, 20], [13, 12], [13, 14], [13, 15], [14, 12], [14, 13], [14, 15], [15, 12], [15, 13], [15, 14], [15, 16], [15, 17], [15, 18], [16, 15], [16, 17], [16, 18], [17, 15], [17, 16], [17, 18], [18, 15], [18, 16], [18, 17], [19, 0], [19, 1], [19, 22], [20, 11], [20, 12], [20, 21], [21, 10], [21, 11], [21, 20], [22, 0], [22, 1], [22, 2], [22, 19], [22, 23], [23, 2], [23, 3], [23, 4], [23, 22], [24, 4], [24, 5], [24, 6], [24, 7]], "target": 5, "label": {"0": "0", "1": "0", "2": "0", "3": "0", "4": "0", "5": "0", "6": "0", "7": "0", "8": "0", "9": "0", "10": "0", "11": "0", "12": "0", "13": "0", "14": "0", "15": "0", "16": "0", "17": "0", "18": "0", "19": "1", "20": "1", "21": "1", "22": "1", "23": "1", "24": "1"}}