{"edges": [[0, 1], [0, 20], [0, 21], [1, 0], [1, 2], [1, 3], [1, 20], [1, 21], [2, 1], [2, 3], [2, 4], [2, 21], [3, 1], [3, 2], [3, 4], [3, 5], [3, 21], [3, 22], [4, 2], [4, 3], [4, 5], [4, 6], [4, 22], [5, 3], [5, 4], [5, 6], [5, 22], [6, 4], [6, 5], [6, 7], [6, 23], [7, 6], [7, 8], [7, 9], [7, 23], [7, 24], [8, 7], [8, 9], [8, 10], [8, 25], [8, 26], [9, 7], [9, 8], [9, 10], [9, 11], [9, 26], [10, 8], [10, 9], [10, 11], [10, 27], [11, 9], [11, 10], [11, 12], [11, 13], [11, 27], [12, 11], [12, 13], [12, 14], [12, 27], [13, 11], [13, 12], [13, 14], [14, 12], [14, 13], [14, 28], [15, 16], [15, 38], [15, 39], [16, 15], [16, 34], [16, 39], [16, 40], [17, 18], [17, 19], [17, 32], [17, 33], [18, 17], [18, 19], [18, 33], [19, 17], [19, 18], [19, 29], [19, 33], [20, 0], [20, 1], [20, 21], [21, 0], [21, 1], [21, 2], [21, 3], [21, 20], [21, 22], [22, 3], [22, 4], [22, 5], [22, 21], [22, 23], [23, 6], [23, 7], [23, 22], [23, 24], [23, 25], [24, 7], [24, 23], [24, 25], [24, 26], [25, 8], [25, 23], [25, 24], [25, 26], [25, 27], [26, 8], [26, 9], [26, 24], [26, 25], [26, 27], [27, 10], [27, 11], [27, 12], [27, 25], [27, 26], [28, 14], [28, 35], [28, 38], [28, 39], [29, 19], [29, 30], [29, 31], [29, 33], [30, 29], [30, 31], [30, 33], [31, 29], [31, 30], [31, 33], [32, 17], [32, 33], [32, 36], [32, 37], [33, 17], [33, 18], [33, 19], [33, 29], [33, 30], [33, 31], [33, 32], [34, 16], [34, 38], [34, 39], [34, 40], [35, 28], [35, 38], [35, 39], [36, 32], [36, 37], [36, 40], [36, 41], [37, 32], [37, 36], [37, 40], [37, 41], [38, 15], [38, 28], [38, 34], [38, 35], [38, 39], [39, 15], [39, 16], [39, 28], [39, 34], [39, 35], [39, 38], [40, 16], [40, 34], [40, 36], [40, 37], [40, 41], [41, 36], [41, 37], [41, 40]], "target": 5, "label": {"0": "0", "1": "0", "2": "0", "3": "0", "4": "0", "5": "0", "6": "0", "7": "0", "8": "0", "9": "0", "10": "0", "11": "0", "12": "0", "13": "0", "14": "0", "15": "0", "16": "0", "17": "0", "18": "0", "19": "0", "20": "1", "21": "1", "22": "1", "23": "1", "24": "1", "25": "1", "26": "1", "27": "1", "28": "1", "29": "1", "30": "1", "31": "1", "32": "1", "33": "1", "34": "1", "35": "1", "36": "1", "37": "1", "38": "1", "39": "1", "40": "1", "41": "1"}}