{"edges": [[0, 21], [0, 22], [0, 23], [1, 7], [1, 15], [1, 23], [1, 24], [2, 3], [2, 5], [2, 13], [2, 26], [3, 2], [3, 8], [3, 16], [4, 8], [4, 10], [4, 16], [4, 18], [5, 2], [5, 13], [5, 26], [6, 14], [6, 24], [6, 25], [7, 1], [7, 15], [7, 23], [8, 3], [8, 4], [8, 10], [8, 16], [8, 18], [9, 17], [9, 21], [9, 22], [10, 4], [10, 8], [10, 18], [11, 19], [11, 20], [11, 28], [12, 18], [12, 20], [12, 27], [12, 28], [13, 2], [13, 5], [13, 26], [14, 6], [14, 24], [14, 25], [14, 26], [15, 1], [15, 7], [15, 23], [16, 3], [16, 4], [16, 8], [17, 9], [17, 21], [17, 22], [18, 4], [18, 8], [18, 10], [18, 12], [19, 11], [19, 20], [19, 28], [20, 11], [20, 12], [20, 19], [20, 27], [20, 28], [21, 0], [21, 9], [21, 17], [21, 22], [22, 0], [22, 9], [22, 17], [22, 21], [22, 23], [23, 0], [23, 1], [23, 7], [23, 15], [23, 22], [24, 1], [24, 6], [24, 14], [24, 25], [25, 6], [25, 14], [25, 24], [26, 2], [26, 5], [26, 13], [26, 14], [27, 12], [27, 20], [27, 28], [28, 11], [28, 12], [28, 19], [28, 20], [28, 27]], "target": 0, "label": {"0": "0", "1": "0", "2": "0", "3": "0", "4": "0", "5": "1", "6": "1", "7": "1", "8": "1", "9": "1", "10": "1", "11": "1", "12": "1", "13": "1", "14": "1", "15": "1", "16": "1", "17": "1", "18": "1", "19": "1", "20": "1", "21": "2", "22": "2", "23": "2", "24": "2", "25": "2", "26": "2", "27": "2", "28": "2"}}