{"edges": [[0, 1], [0, 9], [0, 11], [0, 19], [0, 23], [1, 0], [1, 9], [1, 17], [1, 23], [2, 8], [2, 9], [2, 17], [3, 7], [3, 10], [3, 15], [4, 10], [4, 12], [4, 18], [4, 20], [5, 6], [5, 14], [5, 24], [6, 5], [6, 13], [6, 14], [6, 21], [6, 22], [7, 3], [7, 8], [7, 15], [7, 16], [8, 2], [8, 7], [8, 15], [8, 16], [9, 0], [9, 1], [9, 2], [9, 17], [10, 3], [10, 4], [10, 12], [10, 18], [11, 0], [11, 19], [11, 23], [12, 4], [12, 10], [12, 18], [12, 20], [12, 24], [13, 6], [13, 21], [13, 22], [14, 5], [14, 6], [14, 24], [15, 3], [15, 7], [15, 8], [15, 16], [16, 7], [16, 8], [16, 15], [17, 1], [17, 2], [17, 9], [18, 4], [18, 10], [18, 12], [19, 0], [19, 11], [19, 23], [20, 4], [20, 12], [20, 24], [21, 6], [21, 13], [21, 22], [22, 6], [22, 13], [22, 21], [23, 0], [23, 1], [23, 11], [23, 19], [24, 5], [24, 12], [24, 14], [24, 20]], "target": 0, "label": {"0": "0", "1": "0", "2": "0", "3": "0", "4": "0", "5": "0", "6": "0", "7": "1", "8": "1", "9": "1", "10": "1", "11": "1", "12": "1", "13": "1", "14": "1", "15": "1", "16": "1", "17": "1", "18": "1", "19": "1", "20": "1", "21": "1", "22": "1", "23": "1", "24": "1"}}