{"edges": [[0, 1], [0, 2], [0, 34], [0, 54], [1, 0], [1, 2], [1, 19], [1, 39], [2, 0], [2, 1], [2, 3], [2, 27], [3, 2], [3, 4], [3, 17], [3, 20], [3, 26], [4, 3], [4, 29], [4, 31], [4, 40], [4, 49], [5, 6], [5, 22], [5, 35], [5, 55], [6, 5], [6, 7], [6, 24], [6, 35], [6, 44], [7, 6], [7, 24], [7, 33], [7, 44], [8, 9], [8, 10], [8, 34], [8, 39], [8, 54], [9, 8], [9, 10], [9, 39], [9, 48], [10, 8], [10, 9], [10, 11], [10, 38], [11, 10], [11, 12], [11, 17], [11, 40], [11, 46], [12, 11], [12, 13], [12, 40], [12, 49], [12, 51], [13, 12], [13, 14], [13, 15], [13, 42], [13, 55], [14, 13], [14, 15], [14, 24], [14, 44], [14, 55], [15, 13], [15, 14], [15, 44], [15, 53], [16, 17], [16, 25], [17, 3], [17, 11], [17, 16], [17, 26], [18, 25], [18, 27], [18, 38], [18, 47], [19, 1], [19, 28], [19, 39], [19, 48], [20, 3], [20, 29], [21, 30], [21, 34], [21, 54], [22, 5], [22, 31], [23, 32], [23, 33], [23, 52], [23, 53], [24, 6], [24, 7], [24, 14], [24, 55], [25, 16], [25, 18], [26, 3], [26, 17], [27, 2], [27, 18], [27, 38], [27, 47], [28, 19], [28, 34], [28, 39], [28, 48], [29, 4], [29, 20], [30, 21], [30, 34], [30, 54], [31, 4], [31, 22], [32, 23], [32, 33], [32, 43], [32, 53], [33, 7], [33, 23], [33, 32], [34, 0], [34, 8], [34, 21], [34, 28], [34, 30], [35, 5], [35, 6], [35, 55], [36, 45], [36, 47], [37, 45], [37, 46], [38, 10], [38, 18], [38, 27], [38, 47], [39, 1], [39, 8], [39, 9], [39, 19], [39, 28], [39, 48], [40, 4], [40, 11], [40, 12], [40, 49], [41, 50], [42, 13], [42, 51], [43, 32], [43, 52], [44, 6], [44, 7], [44, 14], [44, 15], [44, 55], [45, 36], [45, 37], [46, 11], [46, 37], [47, 18], [47, 27], [47, 36], [47, 38], [48, 9], [48, 19], [48, 28], [48, 39], [49, 4], [49, 12], [49, 40], [50, 41], [50, 54], [51, 12], [51, 42], [52, 23], [52, 43], [52, 53], [53, 15], [53, 23], [53, 32], [53, 52], [54, 0], [54, 8], [54, 21], [54, 30], [54, 50], [55, 5], [55, 13], [55, 14], [55, 24], [55, 35], [55, 44]], "target": 0, "label": {"0": "0", "1": "0", "2": "0", "3": "0", "4": "0", "5": "0", "6": "0", "7": "0", "8": "0", "9": "0", "10": "0", "11": "0", "12": "0", "13": "0", "14": "0", "15": "0", "16": "1", "17": "1", "18": "1", "19": "1", "20": "1", "21": "1", "22": "1", "23": "1", "24": "1", "25": "1", "26": "1", "27": "1", "28": "1", "29": "1", "30": "1", "31": "1", "32": "1", "33": "1", "34": "1", "35": "1", "36": "1", "37": "1", "38": "1", "39": "1", "40": "1", "41": "1", "42": "1", "43": "1", "44": "1", "45": "1", "46": "1", "47": "1", "48": "1", "49": "1", "50": "1", "51": "1", "52": "1", "53": "1", "54": "1", "55": "1"}}