{"edges": [[0, 1], [0, 7], [1, 0], [1, 2], [1, 6], [1, 8], [1, 14], [1, 16], [2, 1], [2, 7], [2, 16], [2, 17], [3, 4], [3, 10], [3, 15], [3, 18], [4, 3], [4, 5], [4, 10], [4, 13], [4, 15], [5, 4], [5, 10], [5, 11], [5, 13], [6, 1], [6, 7], [6, 20], [7, 0], [7, 2], [7, 6], [7, 8], [7, 24], [8, 1], [8, 7], [8, 9], [8, 24], [8, 25], [9, 8], [9, 10], [9, 19], [9, 26], [10, 3], [10, 4], [10, 5], [10, 9], [10, 19], [10, 21], [11, 5], [11, 12], [11, 22], [11, 23], [12, 11], [12, 22], [12, 23], [13, 4], [13, 5], [13, 15], [13, 21], [14, 1], [14, 16], [14, 20], [14, 24], [15, 3], [15, 4], [15, 13], [15, 18], [15, 19], [15, 21], [16, 1], [16, 2], [16, 14], [16, 17], [16, 20], [16, 25], [17, 2], [17, 16], [17, 18], [17, 24], [17, 26], [18, 3], [18, 15], [18, 17], [18, 19], [18, 25], [18, 26], [19, 9], [19, 10], [19, 15], [19, 18], [19, 21], [20, 6], [20, 14], [20, 16], [20, 24], [21, 10], [21, 13], [21, 15], [21, 19], [21, 23], [22, 11], [22, 12], [22, 23], [23, 11], [23, 12], [23, 21], [23, 22], [24, 7], [24, 8], [24, 14], [24, 17], [24, 20], [24, 25], [25, 8], [25, 16], [25, 18], [25, 24], [25, 26], [26, 9], [26, 17], [26, 18], [26, 25]], "target": 0, "label": {"0": "0", "1": "0", "2": "0", "3": "0", "4": "0", "5": "0", "6": "0", "7": "0", "8": "0", "9": "0", "10": "0", "11": "1", "12": "1", "13": "1", "14": "1", "15": "1", "16": "1", "17": "1", "18": "1", "19": "1", "20": "1", "21": "1", "22": "1", "23": "1", "24": "1", "25": "1", "26": "1"}}