{"edges": [[0, 1], [0, 10], [0, 17], [1, 0], [1, 2], [1, 17], [1, 18], [2, 1], [2, 3], [2, 19], [2, 20], [3, 2], [3, 4], [3, 5], [3, 16], [4, 3], [4, 5], [4, 8], [5, 3], [5, 4], [5, 11], [5, 12], [6, 7], [6, 11], [6, 12], [6, 13], [7, 6], [7, 12], [7, 13], [8, 4], [8, 11], [8, 14], [8, 16], [9, 10], [9, 15], [9, 17], [10, 0], [10, 9], [10, 15], [10, 17], [11, 5], [11, 6], [11, 8], [11, 12], [11, 14], [12, 5], [12, 6], [12, 7], [12, 11], [12, 13], [13, 6], [13, 7], [13, 12], [14, 8], [14, 11], [14, 16], [15, 9], [15, 10], [15, 17], [16, 3], [16, 8], [16, 14], [16, 20], [16, 21], [17, 0], [17, 1], [17, 9], [17, 10], [17, 15], [17, 18], [18, 1], [18, 17], [18, 19], [18, 20], [19, 2], [19, 18], [19, 20], [19, 21], [20, 2], [20, 16], [20, 18], [20, 19], [20, 21], [21, 16], [21, 19], [21, 20]], "target": 0, "label": {"0": "0", "1": "0", "2": "0", "3": "0", "4": "0", "5": "0", "6": "1", "7": "1", "8": "1", "9": "1", "10": "1", "11": "1", "12": "1", "13": "1", "14": "1", "15": "1", "16": "1", "17": "1", "18": "1", "19": "1", "20": "1", "21": "1"}}