{"edges": [[0, 8], [0, 10], [0, 16], [0, 18], [0, 22], [1, 7], [1, 8], [1, 16], [2, 6], [2, 9], [2, 14], [3, 9], [3, 11], [3, 17], [3, 19], [4, 5], [4, 13], [4, 23], [5, 4], [5, 12], [5, 13], [5, 20], [5, 21], [6, 2], [6, 7], [6, 14], [6, 15], [7, 1], [7, 6], [7, 14], [7, 15], [8, 0], [8, 1], [8, 16], [9, 2], [9, 3], [9, 11], [9, 17], [10, 0], [10, 18], [10, 22], [11, 3], [11, 9], [11, 17], [11, 19], [11, 23], [12, 5], [12, 20], [12, 21], [13, 4], [13, 5], [13, 23], [14, 2], [14, 6], [14, 7], [14, 15], [15, 6], [15, 7], [15, 14], [16, 0], [16, 1], [16, 8], [16, 22], [17, 3], [17, 9], [17, 11], [18, 0], [18, 10], [18, 22], [19, 3], [19, 11], [19, 23], [20, 5], [20, 12], [20, 21], [21, 5], [21, 12], [21, 20], [22, 0], [22, 10], [22, 16], [22, 18], [23, 4], [23, 11], [23, 13], [23, 19]], "target": 0, "label": {"0": "0", "1": "0", "2": "0", "3": "0", "4": "0", "5": "0", "6": "1", "7": "1", "8": "1", "9": "1", "10": "1", "11": "1", "12": "1", "13": "1", "14": "1", "15": "1", "16": "1", "17": "1", "18": "1", "19": "1", "20": "1", "21": "1", "22": "1", "23": "1"}}