{"edges": [[0, 1], [0, 7], [0, 9], [0, 15], [0, 17], [0, 21], [1, 0], [1, 2], [1, 3], [1, 7], [2, 1], [2, 3], [2, 6], [2, 14], [3, 1], [3, 2], [3, 4], [3, 5], [3, 8], [4, 3], [4, 8], [4, 16], [4, 18], [5, 3], [5, 6], [5, 8], [5, 13], [5, 14], [5, 16], [6, 2], [6, 5], [6, 7], [6, 13], [6, 14], [6, 15], [7, 0], [7, 1], [7, 6], [7, 14], [7, 15], [8, 3], [8, 4], [8, 5], [8, 10], [8, 13], [8, 16], [8, 18], [9, 0], [9, 17], [9, 21], [10, 8], [10, 18], [10, 22], [11, 12], [11, 19], [11, 20], [12, 11], [12, 19], [12, 20], [12, 22], [13, 5], [13, 6], [13, 8], [13, 14], [13, 16], [14, 2], [14, 5], [14, 6], [14, 7], [14, 13], [14, 15], [15, 0], [15, 6], [15, 7], [15, 14], [15, 21], [16, 4], [16, 5], [16, 8], [16, 13], [17, 0], [17, 9], [17, 21], [18, 4], [18, 8], [18, 10], [18, 22], [19, 11], [19, 12], [19, 20], [20, 11], [20, 12], [20, 19], [21, 0], [21, 9], [21, 15], [21, 17], [22, 10], [22, 12], [22, 18]], "target": 0, "label": {"0": "0", "1": "0", "2": "0", "3": "0", "4": "0", "5": "1", "6": "1", "7": "1", "8": "1", "9": "1", "10": "1", "11": "1", "12": "1", "13": "1", "14": "1", "15": "1", "16": "1", "17": "1", "18": "1", "19": "1", "20": "1", "21": "1", "22": "1"}}