{"edges": [[0, 1], [0, 2], [0, 35], [0, 55], [1, 0], [1, 2], [1, 3], [1, 20], [2, 0], [2, 1], [2, 3], [3, 1], [3, 2], [3, 4], [3, 19], [4, 3], [4, 5], [4, 18], [4, 21], [4, 27], [5, 4], [5, 30], [5, 32], [5, 41], [5, 50], [6, 7], [6, 23], [6, 36], [6, 56], [7, 6], [7, 8], [7, 25], [7, 36], [7, 45], [8, 7], [8, 25], [8, 34], [8, 45], [9, 10], [9, 11], [9, 35], [9, 40], [9, 55], [10, 9], [10, 11], [10, 40], [10, 49], [11, 9], [11, 10], [11, 12], [11, 39], [12, 11], [12, 13], [12, 18], [12, 41], [12, 47], [13, 12], [13, 14], [13, 41], [13, 50], [13, 52], [14, 13], [14, 15], [14, 16], [14, 43], [14, 56], [15, 14], [15, 16], [15, 25], [15, 45], [15, 56], [16, 14], [16, 15], [16, 45], [16, 54], [17, 26], [17, 28], [18, 4], [18, 12], [18, 26], [18, 27], [19, 3], [19, 28], [19, 39], [19, 48], [20, 1], [20, 29], [20, 40], [20, 49], [21, 4], [21, 30], [22, 31], [22, 35], [22, 55], [23, 6], [23, 32], [24, 33], [24, 34], [24, 53], [24, 54], [25, 7], [25, 8], [25, 15], [25, 56], [26, 17], [26, 18], [27, 4], [27, 18], [28, 17], [28, 19], [28, 39], [28, 48], [29, 20], [29, 35], [29, 40], [29, 49], [30, 5], [30, 21], [31, 22], [31, 35], [31, 55], [32, 5], [32, 23], [33, 24], [33, 34], [33, 44], [33, 54], [34, 8], [34, 24], [34, 33], [35, 0], [35, 9], [35, 22], [35, 29], [35, 31], [36, 6], [36, 7], [36, 56], [37, 46], [37, 48], [38, 46], [38, 47], [39, 11], [39, 19], [39, 28], [39, 48], [40, 9], [40, 10], [40, 20], [40, 29], [40, 49], [41, 5], [41, 12], [41, 13], [41, 50], [42, 51], [43, 14], [43, 52], [44, 33], [44, 53], [45, 7], [45, 8], [45, 15], [45, 16], [45, 56], [46, 37], [46, 38], [47, 12], [47, 38], [48, 19], [48, 28], [48, 37], [48, 39], [49, 10], [49, 20], [49, 29], [49, 40], [50, 5], [50, 13], [50, 41], [51, 42], [51, 55], [52, 13], [52, 43], [53, 24], [53, 44], [53, 54], [54, 16], [54, 24], [54, 33], [54, 53], [55, 0], [55, 9], [55, 22], [55, 31], [55, 51], [56, 6], [56, 14], [56, 15], [56, 25], [56, 36], [56, 45]], "target": 0, "label": {"0": "0", "1": "0", "2": "0", "3": "0", "4": "0", "5": "0", "6": "0", "7": "0", "8": "0", "9": "0", "10": "0", "11": "0", "12": "0", "13": "0", "14": "0", "15": "0", "16": "0", "17": "1", "18": "1", "19": "1", "20": "1", "21": "1", "22": "1", "23": "1", "24": "1", "25": "1", "26": "1", "27": "1", "28": "1", "29": "1", "30": "1", "31": "1", "32": "1", "33": "1", "34": "1", "35": "1", "36": "1", "37": "1", "38": "1", "39": "1", "40": "1", "41": "1", "42": "1", "43": "1", "44": "1", "45": "1", "46": "1", "47": "1", "48": "1", "49": "1", "50": "1", "51": "1", "52": "1", "53": "1", "54": "1", "55": "1", "56": "1"}}