{"edges": [[0, 1], [0, 2], [0, 3], [0, 10], [0, 18], [0, 22], [1, 0], [1, 2], [1, 3], [1, 8], [2, 0], [2, 1], [2, 3], [3, 0], [3, 1], [3, 2], [3, 7], [4, 6], [4, 9], [4, 14], [5, 9], [5, 11], [5, 17], [5, 19], [6, 4], [6, 7], [6, 9], [6, 14], [6, 15], [6, 17], [7, 3], [7, 6], [7, 8], [7, 14], [7, 15], [7, 16], [8, 1], [8, 7], [8, 15], [8, 16], [8, 22], [9, 4], [9, 5], [9, 6], [9, 11], [9, 17], [9, 19], [10, 0], [10, 18], [10, 22], [11, 5], [11, 9], [11, 17], [11, 19], [11, 23], [12, 13], [12, 20], [12, 21], [13, 12], [13, 20], [13, 21], [13, 23], [14, 4], [14, 6], [14, 7], [14, 15], [15, 6], [15, 7], [15, 8], [15, 14], [15, 16], [16, 7], [16, 8], [16, 15], [16, 22], [17, 5], [17, 6], [17, 9], [17, 11], [18, 0], [18, 10], [18, 22], [19, 5], [19, 9], [19, 11], [19, 23], [20, 12], [20, 13], [20, 21], [21, 12], [21, 13], [21, 20], [22, 0], [22, 8], [22, 10], [22, 16], [22, 18], [23, 11], [23, 13], [23, 19]], "target": 0, "label": {"0": "0", "1": "0", "2": "0", "3": "0", "4": "0", "5": "0", "6": "1", "7": "1", "8": "1", "9": "1", "10": "1", "11": "1", "12": "1", "13": "1", "14": "1", "15": "1", "16": "1", "17": "1", "18": "1", "19": "1", "20": "1", "21": "1", "22": "1", "23": "1"}}