{"edges": [[0, 1], [0, 21], [0, 22], [1, 0], [1, 2], [1, 3], [1, 21], [1, 22], [2, 1], [2, 3], [2, 4], [2, 22], [3, 1], [3, 2], [3, 4], [3, 5], [3, 22], [3, 23], [4, 2], [4, 3], [4, 5], [4, 6], [4, 23], [5, 3], [5, 4], [5, 6], [5, 23], [6, 4], [6, 5], [6, 7], [6, 24], [7, 6], [7, 8], [7, 9], [7, 24], [7, 25], [8, 7], [8, 9], [8, 10], [8, 26], [8, 27], [9, 7], [9, 8], [9, 10], [9, 11], [9, 27], [10, 8], [10, 9], [10, 11], [10, 28], [11, 9], [11, 10], [11, 12], [11, 13], [11, 28], [12, 11], [12, 13], [12, 14], [12, 28], [13, 11], [13, 12], [13, 14], [14, 12], [14, 13], [14, 32], [15, 16], [15, 32], [15, 35], [15, 36], [16, 15], [16, 29], [16, 33], [16, 36], [17, 18], [17, 19], [17, 20], [17, 34], [17, 38], [18, 17], [18, 19], [18, 20], [18, 38], [19, 17], [19, 18], [19, 20], [19, 37], [20, 17], [20, 18], [20, 19], [20, 37], [20, 39], [20, 40], [21, 0], [21, 1], [21, 22], [22, 0], [22, 1], [22, 2], [22, 3], [22, 21], [22, 23], [23, 3], [23, 4], [23, 5], [23, 22], [23, 24], [24, 6], [24, 7], [24, 23], [24, 25], [24, 26], [25, 7], [25, 24], [25, 26], [25, 27], [26, 8], [26, 24], [26, 25], [26, 27], [26, 28], [27, 8], [27, 9], [27, 25], [27, 26], [27, 28], [28, 10], [28, 11], [28, 12], [28, 26], [28, 27], [29, 16], [29, 30], [29, 31], [29, 33], [30, 29], [30, 31], [30, 33], [31, 29], [31, 30], [31, 34], [31, 38], [32, 14], [32, 15], [32, 35], [32, 36], [33, 16], [33, 29], [33, 30], [33, 35], [33, 36], [34, 17], [34, 31], [34, 37], [34, 38], [35, 15], [35, 32], [35, 33], [35, 36], [36, 15], [36, 16], [36, 32], [36, 33], [36, 35], [37, 19], [37, 20], [37, 34], [37, 38], [37, 39], [37, 40], [38, 17], [38, 18], [38, 31], [38, 34], [38, 37], [39, 20], [39, 37], [39, 40], [40, 20], [40, 37], [40, 39]], "target": 5, "label": {"0": "0", "1": "0", "2": "0", "3": "0", "4": "0", "5": "0", "6": "0", "7": "0", "8": "0", "9": "0", "10": "0", "11": "0", "12": "0", "13": "0", "14": "0", "15": "0", "16": "0", "17": "0", "18": "0", "19": "0", "20": "0", "21": "1", "22": "1", "23": "1", "24": "1", "25": "1", "26": "1", "27": "1", "28": "1", "29": "1", "30": "1", "31": "1", "32": "1", "33": "1", "34": "1", "35": "1", "36": "1", "37": "1", "38": "1", "39": "1", "40": "1"}}