{"edges": [[0, 1], [0, 2], [0, 5], [1, 0], [1, 2], [1, 6], [1, 12], [1, 14], [2, 0], [2, 1], [2, 5], [2, 14], [2, 15], [3, 4], [3, 8], [3, 13], [3, 16], [4, 3], [4, 7], [4, 8], [4, 11], [4, 13], [5, 0], [5, 2], [5, 6], [5, 20], [5, 22], [6, 1], [6, 5], [6, 7], [6, 22], [6, 23], [7, 4], [7, 6], [7, 8], [7, 21], [7, 24], [8, 3], [8, 4], [8, 7], [8, 19], [8, 21], [9, 10], [9, 11], [9, 18], [10, 9], [10, 17], [10, 18], [11, 4], [11, 9], [11, 13], [11, 21], [12, 1], [12, 14], [12, 22], [13, 3], [13, 4], [13, 11], [13, 19], [13, 21], [14, 1], [14, 2], [14, 12], [14, 15], [14, 20], [14, 22], [14, 23], [15, 2], [15, 14], [15, 16], [15, 22], [15, 24], [16, 3], [16, 15], [16, 23], [16, 24], [17, 10], [17, 18], [17, 19], [18, 9], [18, 10], [18, 17], [19, 8], [19, 13], [19, 17], [19, 21], [20, 5], [20, 14], [20, 22], [21, 7], [21, 8], [21, 11], [21, 13], [21, 19], [22, 5], [22, 6], [22, 12], [22, 14], [22, 15], [22, 20], [22, 23], [23, 6], [23, 14], [23, 16], [23, 22], [23, 24], [24, 7], [24, 15], [24, 16], [24, 23]], "target": 0, "label": {"0": "0", "1": "0", "2": "0", "3": "0", "4": "0", "5": "0", "6": "0", "7": "0", "8": "0", "9": "1", "10": "1", "11": "1", "12": "1", "13": "1", "14": "1", "15": "1", "16": "1", "17": "1", "18": "1", "19": "1", "20": "1", "21": "1", "22": "1", "23": "1", "24": "1"}}