{"edges": [[0, 1], [0, 11], [0, 13], [0, 18], [0, 20], [1, 0], [1, 13], [1, 14], [1, 20], [2, 12], [2, 14], [2, 19], [2, 22], [3, 6], [3, 7], [3, 10], [3, 12], [3, 19], [4, 5], [4, 13], [4, 18], [4, 20], [5, 4], [5, 13], [5, 20], [5, 21], [6, 3], [6, 7], [6, 19], [6, 22], [7, 3], [7, 6], [7, 12], [7, 17], [7, 19], [8, 9], [8, 10], [8, 16], [9, 8], [9, 15], [10, 3], [10, 8], [10, 12], [10, 19], [11, 0], [11, 13], [11, 20], [12, 2], [12, 3], [12, 7], [12, 10], [12, 17], [12, 19], [13, 0], [13, 1], [13, 4], [13, 5], [13, 11], [13, 14], [13, 21], [14, 1], [14, 2], [14, 13], [14, 20], [14, 21], [14, 22], [15, 9], [15, 16], [15, 17], [16, 8], [16, 15], [17, 7], [17, 12], [17, 15], [17, 19], [18, 0], [18, 4], [18, 20], [19, 2], [19, 3], [19, 6], [19, 7], [19, 10], [19, 12], [19, 17], [20, 0], [20, 1], [20, 4], [20, 5], [20, 11], [20, 14], [20, 18], [20, 21], [21, 5], [21, 13], [21, 14], [21, 20], [21, 22], [22, 2], [22, 6], [22, 14], [22, 21]], "target": 0, "label": {"0": "0", "1": "0", "2": "0", "3": "0", "4": "0", "5": "0", "6": "0", "7": "0", "8": "1", "9": "1", "10": "1", "11": "1", "12": "1", "13": "1", "14": "1", "15": "1", "16": "1", "17": "1", "18": "1", "19": "1", "20": "1", "21": "1", "22": "1"}}