{"edges": [[0, 26], [0, 37], [1, 10], [1, 26], [1, 27], [2, 8], [2, 28], [2, 29], [2, 30], [3, 7], [3, 11], [3, 31], [3, 32], [4, 25], [4, 26], [4, 37], [4, 38], [5, 18], [5, 26], [5, 27], [5, 38], [5, 39], [6, 16], [6, 40], [6, 41], [6, 42], [7, 3], [7, 19], [7, 29], [7, 30], [7, 43], [7, 44], [8, 2], [8, 9], [8, 17], [8, 19], [8, 28], [9, 8], [9, 10], [9, 16], [9, 18], [9, 27], [9, 28], [10, 1], [10, 9], [10, 12], [10, 17], [10, 18], [10, 20], [10, 26], [11, 3], [11, 13], [11, 21], [11, 30], [12, 10], [12, 18], [12, 24], [13, 11], [13, 19], [13, 32], [13, 33], [14, 15], [14, 23], [14, 35], [15, 14], [15, 22], [15, 23], [15, 34], [15, 35], [16, 6], [16, 9], [16, 17], [16, 19], [16, 40], [17, 8], [17, 10], [17, 16], [17, 18], [17, 39], [17, 40], [18, 5], [18, 9], [18, 10], [18, 12], [18, 17], [18, 20], [18, 38], [19, 7], [19, 8], [19, 13], [19, 16], [19, 21], [19, 42], [20, 10], [20, 18], [20, 36], [21, 11], [21, 19], [21, 44], [21, 45], [22, 15], [22, 23], [22, 47], [23, 14], [23, 15], [23, 22], [23, 46], [23, 47], [24, 12], [24, 25], [24, 37], [25, 4], [25, 24], [25, 26], [25, 36], [26, 0], [26, 1], [26, 4], [26, 5], [26, 10], [26, 25], [27, 1], [27, 5], [27, 9], [27, 28], [28, 2], [28, 8], [28, 9], [28, 27], [28, 29], [29, 2], [29, 7], [29, 28], [29, 30], [29, 42], [30, 2], [30, 7], [30, 11], [30, 29], [30, 43], [30, 44], [31, 3], [31, 32], [32, 3], [32, 13], [32, 31], [32, 43], [33, 13], [33, 34], [33, 35], [34, 15], [34, 33], [34, 35], [34, 45], [35, 14], [35, 15], [35, 33], [35, 34], [35, 46], [35, 47], [36, 20], [36, 25], [36, 37], [37, 0], [37, 4], [37, 24], [37, 36], [38, 4], [38, 5], [38, 18], [38, 39], [39, 5], [39, 17], [39, 38], [39, 40], [40, 6], [40, 16], [40, 17], [40, 39], [40, 41], [41, 6], [41, 40], [41, 42], [42, 6], [42, 19], [42, 29], [42, 41], [43, 7], [43, 30], [43, 32], [43, 44], [44, 7], [44, 21], [44, 30], [44, 43], [45, 21], [45, 34], [45, 46], [45, 47], [46, 23], [46, 35], [46, 45], [46, 47], [47, 22], [47, 23], [47, 35], [47, 45], [47, 46]], "target": 0, "label": {"0": "0", "1": "0", "2": "0", "3": "0", "4": "0", "5": "0", "6": "0", "7": "0", "8": "1", "9": "1", "10": "1", "11": "1", "12": "1", "13": "1", "14": "1", "15": "1", "16": "1", "17": "1", "18": "1", "19": "1", "20": "1", "21": "1", "22": "1", "23": "1", "24": "2", "25": "2", "26": "2", "27": "2", "28": "2", "29": "2", "30": "2", "31": "2", "32": "2", "33": "2", "34": "2", "35": "2", "36": "2", "37": "2", "38": "2", "39": "2", "40": "2", "41": "2", "42": "2", "43": "2", "44": "2", "45": "2", "46": "2", "47": "2"}}