{"edges": [[0, 6], [0, 8], [0, 12], [0, 13], [0, 14], [1, 6], [1, 14], [1, 15], [2, 4], [2, 18], [2, 19], [3, 7], [3, 9], [3, 19], [3, 20], [3, 21], [4, 2], [4, 17], [4, 18], [5, 15], [5, 16], [5, 17], [6, 0], [6, 1], [6, 14], [7, 3], [7, 19], [7, 20], [8, 0], [8, 12], [8, 13], [9, 3], [9, 20], [9, 21], [9, 22], [10, 24], [10, 25], [10, 26], [11, 22], [11, 23], [11, 24], [12, 0], [12, 8], [12, 13], [13, 0], [13, 8], [13, 12], [13, 14], [14, 0], [14, 1], [14, 6], [14, 13], [15, 1], [15, 5], [15, 16], [16, 5], [16, 15], [16, 17], [17, 4], [17, 5], [17, 16], [17, 18], [18, 2], [18, 4], [18, 17], [19, 2], [19, 3], [19, 7], [20, 3], [20, 7], [20, 9], [20, 21], [21, 3], [21, 9], [21, 20], [22, 9], [22, 11], [22, 23], [22, 24], [23, 11], [23, 22], [23, 24], [24, 10], [24, 11], [24, 22], [24, 23], [24, 25], [24, 26], [25, 10], [25, 24], [25, 26], [26, 10], [26, 24], [26, 25]], "target": 0, "label": {"0": "0", "1": "0", "2": "0", "3": "0", "4": "1", "5": "1", "6": "1", "7": "1", "8": "1", "9": "1", "10": "1", "11": "1", "12": "2", "13": "2", "14": "2", "15": "2", "16": "2", "17": "2", "18": "2", "19": "2", "20": "2", "21": "2", "22": "2", "23": "2", "24": "2", "25": "2", "26": "2"}}