{"edges": [[0, 1], [0, 2], [0, 10], [1, 0], [1, 2], [1, 3], [1, 10], [1, 12], [2, 0], [2, 1], [2, 3], [2, 12], [2, 13], [3, 1], [3, 2], [3, 4], [3, 5], [3, 11], [3, 14], [4, 3], [4, 5], [4, 6], [4, 9], [4, 11], [5, 3], [5, 4], [5, 6], [5, 9], [6, 4], [6, 5], [6, 7], [6, 8], [7, 6], [7, 8], [7, 9], [8, 6], [8, 7], [8, 9], [9, 4], [9, 5], [9, 7], [9, 8], [9, 11], [9, 14], [10, 0], [10, 1], [10, 12], [10, 13], [11, 3], [11, 4], [11, 9], [11, 13], [11, 14], [12, 1], [12, 2], [12, 10], [12, 13], [12, 14], [13, 2], [13, 10], [13, 11], [13, 12], [13, 14], [14, 3], [14, 9], [14, 11], [14, 12], [14, 13]], "target": 0, "label": {"0": "0", "1": "0", "2": "0", "3": "0", "4": "0", "5": "0", "6": "0", "7": "1", "8": "1", "9": "1", "10": "1", "11": "1", "12": "1", "13": "1", "14": "1"}}