{"edges": [[0, 1], [0, 24], [1, 0], [1, 2], [1, 14], [1, 26], [1, 27], [2, 1], [2, 3], [2, 26], [2, 28], [3, 2], [3, 4], [3, 16], [3, 17], [3, 28], [4, 3], [4, 5], [4, 6], [4, 15], [4, 17], [5, 4], [5, 6], [5, 15], [5, 16], [5, 18], [6, 4], [6, 5], [6, 17], [6, 30], [7, 8], [7, 20], [7, 29], [7, 30], [8, 7], [8, 9], [8, 19], [8, 29], [8, 31], [9, 8], [9, 10], [9, 20], [9, 31], [9, 32], [10, 9], [10, 11], [10, 22], [10, 25], [10, 32], [11, 10], [11, 22], [11, 23], [11, 25], [12, 24], [12, 27], [12, 33], [12, 36], [13, 26], [13, 27], [13, 35], [13, 36], [14, 1], [14, 26], [14, 28], [14, 35], [14, 37], [15, 4], [15, 5], [15, 16], [15, 37], [16, 3], [16, 5], [16, 15], [16, 17], [16, 18], [17, 3], [17, 4], [17, 6], [17, 16], [17, 18], [18, 5], [18, 16], [18, 17], [18, 39], [19, 8], [19, 20], [19, 38], [19, 39], [20, 7], [20, 9], [20, 19], [20, 21], [20, 38], [20, 40], [21, 20], [21, 32], [21, 40], [21, 41], [22, 10], [22, 11], [22, 23], [22, 25], [22, 34], [22, 43], [23, 11], [23, 22], [23, 25], [23, 34], [24, 0], [24, 12], [24, 27], [25, 10], [25, 11], [25, 22], [25, 23], [25, 43], [26, 1], [26, 2], [26, 13], [26, 14], [26, 27], [26, 28], [26, 36], [26, 37], [27, 1], [27, 12], [27, 13], [27, 24], [27, 26], [27, 33], [28, 2], [28, 3], [28, 14], [28, 26], [29, 7], [29, 8], [29, 30], [29, 31], [29, 39], [29, 40], [30, 6], [30, 7], [30, 29], [30, 38], [31, 8], [31, 9], [31, 29], [31, 38], [32, 9], [32, 10], [32, 21], [32, 41], [32, 42], [32, 43], [33, 12], [33, 27], [34, 22], [34, 23], [34, 43], [35, 13], [35, 14], [36, 12], [36, 13], [36, 26], [37, 14], [37, 15], [37, 26], [38, 19], [38, 20], [38, 30], [38, 31], [38, 39], [38, 40], [39, 18], [39, 19], [39, 29], [39, 38], [40, 20], [40, 21], [40, 29], [40, 38], [41, 21], [41, 32], [41, 42], [41, 43], [42, 32], [42, 41], [42, 43], [43, 22], [43, 25], [43, 32], [43, 34], [43, 41], [43, 42]], "target": 0, "label": {"0": "0", "1": "0", "2": "0", "3": "0", "4": "0", "5": "0", "6": "0", "7": "0", "8": "0", "9": "0", "10": "0", "11": "0", "12": "0", "13": "0", "14": "0", "15": "0", "16": "0", "17": "0", "18": "0", "19": "0", "20": "0", "21": "0", "22": "0", "23": "0", "24": "1", "25": "1", "26": "1", "27": "1", "28": "1", "29": "1", "30": "1", "31": "1", "32": "1", "33": "1", "34": "1", "35": "1", "36": "1", "37": "1", "38": "1", "39": "1", "40": "1", "41": "1", "42": "1", "43": "1"}}