{"edges": [[0, 1], [0, 11], [0, 12], [1, 0], [1, 2], [1, 3], [1, 10], [1, 11], [2, 1], [2, 3], [2, 4], [2, 13], [2, 18], [3, 1], [3, 2], [3, 4], [3, 13], [3, 14], [4, 2], [4, 3], [4, 5], [4, 6], [4, 14], [4, 15], [5, 4], [5, 6], [5, 7], [5, 8], [5, 16], [6, 4], [6, 5], [6, 7], [6, 8], [6, 16], [7, 5], [7, 6], [7, 8], [8, 5], [8, 6], [8, 7], [8, 25], [9, 21], [9, 27], [9, 28], [10, 1], [10, 11], [10, 12], [10, 13], [10, 17], [10, 18], [11, 0], [11, 1], [11, 10], [11, 12], [11, 17], [12, 0], [12, 10], [12, 11], [13, 2], [13, 3], [13, 10], [13, 14], [13, 15], [13, 17], [13, 18], [14, 3], [14, 4], [14, 13], [14, 15], [14, 16], [14, 18], [15, 4], [15, 13], [15, 14], [15, 16], [16, 5], [16, 6], [16, 14], [16, 15], [17, 10], [17, 11], [17, 13], [17, 18], [18, 2], [18, 10], [18, 13], [18, 14], [18, 17], [19, 20], [19, 25], [19, 26], [20, 19], [20, 24], [20, 25], [20, 26], [21, 9], [21, 22], [21, 23], [21, 27], [21, 28], [22, 21], [22, 23], [22, 24], [22, 27], [22, 28], [23, 21], [23, 22], [23, 24], [24, 20], [24, 22], [24, 23], [24, 26], [25, 8], [25, 19], [25, 20], [25, 26], [26, 19], [26, 20], [26, 24], [26, 25], [27, 9], [27, 21], [27, 22], [27, 28], [28, 9], [28, 21], [28, 22], [28, 27]], "target": 0, "label": {"0": "0", "1": "0", "2": "0", "3": "0", "4": "0", "5": "0", "6": "0", "7": "0", "8": "0", "9": "0", "10": "1", "11": "1", "12": "1", "13": "1", "14": "1", "15": "1", "16": "1", "17": "1", "18": "1", "19": "1", "20": "1", "21": "1", "22": "1", "23": "1", "24": "1", "25": "1", "26": "1", "27": "1", "28": "1"}}