{"edges": [[0, 1], [0, 2], [0, 10], [1, 0], [1, 2], [1, 10], [1, 19], [2, 0], [2, 1], [2, 3], [2, 10], [2, 18], [2, 19], [3, 2], [3, 4], [3, 18], [3, 20], [4, 3], [4, 5], [4, 20], [5, 4], [5, 6], [5, 20], [6, 5], [6, 7], [6, 14], [7, 6], [7, 14], [7, 15], [7, 16], [8, 12], [8, 13], [8, 16], [8, 17], [9, 11], [9, 12], [9, 13], [10, 0], [10, 1], [10, 2], [10, 19], [11, 9], [11, 12], [11, 13], [12, 8], [12, 9], [12, 11], [12, 13], [13, 8], [13, 9], [13, 11], [13, 12], [13, 17], [14, 6], [14, 7], [14, 15], [14, 16], [15, 7], [15, 14], [15, 16], [15, 17], [16, 7], [16, 8], [16, 14], [16, 15], [16, 17], [17, 8], [17, 13], [17, 15], [17, 16], [18, 2], [18, 3], [18, 19], [18, 20], [19, 1], [19, 2], [19, 10], [19, 18], [20, 3], [20, 4], [20, 5], [20, 18]], "target": 0, "label": {"0": "0", "1": "0", "2": "0", "3": "0", "4": "0", "5": "0", "6": "0", "7": "0", "8": "0", "9": "0", "10": "1", "11": "1", "12": "1", "13": "1", "14": "1", "15": "1", "16": "1", "17": "1", "18": "1", "19": "1", "20": "1"}}