{"edges": [[0, 1], [0, 16], [0, 17], [1, 0], [1, 2], [1, 16], [1, 17], [2, 1], [2, 3], [2, 4], [2, 17], [2, 18], [3, 2], [3, 4], [3, 5], [3, 18], [3, 19], [4, 2], [4, 3], [4, 5], [4, 19], [5, 3], [5, 4], [5, 6], [5, 20], [6, 5], [6, 7], [6, 8], [6, 20], [6, 21], [7, 6], [7, 8], [7, 9], [7, 22], [7, 23], [8, 6], [8, 7], [8, 9], [8, 10], [8, 23], [9, 7], [9, 8], [9, 10], [9, 24], [10, 8], [10, 9], [10, 11], [10, 12], [10, 24], [11, 10], [11, 12], [11, 13], [12, 10], [12, 11], [12, 13], [13, 11], [13, 12], [13, 25], [14, 32], [14, 35], [14, 38], [15, 26], [15, 27], [15, 30], [16, 0], [16, 1], [16, 17], [16, 18], [17, 0], [17, 1], [17, 2], [17, 16], [17, 18], [17, 19], [18, 2], [18, 3], [18, 16], [18, 17], [18, 19], [19, 3], [19, 4], [19, 17], [19, 18], [19, 20], [20, 5], [20, 6], [20, 19], [20, 21], [20, 22], [21, 6], [21, 20], [21, 22], [21, 23], [22, 7], [22, 20], [22, 21], [22, 23], [22, 24], [23, 7], [23, 8], [23, 21], [23, 22], [23, 24], [24, 9], [24, 10], [24, 22], [24, 23], [25, 13], [25, 31], [25, 34], [25, 37], [26, 15], [26, 27], [26, 28], [26, 30], [27, 15], [27, 26], [27, 28], [27, 30], [28, 26], [28, 27], [28, 30], [29, 30], [29, 33], [29, 36], [30, 15], [30, 26], [30, 27], [30, 28], [30, 29], [30, 36], [31, 25], [31, 34], [31, 37], [32, 14], [32, 33], [32, 35], [32, 36], [33, 29], [33, 32], [33, 36], [34, 25], [34, 31], [34, 37], [34, 38], [35, 14], [35, 32], [35, 37], [35, 38], [36, 29], [36, 30], [36, 32], [36, 33], [37, 25], [37, 31], [37, 34], [37, 35], [37, 38], [38, 14], [38, 34], [38, 35], [38, 37]], "target": 5, "label": {"0": "0", "1": "0", "2": "0", "3": "0", "4": "0", "5": "0", "6": "0", "7": "0", "8": "0", "9": "0", "10": "0", "11": "0", "12": "0", "13": "0", "14": "0", "15": "0", "16": "1", "17": "1", "18": "1", "19": "1", "20": "1", "21": "1", "22": "1", "23": "1", "24": "1", "25": "1", "26": "1", "27": "1", "28": "1", "29": "1", "30": "1", "31": "1", "32": "1", "33": "1", "34": "1", "35": "1", "36": "1", "37": "1", "38": "1"}}