{"edges": [[0, 1], [0, 13], [1, 0], [1, 12], [1, 25], [2, 3], [2, 25], [2, 30], [3, 2], [3, 26], [3, 31], [4, 5], [4, 15], [4, 17], [4, 26], [5, 4], [5, 26], [5, 28], [6, 7], [6, 19], [6, 27], [6, 28], [6, 32], [6, 33], [7, 6], [7, 18], [7, 27], [7, 28], [7, 32], [7, 33], [8, 9], [8, 24], [8, 27], [8, 29], [9, 8], [9, 10], [9, 24], [9, 29], [10, 9], [10, 11], [10, 23], [11, 10], [11, 22], [11, 23], [12, 1], [12, 13], [13, 0], [13, 12], [13, 25], [13, 30], [14, 15], [14, 25], [14, 30], [15, 4], [15, 14], [15, 26], [15, 31], [16, 17], [16, 26], [16, 31], [17, 4], [17, 16], [17, 26], [17, 31], [17, 33], [18, 7], [18, 19], [18, 28], [18, 33], [19, 6], [19, 18], [19, 32], [20, 21], [20, 24], [20, 29], [20, 32], [21, 20], [21, 22], [21, 24], [22, 11], [22, 21], [22, 23], [23, 10], [23, 11], [23, 22], [24, 8], [24, 9], [24, 20], [24, 21], [25, 1], [25, 2], [25, 13], [25, 14], [26, 3], [26, 4], [26, 5], [26, 15], [26, 16], [26, 17], [27, 6], [27, 7], [27, 8], [28, 5], [28, 6], [28, 7], [28, 18], [28, 33], [29, 8], [29, 9], [29, 20], [30, 2], [30, 13], [30, 14], [31, 3], [31, 15], [31, 16], [31, 17], [32, 6], [32, 7], [32, 19], [32, 20], [33, 6], [33, 7], [33, 17], [33, 18], [33, 28]], "target": 0, "label": {"0": "0", "1": "0", "2": "0", "3": "0", "4": "0", "5": "0", "6": "0", "7": "0", "8": "0", "9": "0", "10": "0", "11": "0", "12": "0", "13": "0", "14": "0", "15": "0", "16": "0", "17": "0", "18": "0", "19": "0", "20": "0", "21": "0", "22": "0", "23": "0", "24": "1", "25": "1", "26": "1", "27": "1", "28": "1", "29": "1", "30": "1", "31": "1", "32": "1", "33": "1"}}