{"edges": [[0, 1], [0, 12], [1, 0], [1, 2], [1, 3], [1, 11], [2, 1], [2, 12], [2, 14], [2, 15], [2, 22], [3, 1], [3, 4], [3, 13], [3, 22], [4, 3], [4, 13], [4, 16], [4, 23], [5, 6], [5, 15], [5, 23], [6, 5], [6, 7], [6, 18], [7, 6], [7, 8], [7, 17], [7, 25], [8, 7], [8, 9], [8, 24], [8, 25], [9, 8], [9, 10], [9, 21], [9, 24], [10, 9], [10, 20], [10, 21], [11, 1], [11, 12], [12, 0], [12, 2], [12, 11], [12, 13], [13, 3], [13, 4], [13, 12], [13, 14], [13, 26], [14, 2], [14, 13], [14, 15], [14, 26], [15, 2], [15, 5], [15, 14], [15, 27], [16, 4], [16, 17], [16, 27], [17, 7], [17, 16], [17, 18], [18, 6], [18, 17], [18, 19], [18, 29], [19, 18], [19, 20], [19, 28], [19, 29], [20, 10], [20, 19], [20, 21], [20, 28], [21, 9], [21, 10], [21, 20], [22, 2], [22, 3], [22, 23], [22, 27], [23, 4], [23, 5], [23, 22], [23, 26], [24, 8], [24, 9], [24, 25], [24, 29], [25, 7], [25, 8], [25, 24], [25, 28], [25, 29], [26, 13], [26, 14], [26, 23], [26, 27], [27, 15], [27, 16], [27, 22], [27, 26], [28, 19], [28, 20], [28, 25], [28, 29], [29, 18], [29, 19], [29, 24], [29, 25], [29, 28]], "target": 0, "label": {"0": "0", "1": "0", "2": "0", "3": "0", "4": "0", "5": "0", "6": "0", "7": "0", "8": "0", "9": "0", "10": "0", "11": "0", "12": "0", "13": "0", "14": "0", "15": "0", "16": "0", "17": "0", "18": "0", "19": "0", "20": "0", "21": "0", "22": "1", "23": "1", "24": "1", "25": "1", "26": "1", "27": "1", "28": "1", "29": "1"}}