{"edges": [[0, 1], [0, 2], [0, 3], [1, 0], [1, 2], [1, 3], [2, 0], [2, 1], [2, 3], [3, 0], [3, 1], [3, 2], [3, 4], [3, 5], [4, 3], [4, 5], [4, 6], [5, 3], [5, 4], [5, 6], [6, 4], [6, 5], [6, 7], [6, 8], [7, 6], [7, 8], [7, 9], [8, 6], [8, 7], [8, 9], [8, 10], [9, 7], [9, 8], [9, 10], [10, 8], [10, 9], [10, 11], [10, 31], [11, 10], [11, 12], [11, 13], [11, 31], [11, 39], [12, 11], [12, 13], [12, 14], [12, 15], [12, 32], [13, 11], [13, 12], [13, 14], [13, 15], [13, 32], [14, 12], [14, 13], [14, 15], [15, 12], [15, 13], [15, 14], [15, 16], [15, 33], [16, 15], [16, 17], [16, 18], [16, 33], [17, 16], [17, 18], [17, 19], [17, 33], [18, 16], [18, 17], [18, 19], [18, 34], [19, 17], [19, 18], [19, 20], [19, 34], [19, 35], [20, 19], [20, 21], [20, 35], [21, 20], [21, 22], [21, 36], [22, 21], [22, 23], [22, 24], [22, 36], [23, 22], [23, 24], [23, 25], [23, 37], [24, 22], [24, 23], [24, 25], [24, 26], [24, 37], [25, 23], [25, 24], [25, 27], [25, 38], [26, 24], [26, 27], [26, 28], [26, 38], [27, 25], [27, 26], [27, 28], [27, 29], [27, 30], [27, 38], [28, 26], [28, 27], [28, 29], [28, 30], [29, 27], [29, 28], [29, 30], [30, 27], [30, 28], [30, 29], [31, 10], [31, 11], [31, 32], [31, 39], [32, 12], [32, 13], [32, 31], [32, 33], [32, 39], [33, 15], [33, 16], [33, 17], [33, 32], [33, 34], [34, 18], [34, 19], [34, 33], [34, 35], [35, 19], [35, 20], [35, 34], [36, 21], [36, 22], [36, 37], [36, 38], [37, 23], [37, 24], [37, 36], [37, 38], [38, 25], [38, 26], [38, 27], [38, 36], [38, 37], [39, 11], [39, 31], [39, 32]], "target": 0, "label": {"0": "0", "1": "0", "2": "0", "3": "0", "4": "0", "5": "0", "6": "0", "7": "0", "8": "0", "9": "0", "10": "0", "11": "0", "12": "0", "13": "0", "14": "0", "15": "0", "16": "0", "17": "0", "18": "0", "19": "0", "20": "0", "21": "0", "22": "0", "23": "0", "24": "0", "25": "0", "26": "0", "27": "0", "28": "0", "29": "0", "30": "0", "31": "1", "32": "1", "33": "1", "34": "1", "35": "1", "36": "1", "37": "1", "38": "1", "39": "1"}}