{"edges": [[0, 1], [0, 2], [0, 25], [1, 0], [1, 2], [1, 12], [1, 36], [1, 37], [2, 0], [2, 1], [2, 3], [2, 36], [2, 38], [3, 2], [3, 4], [3, 5], [3, 38], [3, 39], [4, 3], [4, 5], [4, 6], [4, 39], [5, 3], [5, 4], [5, 6], [5, 40], [6, 4], [6, 5], [6, 7], [6, 40], [7, 6], [7, 8], [7, 9], [8, 7], [8, 9], [8, 10], [8, 41], [9, 7], [9, 8], [9, 10], [9, 22], [9, 41], [10, 8], [10, 9], [10, 11], [11, 10], [11, 35], [12, 1], [12, 13], [12, 14], [12, 25], [12, 43], [13, 12], [13, 14], [13, 42], [14, 12], [14, 13], [14, 15], [14, 42], [14, 44], [15, 14], [15, 16], [15, 17], [15, 44], [15, 45], [16, 15], [16, 17], [16, 18], [16, 45], [17, 15], [17, 16], [17, 18], [17, 46], [18, 16], [18, 17], [18, 19], [18, 31], [18, 46], [19, 18], [19, 20], [19, 21], [20, 19], [20, 21], [20, 22], [20, 41], [20, 47], [20, 53], [21, 19], [21, 20], [21, 22], [21, 47], [22, 9], [22, 20], [22, 21], [22, 23], [23, 22], [23, 35], [24, 25], [24, 26], [24, 49], [25, 0], [25, 12], [25, 24], [25, 26], [25, 48], [26, 24], [26, 25], [26, 27], [26, 48], [26, 50], [27, 26], [27, 28], [27, 29], [27, 50], [27, 51], [28, 27], [28, 29], [28, 30], [28, 51], [29, 27], [29, 28], [29, 30], [29, 52], [30, 28], [30, 29], [30, 31], [30, 52], [31, 18], [31, 30], [31, 32], [31, 33], [32, 31], [32, 33], [32, 34], [32, 53], [33, 31], [33, 32], [33, 34], [33, 53], [34, 32], [34, 33], [34, 35], [35, 11], [35, 23], [35, 34], [36, 1], [36, 2], [36, 37], [36, 43], [36, 49], [37, 1], [37, 36], [37, 42], [37, 48], [38, 2], [38, 3], [38, 39], [39, 3], [39, 4], [39, 38], [39, 40], [39, 44], [39, 46], [39, 50], [39, 52], [40, 5], [40, 6], [40, 39], [40, 45], [40, 51], [41, 8], [41, 9], [41, 20], [41, 53], [42, 13], [42, 14], [42, 37], [43, 12], [43, 36], [44, 14], [44, 15], [44, 39], [45, 15], [45, 16], [45, 40], [46, 17], [46, 18], [46, 39], [47, 20], [47, 21], [47, 53], [48, 25], [48, 26], [48, 37], [49, 24], [49, 36], [50, 26], [50, 27], [50, 39], [51, 27], [51, 28], [51, 40], [52, 29], [52, 30], [52, 39], [53, 20], [53, 32], [53, 33], [53, 41], [53, 47]], "target": 0, "label": {"0": "0", "1": "0", "2": "0", "3": "0", "4": "0", "5": "0", "6": "0", "7": "0", "8": "0", "9": "0", "10": "0", "11": "0", "12": "0", "13": "0", "14": "0", "15": "0", "16": "0", "17": "0", "18": "0", "19": "0", "20": "0", "21": "0", "22": "0", "23": "0", "24": "0", "25": "0", "26": "0", "27": "0", "28": "0", "29": "0", "30": "0", "31": "0", "32": "0", "33": "0", "34": "0", "35": "0", "36": "1", "37": "1", "38": "1", "39": "1", "40": "1", "41": "1", "42": "1", "43": "1", "44": "1", "45": "1", "46": "1", "47": "1", "48": "1", "49": "1", "50": "1", "51": "1", "52": "1", "53": "1"}}