{"edges": [[0, 1], [0, 2], [0, 14], [1, 0], [1, 2], [1, 14], [2, 0], [2, 1], [2, 3], [2, 13], [3, 2], [3, 4], [3, 5], [3, 13], [4, 3], [4, 5], [4, 6], [4, 12], [5, 3], [5, 4], [5, 6], [5, 7], [5, 12], [6, 4], [6, 5], [6, 7], [6, 12], [6, 15], [7, 5], [7, 6], [7, 8], [7, 15], [8, 7], [8, 9], [8, 15], [9, 8], [9, 10], [9, 11], [9, 16], [9, 17], [10, 9], [10, 11], [10, 16], [10, 17], [11, 9], [11, 10], [11, 17], [12, 4], [12, 5], [12, 6], [12, 13], [12, 15], [13, 2], [13, 3], [13, 12], [13, 14], [14, 0], [14, 1], [14, 13], [15, 6], [15, 7], [15, 8], [15, 12], [16, 9], [16, 10], [16, 17], [17, 9], [17, 10], [17, 11], [17, 16]], "target": 0, "label": {"0": "0", "1": "0", "2": "0", "3": "0", "4": "0", "5": "0", "6": "0", "7": "0", "8": "0", "9": "0", "10": "0", "11": "0", "12": "1", "13": "1", "14": "1", "15": "1", "16": "1", "17": "1"}}