{"edges": [[0, 1], [0, 2], [0, 13], [1, 0], [1, 2], [1, 3], [1, 26], [2, 0], [2, 1], [2, 3], [2, 25], [3, 1], [3, 2], [3, 4], [3, 5], [3, 6], [3, 25], [4, 3], [4, 5], [4, 6], [4, 24], [5, 3], [5, 4], [5, 6], [5, 24], [6, 3], [6, 4], [6, 5], [6, 7], [6, 8], [6, 17], [6, 27], [7, 6], [7, 8], [7, 9], [7, 27], [8, 6], [8, 7], [8, 9], [9, 7], [9, 8], [9, 10], [9, 11], [9, 28], [10, 9], [10, 11], [10, 28], [10, 29], [11, 9], [11, 10], [11, 22], [11, 29], [12, 13], [12, 26], [12, 32], [13, 0], [13, 12], [13, 14], [13, 26], [13, 32], [14, 13], [14, 25], [14, 26], [14, 31], [14, 32], [15, 16], [15, 17], [15, 18], [15, 25], [15, 31], [16, 15], [16, 17], [16, 18], [16, 30], [17, 6], [17, 15], [17, 16], [17, 18], [17, 30], [18, 15], [18, 16], [18, 17], [18, 19], [18, 20], [18, 33], [19, 18], [19, 20], [19, 21], [19, 33], [20, 18], [20, 19], [20, 21], [21, 19], [21, 20], [21, 28], [21, 34], [22, 11], [22, 23], [22, 29], [22, 34], [22, 35], [23, 22], [23, 35], [24, 4], [24, 5], [24, 27], [24, 33], [25, 2], [25, 3], [25, 14], [25, 15], [26, 1], [26, 12], [26, 13], [26, 14], [27, 6], [27, 7], [27, 24], [27, 30], [28, 9], [28, 10], [28, 21], [28, 29], [29, 10], [29, 11], [29, 22], [29, 28], [29, 34], [29, 35], [30, 16], [30, 17], [30, 27], [30, 33], [31, 14], [31, 15], [32, 12], [32, 13], [32, 14], [33, 18], [33, 19], [33, 24], [33, 30], [34, 21], [34, 22], [34, 29], [35, 22], [35, 23], [35, 29]], "target": 0, "label": {"0": "0", "1": "0", "2": "0", "3": "0", "4": "0", "5": "0", "6": "0", "7": "0", "8": "0", "9": "0", "10": "0", "11": "0", "12": "0", "13": "0", "14": "0", "15": "0", "16": "0", "17": "0", "18": "0", "19": "0", "20": "0", "21": "0", "22": "0", "23": "0", "24": "1", "25": "1", "26": "1", "27": "1", "28": "1", "29": "1", "30": "1", "31": "1", "32": "1", "33": "1", "34": "1", "35": "1"}}