{"edges": [[0, 1], [0, 2], [0, 12], [1, 0], [1, 2], [1, 11], [1, 13], [1, 27], [2, 0], [2, 1], [2, 3], [2, 28], [3, 2], [3, 4], [3, 15], [3, 28], [4, 3], [4, 5], [4, 6], [4, 16], [4, 29], [5, 4], [5, 6], [5, 7], [5, 29], [6, 4], [6, 5], [6, 7], [6, 8], [6, 26], [7, 5], [7, 6], [7, 8], [7, 26], [8, 6], [8, 7], [8, 9], [8, 10], [8, 25], [9, 8], [9, 10], [9, 24], [9, 25], [10, 8], [10, 9], [10, 21], [10, 24], [11, 1], [11, 12], [11, 13], [11, 30], [11, 34], [12, 0], [12, 11], [12, 13], [12, 34], [13, 1], [13, 11], [13, 12], [13, 35], [14, 15], [14, 16], [14, 35], [15, 3], [15, 14], [15, 16], [15, 17], [15, 36], [16, 4], [16, 14], [16, 15], [16, 17], [16, 18], [16, 36], [17, 15], [17, 16], [17, 18], [17, 19], [17, 33], [18, 16], [18, 17], [18, 19], [18, 33], [19, 17], [19, 18], [19, 20], [19, 21], [19, 32], [20, 19], [20, 21], [20, 24], [20, 31], [20, 32], [21, 10], [21, 19], [21, 20], [21, 31], [22, 23], [22, 27], [22, 30], [23, 22], [23, 27], [23, 34], [24, 9], [24, 10], [24, 20], [24, 25], [24, 32], [25, 8], [25, 9], [25, 24], [25, 31], [26, 6], [26, 7], [26, 29], [26, 36], [27, 1], [27, 22], [27, 23], [27, 30], [28, 2], [28, 3], [28, 29], [28, 36], [29, 4], [29, 5], [29, 26], [29, 28], [29, 33], [29, 35], [29, 36], [30, 11], [30, 22], [30, 27], [30, 34], [31, 20], [31, 21], [31, 25], [31, 32], [32, 19], [32, 20], [32, 24], [32, 31], [33, 17], [33, 18], [33, 29], [33, 36], [34, 11], [34, 12], [34, 23], [34, 30], [35, 13], [35, 14], [35, 29], [35, 36], [36, 15], [36, 16], [36, 26], [36, 28], [36, 29], [36, 33], [36, 35]], "target": 0, "label": {"0": "0", "1": "0", "2": "0", "3": "0", "4": "0", "5": "0", "6": "0", "7": "0", "8": "0", "9": "0", "10": "0", "11": "0", "12": "0", "13": "0", "14": "0", "15": "0", "16": "0", "17": "0", "18": "0", "19": "0", "20": "0", "21": "0", "22": "1", "23": "1", "24": "1", "25": "1", "26": "1", "27": "1", "28": "1", "29": "1", "30": "1", "31": "1", "32": "1", "33": "1", "34": "1", "35": "1", "36": "1"}}