{"edges": [[0, 1], [0, 2], [0, 10], [1, 0], [1, 2], [1, 9], [1, 11], [1, 24], [2, 0], [2, 1], [2, 3], [2, 25], [3, 2], [3, 4], [3, 5], [3, 13], [3, 25], [4, 3], [4, 5], [4, 6], [4, 12], [4, 13], [4, 26], [5, 3], [5, 4], [5, 6], [5, 23], [5, 26], [6, 4], [6, 5], [6, 7], [6, 15], [6, 22], [6, 23], [7, 6], [7, 8], [7, 21], [7, 22], [8, 7], [8, 17], [8, 18], [8, 21], [9, 1], [9, 10], [9, 11], [9, 27], [9, 31], [10, 0], [10, 9], [10, 11], [10, 31], [11, 1], [11, 9], [11, 10], [11, 32], [12, 4], [12, 13], [12, 14], [12, 32], [13, 3], [13, 4], [13, 12], [13, 14], [13, 33], [14, 12], [14, 13], [14, 15], [14, 30], [14, 33], [15, 6], [15, 14], [15, 16], [15, 30], [16, 15], [16, 17], [16, 18], [16, 29], [17, 8], [17, 16], [17, 18], [17, 21], [17, 28], [17, 29], [18, 8], [18, 16], [18, 17], [18, 28], [19, 20], [19, 24], [19, 27], [20, 19], [20, 24], [20, 31], [21, 7], [21, 8], [21, 17], [21, 22], [21, 29], [22, 6], [22, 7], [22, 21], [22, 28], [23, 5], [23, 6], [23, 26], [23, 33], [24, 1], [24, 19], [24, 20], [24, 27], [25, 2], [25, 3], [25, 26], [25, 33], [26, 4], [26, 5], [26, 23], [26, 25], [26, 30], [26, 32], [26, 33], [27, 9], [27, 19], [27, 24], [27, 31], [28, 17], [28, 18], [28, 22], [28, 29], [29, 16], [29, 17], [29, 21], [29, 28], [30, 14], [30, 15], [30, 26], [30, 33], [31, 9], [31, 10], [31, 20], [31, 27], [32, 11], [32, 12], [32, 26], [32, 33], [33, 13], [33, 14], [33, 23], [33, 25], [33, 26], [33, 30], [33, 32]], "target": 0, "label": {"0": "0", "1": "0", "2": "0", "3": "0", "4": "0", "5": "0", "6": "0", "7": "0", "8": "0", "9": "0", "10": "0", "11": "0", "12": "0", "13": "0", "14": "0", "15": "0", "16": "0", "17": "0", "18": "0", "19": "1", "20": "1", "21": "1", "22": "1", "23": "1", "24": "1", "25": "1", "26": "1", "27": "1", "28": "1", "29": "1", "30": "1", "31": "1", "32": "1", "33": "1"}}