{"edges": [[0, 1], [0, 10], [0, 13], [1, 0], [1, 2], [1, 3], [1, 19], [1, 20], [2, 1], [2, 3], [2, 4], [2, 19], [3, 1], [3, 2], [3, 4], [3, 18], [4, 2], [4, 3], [4, 5], [4, 6], [4, 7], [4, 17], [4, 21], [5, 4], [5, 6], [5, 7], [5, 21], [6, 4], [6, 5], [6, 7], [7, 4], [7, 5], [7, 6], [7, 22], [8, 9], [8, 11], [8, 12], [8, 13], [9, 8], [9, 11], [9, 12], [9, 13], [10, 0], [10, 13], [10, 14], [10, 15], [10, 16], [11, 8], [11, 9], [11, 12], [12, 8], [12, 9], [12, 11], [13, 0], [13, 8], [13, 9], [13, 10], [14, 10], [14, 15], [14, 16], [14, 20], [15, 10], [15, 14], [15, 16], [15, 20], [16, 10], [16, 14], [16, 15], [16, 19], [16, 20], [17, 4], [17, 18], [17, 19], [17, 21], [17, 22], [18, 3], [18, 17], [18, 19], [18, 21], [18, 22], [19, 1], [19, 2], [19, 16], [19, 17], [19, 18], [19, 20], [20, 1], [20, 14], [20, 15], [20, 16], [20, 19], [21, 4], [21, 5], [21, 17], [21, 18], [21, 22], [22, 7], [22, 17], [22, 18], [22, 21]], "target": 0, "label": {"0": "0", "1": "0", "2": "0", "3": "0", "4": "0", "5": "0", "6": "0", "7": "0", "8": "1", "9": "1", "10": "1", "11": "1", "12": "1", "13": "1", "14": "1", "15": "1", "16": "1", "17": "1", "18": "1", "19": "1", "20": "1", "21": "1", "22": "1"}}