{"edges": [[0, 17], [0, 18], [0, 23], [1, 2], [1, 3], [1, 4], [1, 15], [1, 19], [2, 1], [2, 3], [2, 4], [2, 20], [3, 1], [3, 2], [3, 4], [3, 28], [4, 1], [4, 2], [4, 3], [4, 5], [4, 6], [4, 27], [4, 28], [5, 4], [5, 6], [5, 7], [5, 27], [6, 4], [6, 5], [6, 7], [6, 26], [7, 5], [7, 6], [7, 8], [7, 26], [7, 29], [8, 7], [8, 9], [8, 29], [8, 30], [9, 8], [9, 10], [9, 11], [9, 30], [9, 31], [10, 9], [10, 11], [10, 12], [10, 31], [11, 9], [11, 10], [11, 12], [11, 25], [12, 10], [12, 11], [12, 24], [12, 25], [13, 14], [13, 18], [13, 23], [14, 13], [14, 18], [14, 23], [15, 1], [15, 16], [15, 19], [15, 20], [15, 28], [16, 15], [16, 17], [16, 19], [16, 20], [16, 21], [16, 22], [17, 0], [17, 16], [17, 18], [17, 21], [17, 22], [18, 0], [18, 13], [18, 14], [18, 17], [18, 23], [19, 1], [19, 15], [19, 16], [19, 20], [20, 2], [20, 15], [20, 16], [20, 19], [20, 28], [21, 16], [21, 17], [21, 22], [22, 16], [22, 17], [22, 21], [23, 0], [23, 13], [23, 14], [23, 18], [24, 12], [24, 25], [24, 31], [25, 11], [25, 12], [25, 24], [25, 31], [26, 6], [26, 7], [26, 27], [26, 29], [27, 4], [27, 5], [27, 26], [27, 28], [28, 3], [28, 4], [28, 15], [28, 20], [28, 27], [29, 7], [29, 8], [29, 26], [29, 30], [30, 8], [30, 9], [30, 29], [30, 31], [31, 9], [31, 10], [31, 24], [31, 25], [31, 30]], "target": 0, "label": {"0": "0", "1": "0", "2": "0", "3": "0", "4": "0", "5": "0", "6": "0", "7": "0", "8": "0", "9": "0", "10": "0", "11": "0", "12": "0", "13": "1", "14": "1", "15": "1", "16": "1", "17": "1", "18": "1", "19": "1", "20": "1", "21": "1", "22": "1", "23": "1", "24": "1", "25": "1", "26": "1", "27": "1", "28": "1", "29": "1", "30": "1", "31": "1"}}