{"edges": [[0, 1], [0, 20], [0, 21], [1, 0], [1, 2], [1, 3], [1, 21], [1, 22], [2, 1], [2, 3], [2, 4], [2, 29], [3, 1], [3, 2], [3, 4], [3, 5], [3, 23], [4, 2], [4, 3], [4, 5], [4, 6], [4, 30], [5, 3], [5, 4], [5, 6], [5, 7], [5, 31], [6, 4], [6, 5], [6, 7], [6, 31], [6, 32], [7, 5], [7, 6], [7, 8], [7, 24], [7, 32], [8, 7], [8, 9], [8, 10], [8, 24], [9, 8], [9, 10], [9, 11], [10, 8], [10, 9], [10, 11], [10, 12], [10, 13], [11, 9], [11, 10], [11, 12], [11, 13], [11, 25], [12, 10], [12, 11], [12, 13], [12, 25], [13, 10], [13, 11], [13, 12], [13, 14], [13, 26], [14, 13], [14, 15], [14, 16], [14, 26], [14, 27], [15, 14], [15, 16], [15, 17], [15, 27], [15, 28], [16, 14], [16, 15], [16, 17], [16, 18], [16, 19], [16, 28], [17, 15], [17, 16], [17, 18], [17, 19], [18, 16], [18, 17], [18, 19], [19, 16], [19, 17], [19, 18], [20, 0], [20, 21], [20, 22], [20, 29], [21, 0], [21, 1], [21, 20], [21, 22], [21, 29], [22, 1], [22, 20], [22, 21], [22, 23], [22, 29], [23, 3], [23, 22], [23, 29], [23, 30], [23, 31], [24, 7], [24, 8], [24, 25], [24, 31], [24, 32], [25, 11], [25, 12], [25, 24], [25, 26], [26, 13], [26, 14], [26, 25], [26, 27], [26, 28], [27, 14], [27, 15], [27, 26], [27, 28], [28, 15], [28, 16], [28, 26], [28, 27], [29, 2], [29, 20], [29, 21], [29, 22], [29, 23], [29, 30], [30, 4], [30, 23], [30, 29], [30, 31], [30, 32], [31, 5], [31, 6], [31, 23], [31, 24], [31, 30], [31, 32], [32, 6], [32, 7], [32, 24], [32, 30], [32, 31]], "target": 0, "label": {"0": "0", "1": "0", "2": "0", "3": "0", "4": "0", "5": "0", "6": "0", "7": "0", "8": "0", "9": "0", "10": "0", "11": "0", "12": "0", "13": "0", "14": "0", "15": "0", "16": "0", "17": "0", "18": "0", "19": "0", "20": "1", "21": "1", "22": "1", "23": "1", "24": "1", "25": "1", "26": "1", "27": "1", "28": "1", "29": "1", "30": "1", "31": "1", "32": "1"}}