{"edges": [[0, 1], [0, 18], [0, 19], [1, 0], [1, 2], [1, 3], [1, 19], [1, 20], [2, 1], [2, 3], [2, 4], [2, 20], [2, 21], [3, 1], [3, 2], [3, 4], [3, 5], [3, 21], [4, 2], [4, 3], [4, 5], [4, 6], [4, 27], [5, 3], [5, 4], [5, 6], [5, 27], [5, 28], [6, 4], [6, 5], [6, 7], [6, 22], [6, 28], [7, 6], [7, 8], [7, 9], [7, 22], [8, 7], [8, 9], [8, 10], [8, 11], [9, 7], [9, 8], [9, 10], [9, 11], [9, 23], [10, 8], [10, 9], [10, 11], [10, 23], [11, 8], [11, 9], [11, 10], [11, 12], [11, 24], [12, 11], [12, 13], [12, 14], [12, 24], [12, 25], [13, 12], [13, 14], [13, 15], [13, 25], [13, 26], [14, 12], [14, 13], [14, 15], [14, 16], [14, 17], [14, 26], [15, 13], [15, 14], [15, 16], [15, 17], [16, 14], [16, 15], [16, 17], [17, 14], [17, 15], [17, 16], [18, 0], [18, 19], [18, 20], [19, 0], [19, 1], [19, 18], [19, 20], [20, 1], [20, 2], [20, 18], [20, 19], [20, 21], [21, 2], [21, 3], [21, 20], [21, 27], [21, 28], [22, 6], [22, 7], [22, 23], [22, 27], [22, 28], [23, 9], [23, 10], [23, 22], [23, 24], [24, 11], [24, 12], [24, 23], [24, 25], [24, 26], [25, 12], [25, 13], [25, 24], [25, 26], [26, 13], [26, 14], [26, 24], [26, 25], [27, 4], [27, 5], [27, 21], [27, 22], [27, 28], [28, 5], [28, 6], [28, 21], [28, 22], [28, 27]], "target": 0, "label": {"0": "0", "1": "0", "2": "0", "3": "0", "4": "0", "5": "0", "6": "0", "7": "0", "8": "0", "9": "0", "10": "0", "11": "0", "12": "0", "13": "0", "14": "0", "15": "0", "16": "0", "17": "0", "18": "1", "19": "1", "20": "1", "21": "1", "22": "1", "23": "1", "24": "1", "25": "1", "26": "1", "27": "1", "28": "1"}}