{"edges": [[0, 1], [0, 13], [0, 30], [0, 35], [1, 0], [1, 2], [1, 3], [1, 29], [2, 1], [2, 3], [2, 4], [3, 1], [3, 2], [3, 4], [3, 31], [4, 2], [4, 3], [4, 5], [4, 31], [5, 4], [5, 6], [5, 32], [5, 37], [6, 5], [6, 7], [6, 32], [7, 6], [7, 21], [7, 22], [7, 33], [8, 9], [8, 25], [8, 33], [9, 8], [9, 10], [9, 24], [10, 9], [10, 11], [10, 12], [10, 25], [10, 27], [10, 28], [11, 10], [11, 12], [11, 25], [12, 10], [12, 11], [12, 25], [13, 0], [13, 29], [13, 30], [13, 34], [13, 35], [14, 15], [14, 29], [14, 34], [15, 14], [15, 16], [15, 17], [16, 15], [16, 17], [16, 18], [17, 15], [17, 16], [17, 18], [18, 16], [18, 17], [18, 19], [18, 31], [18, 36], [19, 18], [19, 20], [19, 31], [19, 36], [20, 19], [20, 32], [20, 37], [21, 7], [21, 22], [21, 32], [21, 37], [22, 7], [22, 21], [22, 23], [22, 32], [23, 22], [23, 33], [23, 38], [24, 9], [24, 25], [24, 38], [25, 8], [25, 10], [25, 11], [25, 12], [25, 24], [25, 26], [25, 33], [25, 38], [26, 25], [26, 27], [26, 28], [27, 10], [27, 26], [27, 28], [28, 10], [28, 26], [28, 27], [29, 1], [29, 13], [29, 14], [29, 30], [30, 0], [30, 13], [30, 29], [31, 3], [31, 4], [31, 18], [31, 19], [32, 5], [32, 6], [32, 20], [32, 21], [32, 22], [33, 7], [33, 8], [33, 23], [33, 25], [33, 38], [34, 13], [34, 14], [35, 0], [35, 13], [36, 18], [36, 19], [37, 5], [37, 20], [37, 21], [38, 23], [38, 24], [38, 25], [38, 33]], "target": 0, "label": {"0": "0", "1": "0", "2": "0", "3": "0", "4": "0", "5": "0", "6": "0", "7": "0", "8": "0", "9": "0", "10": "0", "11": "0", "12": "0", "13": "0", "14": "0", "15": "0", "16": "0", "17": "0", "18": "0", "19": "0", "20": "0", "21": "0", "22": "0", "23": "0", "24": "0", "25": "0", "26": "0", "27": "0", "28": "0", "29": "1", "30": "1", "31": "1", "32": "1", "33": "1", "34": "1", "35": "1", "36": "1", "37": "1", "38": "1"}}