{"edges": [[0, 1], [0, 2], [0, 13], [1, 0], [1, 2], [1, 12], [1, 14], [1, 24], [2, 0], [2, 1], [2, 3], [2, 12], [2, 13], [2, 15], [3, 2], [3, 4], [3, 16], [4, 3], [4, 5], [4, 15], [4, 26], [4, 31], [5, 4], [5, 6], [5, 18], [5, 26], [6, 5], [6, 7], [6, 26], [6, 27], [6, 31], [6, 32], [7, 6], [7, 8], [7, 18], [7, 20], [7, 27], [8, 7], [8, 9], [8, 19], [8, 20], [8, 21], [9, 8], [9, 10], [9, 20], [9, 28], [9, 33], [10, 9], [10, 11], [10, 23], [10, 28], [10, 33], [11, 10], [11, 23], [11, 28], [12, 1], [12, 2], [12, 13], [12, 29], [12, 30], [13, 0], [13, 2], [13, 12], [13, 14], [13, 29], [14, 1], [14, 13], [14, 15], [15, 2], [15, 4], [15, 14], [15, 16], [16, 3], [16, 15], [16, 17], [16, 31], [17, 16], [17, 18], [17, 31], [18, 5], [18, 7], [18, 17], [18, 19], [18, 32], [19, 8], [19, 18], [19, 20], [19, 27], [19, 32], [20, 7], [20, 8], [20, 9], [20, 19], [20, 21], [20, 22], [21, 8], [21, 20], [21, 22], [21, 33], [22, 20], [22, 21], [22, 23], [22, 33], [23, 10], [23, 11], [23, 22], [24, 1], [24, 25], [24, 30], [25, 24], [25, 29], [26, 4], [26, 5], [26, 6], [27, 6], [27, 7], [27, 19], [28, 9], [28, 10], [28, 11], [28, 33], [29, 12], [29, 13], [29, 25], [29, 30], [30, 12], [30, 24], [30, 29], [31, 4], [31, 6], [31, 16], [31, 17], [32, 6], [32, 18], [32, 19], [33, 9], [33, 10], [33, 21], [33, 22], [33, 28]], "target": 0, "label": {"0": "0", "1": "0", "2": "0", "3": "0", "4": "0", "5": "0", "6": "0", "7": "0", "8": "0", "9": "0", "10": "0", "11": "0", "12": "0", "13": "0", "14": "0", "15": "0", "16": "0", "17": "0", "18": "0", "19": "0", "20": "0", "21": "0", "22": "0", "23": "0", "24": "1", "25": "1", "26": "1", "27": "1", "28": "1", "29": "1", "30": "1", "31": "1", "32": "1", "33": "1"}}