{"edges": [[0, 1], [0, 14], [1, 0], [1, 2], [1, 13], [2, 1], [2, 16], [2, 29], [2, 32], [3, 4], [3, 15], [3, 29], [4, 3], [4, 18], [4, 28], [4, 33], [5, 6], [5, 17], [5, 19], [5, 28], [5, 33], [6, 5], [6, 18], [6, 26], [7, 8], [7, 26], [7, 35], [8, 7], [8, 26], [8, 27], [8, 34], [8, 35], [9, 10], [9, 27], [9, 30], [9, 31], [10, 9], [10, 11], [10, 30], [10, 31], [11, 10], [11, 12], [11, 25], [12, 11], [12, 24], [12, 25], [13, 1], [13, 14], [14, 0], [14, 13], [14, 15], [15, 3], [15, 14], [15, 29], [15, 32], [16, 2], [16, 17], [16, 29], [16, 32], [17, 5], [17, 16], [17, 28], [17, 33], [18, 4], [18, 6], [18, 19], [18, 28], [18, 33], [19, 5], [19, 18], [19, 35], [20, 21], [20, 26], [20, 35], [21, 20], [21, 26], [21, 27], [21, 34], [21, 35], [22, 23], [22, 30], [22, 31], [22, 34], [23, 22], [23, 24], [23, 30], [23, 31], [24, 12], [24, 23], [24, 25], [25, 11], [25, 12], [25, 24], [26, 6], [26, 7], [26, 8], [26, 20], [26, 21], [26, 35], [27, 8], [27, 9], [27, 21], [27, 34], [28, 4], [28, 5], [28, 17], [28, 18], [28, 33], [29, 2], [29, 3], [29, 15], [29, 16], [29, 32], [30, 9], [30, 10], [30, 22], [30, 23], [30, 31], [31, 9], [31, 10], [31, 22], [31, 23], [31, 30], [32, 2], [32, 15], [32, 16], [32, 29], [33, 4], [33, 5], [33, 17], [33, 18], [33, 28], [34, 8], [34, 21], [34, 22], [34, 27], [35, 7], [35, 8], [35, 19], [35, 20], [35, 21], [35, 26]], "target": 0, "label": {"0": "0", "1": "0", "2": "0", "3": "0", "4": "0", "5": "0", "6": "0", "7": "0", "8": "0", "9": "0", "10": "0", "11": "0", "12": "0", "13": "0", "14": "0", "15": "0", "16": "0", "17": "0", "18": "0", "19": "0", "20": "0", "21": "0", "22": "0", "23": "0", "24": "0", "25": "0", "26": "1", "27": "1", "28": "1", "29": "1", "30": "1", "31": "1", "32": "1", "33": "1", "34": "1", "35": "1"}}