{"edges": [[0, 1], [0, 2], [0, 10], [1, 0], [1, 2], [1, 3], [1, 4], [2, 0], [2, 1], [2, 3], [2, 4], [3, 1], [3, 2], [3, 4], [4, 1], [4, 2], [4, 3], [5, 12], [5, 13], [5, 17], [6, 7], [6, 8], [6, 18], [7, 6], [7, 8], [7, 19], [8, 6], [8, 7], [8, 20], [9, 10], [9, 15], [10, 0], [10, 9], [10, 14], [11, 12], [11, 17], [12, 5], [12, 11], [12, 13], [12, 16], [12, 17], [13, 5], [13, 12], [13, 17], [13, 18], [13, 19], [13, 20], [14, 10], [14, 15], [15, 9], [15, 14], [16, 12], [16, 17], [17, 5], [17, 11], [17, 12], [17, 13], [17, 16], [18, 6], [18, 13], [18, 19], [18, 20], [19, 7], [19, 13], [19, 18], [19, 20], [20, 8], [20, 13], [20, 18], [20, 19]], "target": 0, "label": {"0": "0", "1": "0", "2": "0", "3": "0", "4": "0", "5": "0", "6": "0", "7": "0", "8": "0", "9": "1", "10": "1", "11": "1", "12": "1", "13": "1", "14": "1", "15": "1", "16": "1", "17": "1", "18": "1", "19": "1", "20": "1"}}