{"edges": [[0, 1], [0, 14], [0, 18], [1, 0], [1, 2], [1, 14], [1, 16], [1, 20], [2, 1], [2, 3], [2, 4], [2, 15], [2, 17], [3, 2], [3, 4], [3, 5], [3, 6], [3, 15], [4, 2], [4, 3], [4, 5], [4, 6], [4, 15], [5, 3], [5, 4], [5, 6], [6, 3], [6, 4], [6, 5], [7, 8], [7, 14], [7, 18], [8, 7], [8, 16], [8, 20], [9, 10], [9, 11], [9, 15], [9, 19], [9, 21], [10, 9], [10, 11], [10, 12], [10, 13], [10, 15], [10, 19], [11, 9], [11, 10], [11, 12], [11, 13], [11, 15], [11, 19], [12, 10], [12, 11], [12, 13], [13, 10], [13, 11], [13, 12], [14, 0], [14, 1], [14, 7], [14, 16], [14, 20], [15, 2], [15, 3], [15, 4], [15, 9], [15, 10], [15, 11], [15, 17], [16, 1], [16, 8], [16, 14], [16, 17], [16, 18], [16, 21], [17, 2], [17, 15], [17, 16], [17, 19], [17, 20], [17, 21], [18, 0], [18, 7], [18, 16], [18, 20], [19, 9], [19, 10], [19, 11], [19, 17], [20, 1], [20, 8], [20, 14], [20, 17], [20, 18], [20, 21], [21, 9], [21, 16], [21, 17], [21, 20]], "target": 0, "label": {"0": "0", "1": "0", "2": "0", "3": "0", "4": "0", "5": "0", "6": "0", "7": "0", "8": "0", "9": "0", "10": "0", "11": "0", "12": "0", "13": "0", "14": "1", "15": "1", "16": "1", "17": "1", "18": "1", "19": "1", "20": "1", "21": "1"}}