{"edges": [[0, 8], [0, 9], [0, 13], [1, 2], [1, 11], [1, 12], [1, 16], [1, 17], [2, 1], [2, 3], [2, 5], [2, 7], [2, 10], [2, 12], [2, 17], [3, 2], [3, 7], [3, 10], [4, 5], [4, 8], [4, 13], [4, 16], [5, 2], [5, 4], [5, 6], [5, 7], [5, 16], [5, 17], [6, 5], [6, 7], [6, 15], [6, 17], [7, 2], [7, 3], [7, 5], [7, 6], [7, 15], [8, 0], [8, 4], [8, 9], [8, 11], [8, 14], [9, 0], [9, 8], [9, 13], [10, 2], [10, 3], [10, 12], [10, 17], [11, 1], [11, 8], [11, 12], [12, 1], [12, 2], [12, 10], [12, 11], [12, 15], [12, 16], [12, 17], [13, 0], [13, 4], [13, 9], [13, 14], [14, 8], [14, 13], [15, 6], [15, 7], [15, 12], [15, 17], [16, 1], [16, 4], [16, 5], [16, 12], [17, 1], [17, 2], [17, 5], [17, 6], [17, 10], [17, 12], [17, 15]], "target": 0, "label": {"0": "0", "1": "0", "2": "0", "3": "0", "4": "0", "5": "0", "6": "0", "7": "0", "8": "1", "9": "1", "10": "1", "11": "1", "12": "1", "13": "1", "14": "1", "15": "1", "16": "1", "17": "1"}}