{"edges": [[0, 1], [0, 20], [0, 21], [1, 0], [1, 2], [1, 20], [1, 21], [2, 1], [2, 3], [2, 4], [2, 21], [2, 22], [3, 2], [3, 4], [3, 5], [3, 22], [4, 2], [4, 3], [4, 5], [4, 22], [5, 3], [5, 4], [5, 6], [5, 23], [6, 5], [6, 7], [6, 8], [6, 23], [6, 24], [7, 6], [7, 8], [7, 9], [7, 25], [7, 26], [8, 6], [8, 7], [8, 9], [8, 10], [8, 26], [9, 7], [9, 8], [9, 10], [9, 27], [10, 8], [10, 9], [10, 11], [10, 12], [10, 27], [11, 10], [11, 12], [11, 13], [11, 27], [12, 10], [12, 11], [12, 13], [13, 11], [13, 12], [13, 28], [14, 15], [14, 35], [14, 36], [15, 14], [15, 30], [15, 34], [15, 36], [16, 17], [16, 18], [16, 19], [16, 32], [16, 38], [17, 16], [17, 18], [17, 19], [17, 38], [18, 16], [18, 17], [18, 19], [18, 37], [19, 16], [19, 17], [19, 18], [19, 29], [19, 37], [20, 0], [20, 1], [20, 21], [21, 0], [21, 1], [21, 2], [21, 20], [21, 22], [22, 2], [22, 3], [22, 4], [22, 21], [22, 23], [23, 5], [23, 6], [23, 22], [23, 24], [23, 25], [24, 6], [24, 23], [24, 25], [24, 26], [25, 7], [25, 23], [25, 24], [25, 26], [25, 27], [26, 7], [26, 8], [26, 24], [26, 25], [26, 27], [27, 9], [27, 10], [27, 11], [27, 25], [27, 26], [28, 13], [28, 31], [28, 35], [28, 36], [29, 19], [29, 37], [29, 39], [29, 40], [30, 15], [30, 33], [30, 34], [30, 35], [30, 36], [31, 28], [31, 35], [31, 36], [32, 16], [32, 33], [32, 34], [32, 38], [33, 30], [33, 32], [33, 34], [33, 38], [34, 15], [34, 30], [34, 32], [34, 33], [35, 14], [35, 28], [35, 30], [35, 31], [35, 36], [36, 14], [36, 15], [36, 28], [36, 30], [36, 31], [36, 35], [37, 18], [37, 19], [37, 29], [37, 38], [37, 39], [37, 40], [38, 16], [38, 17], [38, 32], [38, 33], [38, 37], [39, 29], [39, 37], [39, 40], [40, 29], [40, 37], [40, 39]], "target": 5, "label": {"0": "0", "1": "0", "2": "0", "3": "0", "4": "0", "5": "0", "6": "0", "7": "0", "8": "0", "9": "0", "10": "0", "11": "0", "12": "0", "13": "0", "14": "0", "15": "0", "16": "0", "17": "0", "18": "0", "19": "0", "20": "1", "21": "1", "22": "1", "23": "1", "24": "1", "25": "1", "26": "1", "27": "1", "28": "1", "29": "1", "30": "1", "31": "1", "32": "1", "33": "1", "34": "1", "35": "1", "36": "1", "37": "1", "38": "1", "39": "1", "40": "1"}}