{"edges": [[0, 1], [0, 22], [0, 23], [1, 0], [1, 2], [1, 23], [1, 26], [2, 1], [2, 3], [2, 4], [2, 26], [3, 2], [3, 4], [3, 5], [4, 2], [4, 3], [4, 5], [4, 6], [4, 27], [5, 3], [5, 4], [5, 6], [5, 7], [6, 4], [6, 5], [6, 7], [7, 5], [7, 6], [7, 8], [7, 27], [8, 7], [8, 9], [8, 10], [8, 11], [8, 27], [9, 8], [9, 10], [9, 11], [9, 27], [10, 8], [10, 9], [10, 11], [10, 12], [11, 8], [11, 9], [11, 10], [11, 12], [12, 10], [12, 11], [12, 13], [13, 12], [13, 14], [13, 15], [14, 13], [14, 15], [14, 16], [15, 13], [15, 14], [15, 16], [15, 17], [16, 14], [16, 15], [16, 17], [17, 15], [17, 16], [17, 18], [17, 25], [18, 17], [18, 19], [18, 20], [18, 24], [18, 31], [19, 18], [19, 20], [19, 21], [20, 18], [20, 19], [20, 21], [20, 29], [21, 19], [21, 20], [21, 29], [21, 32], [22, 0], [22, 23], [22, 26], [23, 0], [23, 1], [23, 22], [23, 26], [24, 18], [24, 25], [24, 30], [24, 31], [25, 17], [25, 24], [25, 30], [25, 31], [26, 1], [26, 2], [26, 22], [26, 23], [27, 4], [27, 7], [27, 8], [27, 9], [28, 29], [28, 32], [28, 33], [29, 20], [29, 21], [29, 28], [29, 32], [29, 33], [30, 24], [30, 25], [30, 31], [31, 18], [31, 24], [31, 25], [31, 30], [32, 21], [32, 28], [32, 29], [32, 33], [33, 28], [33, 29], [33, 32]], "target": 0, "label": {"0": "0", "1": "0", "2": "0", "3": "0", "4": "0", "5": "0", "6": "0", "7": "0", "8": "0", "9": "0", "10": "0", "11": "0", "12": "0", "13": "0", "14": "0", "15": "0", "16": "0", "17": "0", "18": "0", "19": "0", "20": "0", "21": "0", "22": "1", "23": "1", "24": "1", "25": "1", "26": "1", "27": "1", "28": "1", "29": "1", "30": "1", "31": "1", "32": "1", "33": "1"}}