{"edges": [[0, 1], [0, 20], [0, 21], [1, 0], [1, 2], [1, 21], [1, 24], [2, 1], [2, 3], [2, 4], [2, 24], [3, 2], [3, 4], [3, 5], [3, 6], [4, 2], [4, 3], [4, 5], [4, 6], [4, 25], [5, 3], [5, 4], [5, 6], [6, 3], [6, 4], [6, 5], [6, 25], [7, 8], [7, 9], [7, 10], [7, 25], [8, 7], [8, 9], [8, 10], [8, 25], [9, 7], [9, 8], [9, 10], [9, 11], [10, 7], [10, 8], [10, 9], [10, 11], [11, 9], [11, 10], [11, 12], [11, 13], [12, 11], [12, 13], [12, 14], [13, 11], [13, 12], [13, 14], [13, 15], [14, 12], [14, 13], [14, 15], [15, 13], [15, 14], [15, 16], [15, 23], [16, 15], [16, 17], [16, 18], [16, 22], [16, 29], [17, 16], [17, 18], [17, 19], [18, 16], [18, 17], [18, 19], [18, 27], [19, 17], [19, 18], [19, 27], [19, 30], [20, 0], [20, 21], [20, 24], [21, 0], [21, 1], [21, 20], [21, 24], [22, 16], [22, 23], [22, 28], [22, 29], [23, 15], [23, 22], [23, 28], [23, 29], [24, 1], [24, 2], [24, 20], [24, 21], [25, 4], [25, 6], [25, 7], [25, 8], [26, 27], [26, 30], [26, 31], [27, 18], [27, 19], [27, 26], [27, 30], [27, 31], [28, 22], [28, 23], [28, 29], [29, 16], [29, 22], [29, 23], [29, 28], [30, 19], [30, 26], [30, 27], [30, 31], [31, 26], [31, 27], [31, 30]], "target": 0, "label": {"0": "0", "1": "0", "2": "0", "3": "0", "4": "0", "5": "0", "6": "0", "7": "0", "8": "0", "9": "0", "10": "0", "11": "0", "12": "0", "13": "0", "14": "0", "15": "0", "16": "0", "17": "0", "18": "0", "19": "0", "20": "1", "21": "1", "22": "1", "23": "1", "24": "1", "25": "1", "26": "1", "27": "1", "28": "1", "29": "1", "30": "1", "31": "1"}}