{"edges": [[0, 1], [0, 21], [0, 22], [1, 0], [1, 2], [1, 22], [1, 25], [2, 1], [2, 3], [2, 4], [2, 25], [3, 2], [3, 4], [3, 5], [3, 6], [4, 2], [4, 3], [4, 5], [4, 6], [4, 26], [5, 3], [5, 4], [5, 6], [6, 3], [6, 4], [6, 5], [6, 26], [7, 8], [7, 9], [7, 10], [7, 26], [8, 7], [8, 9], [8, 10], [8, 26], [9, 7], [9, 8], [9, 10], [9, 11], [10, 7], [10, 8], [10, 9], [10, 11], [11, 9], [11, 10], [11, 12], [12, 11], [12, 13], [12, 14], [13, 12], [13, 14], [13, 15], [14, 12], [14, 13], [14, 15], [14, 16], [15, 13], [15, 14], [15, 16], [16, 14], [16, 15], [16, 17], [16, 24], [17, 16], [17, 18], [17, 19], [17, 23], [17, 30], [18, 17], [18, 19], [18, 20], [19, 17], [19, 18], [19, 20], [19, 28], [20, 18], [20, 19], [20, 28], [20, 31], [21, 0], [21, 22], [21, 25], [22, 0], [22, 1], [22, 21], [22, 25], [23, 17], [23, 24], [23, 29], [23, 30], [24, 16], [24, 23], [24, 29], [24, 30], [25, 1], [25, 2], [25, 21], [25, 22], [26, 4], [26, 6], [26, 7], [26, 8], [27, 28], [27, 31], [27, 32], [28, 19], [28, 20], [28, 27], [28, 31], [28, 32], [29, 23], [29, 24], [29, 30], [30, 17], [30, 23], [30, 24], [30, 29], [31, 20], [31, 27], [31, 28], [31, 32], [32, 27], [32, 28], [32, 31]], "target": 0, "label": {"0": "0", "1": "0", "2": "0", "3": "0", "4": "0", "5": "0", "6": "0", "7": "0", "8": "0", "9": "0", "10": "0", "11": "0", "12": "0", "13": "0", "14": "0", "15": "0", "16": "0", "17": "0", "18": "0", "19": "0", "20": "0", "21": "1", "22": "1", "23": "1", "24": "1", "25": "1", "26": "1", "27": "1", "28": "1", "29": "1", "30": "1", "31": "1", "32": "1"}}