{"edges": [[0, 1], [0, 2], [0, 3], [1, 0], [1, 2], [1, 3], [1, 20], [2, 0], [2, 1], [2, 3], [2, 4], [2, 5], [3, 0], [3, 1], [3, 2], [3, 4], [3, 5], [4, 2], [4, 3], [4, 5], [5, 2], [5, 3], [5, 4], [5, 6], [5, 14], [6, 5], [6, 7], [6, 8], [6, 16], [6, 22], [7, 6], [7, 8], [7, 9], [7, 10], [7, 25], [8, 6], [8, 7], [8, 9], [8, 10], [8, 24], [9, 7], [9, 8], [9, 10], [9, 11], [9, 24], [10, 7], [10, 8], [10, 9], [10, 11], [10, 12], [10, 23], [11, 9], [11, 10], [11, 12], [11, 13], [11, 23], [12, 10], [12, 11], [12, 13], [12, 26], [13, 11], [13, 12], [13, 26], [13, 27], [14, 5], [14, 19], [14, 21], [14, 22], [15, 17], [15, 18], [15, 20], [16, 6], [16, 21], [16, 22], [16, 24], [16, 25], [17, 15], [17, 18], [17, 20], [18, 15], [18, 17], [18, 20], [19, 14], [19, 21], [19, 22], [20, 1], [20, 15], [20, 17], [20, 18], [21, 14], [21, 16], [21, 19], [21, 22], [22, 6], [22, 14], [22, 16], [22, 19], [22, 21], [22, 25], [23, 10], [23, 11], [23, 24], [23, 25], [23, 26], [23, 27], [24, 8], [24, 9], [24, 16], [24, 23], [24, 25], [24, 26], [25, 7], [25, 16], [25, 22], [25, 23], [25, 24], [26, 12], [26, 13], [26, 23], [26, 24], [26, 27], [27, 13], [27, 23], [27, 26]], "target": 0, "label": {"0": "0", "1": "0", "2": "0", "3": "0", "4": "0", "5": "0", "6": "0", "7": "0", "8": "0", "9": "0", "10": "0", "11": "0", "12": "0", "13": "0", "14": "1", "15": "1", "16": "1", "17": "1", "18": "1", "19": "1", "20": "1", "21": "1", "22": "1", "23": "1", "24": "1", "25": "1", "26": "1", "27": "1"}}