{"edges": [[0, 1], [0, 2], [0, 18], [0, 23], [0, 24], [1, 0], [1, 2], [1, 3], [1, 4], [1, 24], [2, 0], [2, 1], [2, 3], [2, 4], [3, 1], [3, 2], [3, 4], [4, 1], [4, 2], [4, 3], [4, 25], [5, 6], [5, 7], [5, 8], [5, 26], [6, 5], [6, 7], [6, 8], [6, 29], [7, 5], [7, 6], [7, 8], [7, 29], [7, 30], [8, 5], [8, 6], [8, 7], [8, 30], [8, 31], [9, 10], [9, 11], [9, 21], [9, 27], [9, 28], [10, 9], [10, 11], [10, 21], [11, 9], [11, 10], [11, 12], [11, 35], [12, 11], [12, 13], [12, 14], [12, 36], [13, 12], [13, 14], [13, 15], [13, 39], [14, 12], [14, 13], [14, 15], [14, 16], [14, 17], [14, 38], [14, 39], [15, 13], [15, 14], [15, 16], [15, 17], [15, 37], [16, 14], [16, 15], [16, 17], [17, 14], [17, 15], [17, 16], [18, 0], [18, 23], [18, 24], [19, 20], [19, 22], [19, 25], [19, 26], [20, 19], [20, 22], [20, 25], [20, 26], [21, 9], [21, 10], [21, 27], [21, 28], [21, 35], [22, 19], [22, 20], [22, 25], [22, 26], [22, 29], [23, 0], [23, 18], [23, 24], [24, 0], [24, 1], [24, 18], [24, 23], [25, 4], [25, 19], [25, 20], [25, 22], [26, 5], [26, 19], [26, 20], [26, 22], [26, 29], [27, 9], [27, 21], [27, 28], [27, 32], [27, 33], [28, 9], [28, 21], [28, 27], [28, 32], [28, 33], [29, 6], [29, 7], [29, 22], [29, 26], [29, 30], [30, 7], [30, 8], [30, 29], [30, 31], [30, 34], [31, 8], [31, 30], [31, 32], [31, 33], [31, 34], [32, 27], [32, 28], [32, 31], [32, 33], [32, 34], [33, 27], [33, 28], [33, 31], [33, 32], [33, 34], [34, 30], [34, 31], [34, 32], [34, 33], [35, 11], [35, 21], [35, 36], [35, 39], [36, 12], [36, 35], [36, 37], [36, 38], [36, 39], [37, 15], [37, 36], [37, 38], [37, 39], [38, 14], [38, 36], [38, 37], [38, 39], [39, 13], [39, 14], [39, 35], [39, 36], [39, 37], [39, 38]], "target": 0, "label": {"0": "0", "1": "0", "2": "0", "3": "0", "4": "0", "5": "0", "6": "0", "7": "0", "8": "0", "9": "0", "10": "0", "11": "0", "12": "0", "13": "0", "14": "0", "15": "0", "16": "0", "17": "0", "18": "1", "19": "1", "20": "1", "21": "1", "22": "1", "23": "1", "24": "1", "25": "1", "26": "1", "27": "1", "28": "1", "29": "1", "30": "1", "31": "1", "32": "1", "33": "1", "34": "1", "35": "1", "36": "1", "37": "1", "38": "1", "39": "1"}}