{"edges": [[0, 1], [0, 19], [0, 25], [0, 26], [1, 0], [1, 2], [1, 3], [1, 26], [2, 1], [2, 3], [2, 4], [2, 26], [3, 1], [3, 2], [3, 4], [4, 2], [4, 3], [4, 27], [5, 6], [5, 28], [5, 31], [6, 5], [6, 7], [6, 28], [6, 31], [7, 6], [7, 31], [7, 32], [8, 32], [8, 33], [8, 36], [9, 10], [9, 29], [9, 30], [10, 9], [10, 11], [10, 23], [10, 29], [10, 30], [11, 10], [11, 12], [11, 23], [12, 11], [12, 23], [12, 37], [13, 14], [13, 37], [13, 38], [13, 41], [14, 13], [14, 15], [14, 37], [14, 38], [14, 41], [15, 14], [15, 39], [15, 40], [15, 41], [16, 17], [16, 18], [16, 39], [16, 40], [17, 16], [17, 18], [17, 39], [18, 16], [18, 17], [18, 39], [19, 0], [19, 25], [19, 26], [20, 21], [20, 22], [20, 24], [20, 27], [20, 28], [21, 20], [21, 22], [21, 24], [21, 27], [22, 20], [22, 21], [22, 27], [23, 10], [23, 11], [23, 12], [24, 20], [24, 21], [24, 28], [25, 0], [25, 19], [25, 26], [26, 0], [26, 1], [26, 2], [26, 19], [26, 25], [27, 4], [27, 20], [27, 21], [27, 22], [28, 5], [28, 6], [28, 20], [28, 24], [29, 9], [29, 10], [29, 30], [29, 34], [30, 9], [30, 10], [30, 29], [30, 34], [31, 5], [31, 6], [31, 7], [31, 32], [32, 7], [32, 8], [32, 31], [33, 8], [33, 35], [33, 36], [34, 29], [34, 30], [34, 35], [35, 33], [35, 34], [35, 36], [36, 8], [36, 33], [36, 35], [37, 12], [37, 13], [37, 14], [37, 38], [38, 13], [38, 14], [38, 37], [39, 15], [39, 16], [39, 17], [39, 18], [39, 40], [40, 15], [40, 16], [40, 39], [40, 41], [41, 13], [41, 14], [41, 15], [41, 40]], "target": 0, "label": {"0": "0", "1": "0", "2": "0", "3": "0", "4": "0", "5": "0", "6": "0", "7": "0", "8": "0", "9": "0", "10": "0", "11": "0", "12": "0", "13": "0", "14": "0", "15": "0", "16": "0", "17": "0", "18": "0", "19": "1", "20": "1", "21": "1", "22": "1", "23": "1", "24": "1", "25": "1", "26": "1", "27": "1", "28": "1", "29": "1", "30": "1", "31": "1", "32": "1", "33": "1", "34": "1", "35": "1", "36": "1", "37": "1", "38": "1", "39": "1", "40": "1", "41": "1"}}