{"edges": [[0, 1], [1, 0], [1, 9], [1, 20], [1, 21], [2, 20], [2, 22], [3, 7], [3, 23], [4, 5], [4, 10], [4, 19], [4, 24], [4, 26], [5, 4], [5, 21], [5, 25], [5, 26], [6, 20], [6, 25], [6, 27], [7, 3], [7, 8], [7, 12], [7, 28], [8, 7], [8, 12], [9, 1], [9, 29], [9, 31], [10, 4], [10, 21], [10, 30], [10, 31], [11, 30], [11, 32], [12, 7], [12, 8], [12, 13], [12, 17], [12, 18], [12, 33], [13, 12], [13, 17], [13, 18], [14, 15], [14, 19], [14, 24], [14, 29], [14, 34], [14, 36], [15, 14], [15, 35], [15, 36], [16, 20], [16, 25], [16, 35], [16, 37], [17, 12], [17, 13], [17, 18], [17, 38], [18, 12], [18, 13], [18, 17], [19, 4], [19, 14], [19, 21], [20, 1], [20, 2], [20, 6], [20, 16], [21, 1], [21, 5], [21, 10], [21, 19], [22, 2], [22, 23], [23, 3], [23, 22], [23, 38], [24, 4], [24, 14], [25, 5], [25, 6], [25, 16], [26, 4], [26, 5], [27, 6], [27, 28], [28, 7], [28, 27], [28, 38], [29, 9], [29, 14], [30, 10], [30, 11], [31, 9], [31, 10], [32, 11], [32, 33], [33, 12], [33, 32], [33, 38], [34, 14], [35, 15], [35, 16], [36, 14], [36, 15], [37, 16], [37, 38], [38, 17], [38, 23], [38, 28], [38, 33], [38, 37]], "target": 0, "label": {"0": "0", "1": "0", "2": "0", "3": "0", "4": "0", "5": "0", "6": "0", "7": "0", "8": "0", "9": "0", "10": "0", "11": "0", "12": "0", "13": "0", "14": "0", "15": "0", "16": "0", "17": "0", "18": "0", "19": "1", "20": "1", "21": "1", "22": "1", "23": "1", "24": "1", "25": "1", "26": "1", "27": "1", "28": "1", "29": "1", "30": "1", "31": "1", "32": "1", "33": "1", "34": "1", "35": "1", "36": "1", "37": "1", "38": "1"}}