{"edges": [[0, 1], [0, 15], [1, 0], [1, 2], [1, 14], [1, 16], [2, 1], [2, 3], [2, 15], [3, 2], [3, 4], [3, 18], [4, 3], [4, 5], [4, 17], [4, 19], [5, 4], [5, 6], [5, 18], [6, 5], [6, 7], [6, 8], [6, 22], [7, 6], [7, 8], [7, 20], [7, 22], [8, 6], [8, 7], [8, 9], [8, 21], [9, 8], [9, 10], [9, 24], [10, 9], [10, 11], [10, 23], [10, 25], [11, 10], [11, 12], [11, 26], [12, 11], [12, 13], [12, 25], [12, 27], [13, 12], [13, 26], [13, 27], [14, 1], [14, 15], [15, 0], [15, 2], [15, 14], [15, 16], [16, 1], [16, 15], [16, 17], [17, 4], [17, 16], [17, 18], [18, 3], [18, 5], [18, 17], [18, 19], [19, 4], [19, 18], [19, 20], [20, 7], [20, 19], [20, 21], [20, 22], [21, 8], [21, 20], [21, 22], [22, 6], [22, 7], [22, 20], [22, 21], [22, 23], [23, 10], [23, 22], [23, 24], [24, 9], [24, 23], [24, 25], [25, 10], [25, 12], [25, 24], [25, 26], [26, 11], [26, 13], [26, 25], [26, 27], [27, 12], [27, 13], [27, 26]], "target": 0, "label": {"0": "0", "1": "0", "2": "0", "3": "0", "4": "0", "5": "0", "6": "0", "7": "0", "8": "0", "9": "0", "10": "0", "11": "0", "12": "0", "13": "0", "14": "0", "15": "0", "16": "0", "17": "0", "18": "0", "19": "0", "20": "0", "21": "0", "22": "0", "23": "0", "24": "0", "25": "0", "26": "0", "27": "0"}}