{"edges": [[0, 1], [0, 7], [1, 0], [1, 2], [1, 6], [1, 8], [2, 1], [2, 7], [2, 8], [2, 12], [3, 5], [3, 9], [3, 10], [3, 16], [3, 17], [4, 5], [4, 13], [4, 16], [4, 22], [5, 3], [5, 4], [5, 9], [5, 10], [6, 1], [6, 7], [7, 0], [7, 2], [7, 6], [7, 8], [8, 1], [8, 2], [8, 7], [8, 21], [9, 3], [9, 5], [9, 10], [9, 22], [10, 3], [10, 5], [10, 9], [11, 12], [11, 14], [11, 21], [11, 23], [12, 2], [12, 11], [12, 20], [13, 4], [13, 16], [13, 25], [14, 11], [14, 15], [14, 20], [14, 24], [15, 14], [15, 19], [15, 23], [15, 28], [16, 3], [16, 4], [16, 13], [16, 22], [17, 3], [17, 18], [17, 27], [18, 17], [18, 19], [18, 26], [19, 15], [19, 18], [19, 24], [19, 28], [20, 12], [20, 14], [20, 21], [20, 23], [21, 8], [21, 11], [21, 20], [22, 4], [22, 9], [22, 16], [22, 25], [23, 11], [23, 15], [23, 20], [23, 24], [24, 14], [24, 19], [24, 23], [24, 28], [25, 13], [25, 22], [25, 26], [26, 18], [26, 25], [26, 27], [27, 17], [27, 26], [27, 28], [28, 15], [28, 19], [28, 24], [28, 27]], "target": 0, "label": {"0": "0", "1": "0", "2": "0", "3": "0", "4": "0", "5": "0", "6": "0", "7": "0", "8": "0", "9": "0", "10": "0", "11": "1", "12": "1", "13": "1", "14": "1", "15": "1", "16": "1", "17": "1", "18": "1", "19": "1", "20": "1", "21": "1", "22": "1", "23": "1", "24": "1", "25": "1", "26": "1", "27": "1", "28": "1"}}