{"edges": [[0, 1], [0, 16], [0, 18], [0, 24], [1, 0], [1, 2], [1, 17], [1, 18], [2, 1], [2, 3], [2, 17], [2, 20], [2, 25], [3, 2], [3, 4], [3, 15], [3, 21], [4, 3], [4, 10], [4, 14], [4, 15], [4, 23], [5, 14], [5, 19], [5, 27], [6, 7], [6, 16], [6, 24], [7, 6], [7, 8], [7, 16], [7, 24], [7, 26], [8, 7], [8, 9], [8, 10], [8, 25], [8, 26], [9, 8], [9, 10], [9, 11], [9, 25], [9, 28], [10, 4], [10, 8], [10, 9], [10, 11], [10, 12], [10, 13], [10, 23], [10, 29], [11, 9], [11, 10], [11, 12], [11, 13], [11, 15], [11, 22], [11, 23], [12, 10], [12, 11], [12, 13], [12, 27], [13, 10], [13, 11], [13, 12], [14, 4], [14, 5], [14, 19], [14, 27], [15, 3], [15, 4], [15, 11], [15, 21], [15, 29], [16, 0], [16, 6], [16, 7], [16, 18], [16, 26], [17, 1], [17, 2], [17, 18], [18, 0], [18, 1], [18, 16], [18, 17], [18, 24], [18, 25], [19, 5], [19, 14], [19, 22], [20, 2], [20, 21], [20, 29], [21, 3], [21, 15], [21, 20], [21, 23], [21, 28], [21, 29], [22, 11], [22, 19], [22, 27], [23, 4], [23, 10], [23, 11], [23, 21], [23, 29], [24, 0], [24, 6], [24, 7], [24, 18], [24, 26], [25, 2], [25, 8], [25, 9], [25, 18], [26, 7], [26, 8], [26, 16], [26, 24], [27, 5], [27, 12], [27, 14], [27, 22], [28, 9], [28, 21], [28, 29], [29, 10], [29, 15], [29, 20], [29, 21], [29, 23], [29, 28]], "target": 0, "label": {"0": "0", "1": "0", "2": "0", "3": "0", "4": "0", "5": "0", "6": "0", "7": "0", "8": "0", "9": "0", "10": "0", "11": "0", "12": "0", "13": "0", "14": "1", "15": "1", "16": "1", "17": "1", "18": "1", "19": "1", "20": "1", "21": "1", "22": "1", "23": "1", "24": "1", "25": "1", "26": "1", "27": "1", "28": "1", "29": "1"}}