{"edges": [[0, 1], [0, 19], [0, 20], [1, 0], [1, 2], [1, 3], [1, 19], [1, 20], [2, 1], [2, 3], [2, 4], [2, 20], [3, 1], [3, 2], [3, 4], [3, 5], [3, 20], [3, 21], [4, 2], [4, 3], [4, 5], [4, 6], [4, 21], [5, 3], [5, 4], [5, 6], [5, 21], [6, 4], [6, 5], [6, 7], [6, 22], [7, 6], [7, 8], [7, 9], [7, 22], [7, 23], [8, 7], [8, 9], [8, 10], [8, 24], [8, 25], [9, 7], [9, 8], [9, 10], [9, 11], [9, 25], [10, 8], [10, 9], [10, 11], [10, 26], [11, 9], [11, 10], [11, 12], [11, 13], [11, 26], [12, 11], [12, 13], [12, 14], [12, 26], [13, 11], [13, 12], [13, 14], [14, 12], [14, 13], [14, 27], [15, 27], [15, 28], [15, 29], [15, 30], [16, 17], [16, 18], [16, 33], [16, 34], [17, 16], [17, 18], [17, 33], [18, 16], [18, 17], [18, 33], [18, 37], [19, 0], [19, 1], [19, 20], [20, 0], [20, 1], [20, 2], [20, 3], [20, 19], [20, 21], [21, 3], [21, 4], [21, 5], [21, 20], [21, 22], [22, 6], [22, 7], [22, 21], [22, 23], [22, 24], [23, 7], [23, 22], [23, 24], [23, 25], [24, 8], [24, 22], [24, 23], [24, 25], [24, 26], [25, 8], [25, 9], [25, 23], [25, 24], [25, 26], [26, 10], [26, 11], [26, 12], [26, 24], [26, 25], [27, 14], [27, 15], [27, 29], [27, 30], [28, 15], [28, 29], [28, 30], [28, 31], [29, 15], [29, 27], [29, 28], [29, 30], [30, 15], [30, 27], [30, 28], [30, 29], [31, 28], [31, 32], [31, 38], [31, 39], [32, 31], [32, 38], [32, 39], [33, 16], [33, 17], [33, 18], [33, 34], [33, 35], [33, 36], [33, 37], [34, 16], [34, 33], [34, 38], [34, 39], [35, 33], [35, 36], [35, 37], [36, 33], [36, 35], [36, 37], [37, 18], [37, 33], [37, 35], [37, 36], [38, 31], [38, 32], [38, 34], [38, 39], [39, 31], [39, 32], [39, 34], [39, 38]], "target": 5, "label": {"0": "0", "1": "0", "2": "0", "3": "0", "4": "0", "5": "0", "6": "0", "7": "0", "8": "0", "9": "0", "10": "0", "11": "0", "12": "0", "13": "0", "14": "0", "15": "0", "16": "0", "17": "0", "18": "0", "19": "1", "20": "1", "21": "1", "22": "1", "23": "1", "24": "1", "25": "1", "26": "1", "27": "1", "28": "1", "29": "1", "30": "1", "31": "1", "32": "1", "33": "1", "34": "1", "35": "1", "36": "1", "37": "1", "38": "1", "39": "1"}}