{"edges": [[0, 8], [0, 9], [0, 10], [1, 9], [1, 12], [1, 13], [2, 3], [2, 7], [2, 12], [2, 13], [3, 2], [3, 6], [3, 7], [3, 13], [4, 5], [4, 6], [4, 11], [5, 4], [5, 6], [5, 11], [6, 3], [6, 4], [6, 5], [6, 11], [7, 2], [7, 3], [7, 12], [7, 13], [8, 0], [8, 9], [8, 10], [9, 0], [9, 1], [9, 8], [9, 10], [9, 12], [10, 0], [10, 8], [10, 9], [11, 4], [11, 5], [11, 6], [12, 1], [12, 2], [12, 7], [12, 9], [12, 13], [13, 1], [13, 2], [13, 3], [13, 7], [13, 12]], "target": 0, "label": {"0": "0", "1": "0", "2": "0", "3": "0", "4": "0", "5": "0", "6": "1", "7": "1", "8": "1", "9": "1", "10": "1", "11": "1", "12": "1", "13": "1"}}