{"edges": [[0, 1], [0, 18], [0, 21], [1, 0], [1, 2], [1, 3], [1, 19], [1, 20], [2, 1], [2, 3], [2, 19], [2, 20], [3, 1], [3, 2], [3, 4], [3, 5], [4, 3], [4, 5], [4, 6], [5, 3], [5, 4], [5, 6], [6, 4], [6, 5], [6, 7], [6, 8], [7, 6], [7, 8], [7, 9], [8, 6], [8, 7], [8, 9], [8, 10], [9, 7], [9, 8], [9, 10], [9, 11], [9, 12], [10, 8], [10, 9], [10, 11], [10, 12], [11, 9], [11, 10], [11, 12], [12, 9], [12, 10], [12, 11], [12, 13], [12, 14], [13, 12], [13, 14], [13, 15], [14, 12], [14, 13], [14, 15], [14, 16], [14, 17], [15, 13], [15, 14], [15, 16], [15, 17], [16, 14], [16, 15], [16, 17], [17, 14], [17, 15], [17, 16], [18, 0], [18, 19], [18, 21], [19, 1], [19, 2], [19, 18], [19, 20], [19, 21], [20, 1], [20, 2], [20, 19], [20, 22], [21, 0], [21, 18], [21, 19], [22, 20], [22, 23], [22, 24], [22, 25], [23, 22], [23, 24], [23, 25], [24, 22], [24, 23], [24, 25], [24, 26], [25, 22], [25, 23], [25, 24], [25, 26], [25, 27], [26, 24], [26, 25], [26, 27], [27, 25], [27, 26], [27, 28], [27, 29], [28, 27], [28, 29], [28, 30], [28, 31], [29, 27], [29, 28], [29, 30], [29, 31], [30, 28], [30, 29], [30, 31], [31, 28], [31, 29], [31, 30]], "target": 0, "label": {"0": "0", "1": "0", "2": "0", "3": "0", "4": "0", "5": "0", "6": "0", "7": "0", "8": "0", "9": "0", "10": "0", "11": "0", "12": "0", "13": "0", "14": "0", "15": "0", "16": "0", "17": "0", "18": "0", "19": "0", "20": "0", "21": "0", "22": "1", "23": "1", "24": "1", "25": "1", "26": "1", "27": "1", "28": "1", "29": "1", "30": "1", "31": "1"}}