{"edges": [[0, 16], [0, 17], [0, 29], [0, 32], [1, 2], [1, 17], [1, 29], [2, 1], [2, 3], [2, 16], [3, 2], [3, 4], [3, 17], [3, 29], [3, 32], [4, 3], [4, 5], [5, 4], [5, 6], [5, 21], [6, 5], [6, 7], [6, 8], [6, 20], [6, 21], [7, 6], [7, 8], [7, 9], [8, 6], [8, 7], [8, 9], [9, 7], [9, 8], [9, 10], [9, 12], [10, 9], [10, 11], [10, 12], [11, 10], [11, 12], [11, 13], [11, 14], [11, 26], [12, 9], [12, 10], [12, 11], [12, 13], [12, 14], [13, 11], [13, 12], [13, 14], [13, 31], [14, 11], [14, 12], [14, 13], [14, 28], [14, 30], [15, 16], [15, 17], [15, 32], [16, 0], [16, 2], [16, 15], [16, 17], [16, 18], [16, 32], [17, 0], [17, 1], [17, 3], [17, 15], [17, 16], [17, 18], [18, 16], [18, 17], [18, 19], [19, 18], [19, 20], [20, 6], [20, 19], [20, 21], [21, 5], [21, 6], [21, 20], [21, 22], [22, 21], [22, 23], [22, 24], [23, 22], [23, 24], [23, 25], [24, 22], [24, 23], [24, 25], [24, 26], [25, 23], [25, 24], [25, 26], [25, 27], [26, 11], [26, 24], [26, 25], [26, 27], [26, 28], [27, 25], [27, 26], [27, 28], [27, 34], [28, 14], [28, 26], [28, 27], [28, 33], [29, 0], [29, 1], [29, 3], [30, 14], [30, 31], [30, 34], [31, 13], [31, 30], [31, 33], [31, 34], [32, 0], [32, 3], [32, 15], [32, 16], [33, 28], [33, 31], [33, 34], [34, 27], [34, 30], [34, 31], [34, 33]], "target": 0, "label": {"0": "0", "1": "0", "2": "0", "3": "0", "4": "0", "5": "0", "6": "0", "7": "0", "8": "0", "9": "0", "10": "0", "11": "0", "12": "0", "13": "0", "14": "0", "15": "0", "16": "0", "17": "0", "18": "0", "19": "0", "20": "0", "21": "0", "22": "0", "23": "0", "24": "0", "25": "0", "26": "0", "27": "0", "28": "0", "29": "1", "30": "1", "31": "1", "32": "1", "33": "1", "34": "1"}}