{"edges": [[0, 1], [0, 3], [1, 0], [1, 2], [1, 4], [1, 7], [1, 8], [2, 1], [2, 3], [2, 5], [2, 13], [3, 0], [3, 2], [3, 5], [3, 14], [4, 1], [4, 5], [4, 19], [5, 2], [5, 3], [5, 4], [5, 20], [6, 9], [7, 1], [7, 9], [7, 15], [7, 21], [8, 1], [8, 11], [8, 17], [8, 23], [9, 6], [9, 7], [9, 12], [9, 13], [9, 18], [9, 19], [10, 11], [11, 8], [11, 10], [11, 14], [11, 16], [11, 20], [11, 22], [11, 23], [12, 9], [12, 15], [13, 2], [13, 9], [13, 15], [14, 3], [14, 11], [14, 17], [15, 7], [15, 12], [15, 13], [16, 11], [16, 17], [17, 8], [17, 14], [17, 16], [17, 23], [18, 9], [18, 21], [19, 4], [19, 9], [19, 21], [20, 5], [20, 11], [20, 23], [21, 7], [21, 18], [21, 19], [22, 11], [22, 23], [23, 8], [23, 11], [23, 17], [23, 20], [23, 22]], "target": 0, "label": {"0": "0", "1": "0", "2": "0", "3": "0", "4": "0", "5": "0", "6": "1", "7": "1", "8": "1", "9": "1", "10": "1", "11": "1", "12": "1", "13": "1", "14": "1", "15": "1", "16": "1", "17": "1", "18": "1", "19": "1", "20": "1", "21": "1", "22": "1", "23": "1"}}