{"edges": [[0, 4], [0, 12], [0, 13], [0, 14], [1, 2], [1, 5], [1, 9], [1, 10], [2, 1], [2, 9], [2, 10], [3, 5], [3, 8], [3, 11], [4, 0], [4, 7], [4, 14], [5, 1], [5, 3], [5, 10], [5, 11], [6, 7], [6, 15], [6, 16], [7, 4], [7, 6], [7, 14], [7, 15], [7, 16], [8, 3], [8, 12], [8, 13], [9, 1], [9, 2], [9, 10], [10, 1], [10, 2], [10, 5], [10, 9], [10, 11], [11, 3], [11, 5], [11, 10], [12, 0], [12, 8], [12, 13], [13, 0], [13, 8], [13, 12], [13, 14], [14, 0], [14, 4], [14, 7], [14, 13], [15, 6], [15, 7], [15, 16], [16, 6], [16, 7], [16, 15]], "target": 0, "label": {"0": "0", "1": "1", "2": "1", "3": "1", "4": "1", "5": "1", "6": "1", "7": "1", "8": "1", "9": "2", "10": "2", "11": "2", "12": "2", "13": "2", "14": "2", "15": "2", "16": "2"}}