{"edges": [[0, 1], [0, 2], [0, 3], [1, 0], [1, 2], [1, 3], [2, 0], [2, 1], [2, 3], [3, 0], [3, 1], [3, 2], [3, 4], [3, 5], [3, 6], [4, 3], [4, 5], [4, 6], [4, 7], [5, 3], [5, 4], [5, 6], [5, 7], [6, 3], [6, 4], [6, 5], [6, 7], [7, 4], [7, 5], [7, 6], [7, 8], [8, 7], [8, 9], [8, 10], [9, 8], [9, 10], [9, 11], [10, 8], [10, 9], [10, 11], [11, 9], [11, 10], [11, 12], [11, 17], [12, 11], [12, 17], [12, 18], [13, 14], [13, 15], [13, 16], [13, 17], [13, 18], [14, 13], [14, 15], [14, 16], [14, 18], [15, 13], [15, 14], [15, 16], [15, 18], [16, 13], [16, 14], [16, 15], [17, 11], [17, 12], [17, 13], [17, 18], [18, 12], [18, 13], [18, 14], [18, 15], [18, 17]], "target": 0, "label": {"0": "0", "1": "0", "2": "0", "3": "0", "4": "0", "5": "0", "6": "0", "7": "0", "8": "0", "9": "0", "10": "0", "11": "0", "12": "0", "13": "0", "14": "0", "15": "0", "16": "0", "17": "1", "18": "1"}}