{"edges": [[0, 1], [0, 14], [0, 15], [1, 0], [1, 14], [1, 15], [1, 17], [2, 3], [2, 4], [2, 16], [2, 17], [3, 2], [3, 4], [3, 16], [4, 2], [4, 3], [4, 5], [4, 16], [5, 4], [5, 6], [5, 7], [5, 8], [6, 5], [6, 7], [6, 8], [7, 5], [7, 6], [7, 8], [8, 5], [8, 6], [8, 7], [8, 12], [8, 13], [8, 18], [8, 19], [9, 10], [9, 11], [9, 18], [9, 19], [9, 20], [10, 9], [10, 11], [10, 12], [10, 13], [10, 19], [10, 20], [11, 9], [11, 10], [11, 20], [12, 8], [12, 10], [12, 13], [12, 18], [13, 8], [13, 10], [13, 12], [13, 18], [13, 19], [14, 0], [14, 1], [14, 15], [15, 0], [15, 1], [15, 14], [15, 17], [16, 2], [16, 3], [16, 4], [17, 1], [17, 2], [17, 15], [18, 8], [18, 9], [18, 12], [18, 13], [18, 19], [19, 8], [19, 9], [19, 10], [19, 13], [19, 18], [20, 9], [20, 10], [20, 11]], "target": 0, "label": {"0": "0", "1": "0", "2": "0", "3": "0", "4": "0", "5": "0", "6": "0", "7": "0", "8": "0", "9": "0", "10": "0", "11": "0", "12": "1", "13": "1", "14": "2", "15": "2", "16": "2", "17": "2", "18": "2", "19": "2", "20": "2"}}