{"edges": [[0, 1], [0, 2], [0, 3], [1, 0], [1, 2], [1, 3], [2, 0], [2, 1], [2, 3], [2, 4], [2, 5], [2, 27], [3, 0], [3, 1], [3, 2], [3, 4], [3, 5], [3, 27], [3, 28], [4, 2], [4, 3], [4, 5], [4, 6], [4, 28], [5, 2], [5, 3], [5, 4], [5, 6], [5, 30], [6, 4], [6, 5], [6, 7], [6, 29], [6, 32], [7, 6], [7, 8], [7, 9], [7, 31], [7, 32], [8, 7], [8, 9], [8, 10], [8, 31], [9, 7], [9, 8], [9, 10], [9, 11], [10, 8], [10, 9], [10, 11], [10, 12], [11, 9], [11, 10], [11, 12], [12, 10], [12, 11], [12, 13], [13, 12], [13, 14], [13, 15], [13, 35], [14, 13], [14, 15], [14, 16], [14, 35], [14, 36], [15, 13], [15, 14], [15, 16], [15, 17], [15, 33], [15, 36], [16, 14], [16, 15], [16, 17], [16, 33], [17, 15], [17, 16], [17, 18], [17, 34], [18, 17], [18, 19], [18, 20], [18, 34], [19, 18], [19, 20], [19, 21], [20, 18], [20, 19], [20, 21], [20, 22], [21, 19], [21, 20], [21, 22], [21, 23], [22, 20], [22, 21], [22, 23], [22, 24], [23, 21], [23, 22], [23, 24], [23, 25], [23, 26], [24, 22], [24, 23], [24, 25], [24, 26], [25, 23], [25, 24], [25, 26], [26, 23], [26, 24], [26, 25], [27, 2], [27, 3], [27, 28], [27, 29], [27, 30], [28, 3], [28, 4], [28, 27], [28, 29], [28, 30], [29, 6], [29, 27], [29, 28], [29, 30], [29, 31], [29, 32], [30, 5], [30, 27], [30, 28], [30, 29], [30, 31], [30, 32], [31, 7], [31, 8], [31, 29], [31, 30], [31, 32], [32, 6], [32, 7], [32, 29], [32, 30], [32, 31], [33, 15], [33, 16], [33, 34], [33, 35], [33, 36], [34, 17], [34, 18], [34, 33], [34, 35], [34, 36], [35, 13], [35, 14], [35, 33], [35, 34], [35, 36], [36, 14], [36, 15], [36, 33], [36, 34], [36, 35]], "target": 5, "label": {"0": "0", "1": "0", "2": "0", "3": "0", "4": "0", "5": "0", "6": "0", "7": "0", "8": "0", "9": "0", "10": "0", "11": "0", "12": "0", "13": "0", "14": "0", "15": "0", "16": "0", "17": "0", "18": "0", "19": "0", "20": "0", "21": "0", "22": "0", "23": "0", "24": "0", "25": "0", "26": "0", "27": "1", "28": "1", "29": "1", "30": "1", "31": "1", "32": "1", "33": "1", "34": "1", "35": "1", "36": "1"}}