{"edges": [[0, 1], [0, 2], [0, 3], [1, 0], [1, 2], [1, 3], [2, 0], [2, 1], [2, 3], [2, 4], [2, 16], [3, 0], [3, 1], [3, 2], [3, 4], [3, 5], [3, 16], [4, 2], [4, 3], [4, 5], [4, 16], [5, 3], [5, 4], [5, 6], [5, 16], [5, 17], [6, 5], [6, 7], [6, 8], [6, 9], [6, 17], [7, 6], [7, 8], [7, 9], [8, 6], [8, 7], [8, 9], [8, 10], [8, 18], [9, 6], [9, 7], [9, 8], [9, 10], [9, 18], [9, 19], [10, 8], [10, 9], [10, 11], [10, 19], [10, 20], [11, 10], [11, 12], [11, 13], [11, 14], [11, 22], [12, 11], [12, 13], [12, 14], [12, 15], [13, 11], [13, 12], [13, 14], [13, 15], [14, 11], [14, 12], [14, 13], [14, 15], [15, 12], [15, 13], [15, 14], [16, 2], [16, 3], [16, 4], [16, 5], [16, 17], [17, 5], [17, 6], [17, 16], [17, 18], [17, 19], [18, 8], [18, 9], [18, 17], [18, 19], [18, 20], [19, 9], [19, 10], [19, 17], [19, 18], [19, 20], [19, 21], [19, 22], [20, 10], [20, 18], [20, 19], [20, 21], [20, 22], [21, 19], [21, 20], [21, 22], [22, 11], [22, 19], [22, 20], [22, 21]], "target": 0, "label": {"0": "0", "1": "0", "2": "0", "3": "0", "4": "0", "5": "0", "6": "0", "7": "0", "8": "0", "9": "0", "10": "0", "11": "0", "12": "0", "13": "0", "14": "0", "15": "0", "16": "1", "17": "1", "18": "1", "19": "1", "20": "1", "21": "1", "22": "1"}}