{"edges": [[0, 1], [0, 2], [0, 3], [1, 0], [1, 2], [1, 3], [2, 0], [2, 1], [2, 3], [3, 0], [3, 1], [3, 2], [3, 4], [3, 5], [3, 7], [4, 3], [4, 5], [4, 6], [4, 7], [5, 3], [5, 4], [5, 6], [5, 8], [6, 4], [6, 5], [6, 7], [6, 8], [7, 3], [7, 4], [7, 6], [7, 8], [8, 5], [8, 6], [8, 7], [8, 9], [9, 8], [9, 10], [9, 11], [10, 9], [10, 11], [10, 12], [11, 9], [11, 10], [11, 12], [11, 13], [12, 10], [12, 11], [12, 13], [12, 14], [12, 20], [13, 11], [13, 12], [13, 14], [13, 20], [13, 21], [14, 12], [14, 13], [14, 15], [14, 21], [14, 22], [15, 14], [15, 16], [15, 17], [15, 18], [15, 24], [16, 15], [16, 17], [16, 18], [16, 19], [17, 15], [17, 16], [17, 18], [17, 19], [18, 15], [18, 16], [18, 17], [18, 19], [18, 24], [19, 16], [19, 17], [19, 18], [20, 12], [20, 13], [20, 21], [20, 22], [21, 13], [21, 14], [21, 20], [21, 22], [21, 23], [22, 14], [22, 20], [22, 21], [22, 23], [22, 24], [23, 21], [23, 22], [23, 24], [24, 15], [24, 18], [24, 22], [24, 23]], "target": 0, "label": {"0": "0", "1": "0", "2": "0", "3": "0", "4": "0", "5": "0", "6": "0", "7": "0", "8": "0", "9": "0", "10": "0", "11": "0", "12": "0", "13": "0", "14": "0", "15": "0", "16": "0", "17": "0", "18": "0", "19": "0", "20": "1", "21": "1", "22": "1", "23": "1", "24": "1"}}