{"edges": [[0, 1], [0, 2], [0, 3], [0, 20], [1, 0], [1, 2], [1, 3], [1, 20], [2, 0], [2, 1], [2, 3], [2, 20], [3, 0], [3, 1], [3, 2], [3, 4], [3, 5], [3, 7], [4, 3], [4, 5], [4, 6], [4, 7], [5, 3], [5, 4], [5, 6], [5, 8], [6, 4], [6, 5], [6, 7], [6, 8], [7, 3], [7, 4], [7, 6], [7, 8], [8, 5], [8, 6], [8, 7], [8, 9], [9, 8], [9, 10], [9, 11], [10, 9], [10, 11], [10, 12], [11, 9], [11, 10], [11, 12], [11, 13], [12, 10], [12, 11], [12, 13], [12, 14], [12, 22], [13, 11], [13, 12], [13, 14], [13, 22], [13, 23], [14, 12], [14, 13], [14, 15], [14, 23], [14, 24], [15, 14], [15, 16], [15, 17], [15, 18], [15, 26], [16, 15], [16, 17], [16, 18], [16, 19], [17, 15], [17, 16], [17, 18], [17, 19], [18, 15], [18, 16], [18, 17], [18, 19], [18, 21], [19, 16], [19, 17], [19, 18], [19, 21], [20, 0], [20, 1], [20, 2], [21, 18], [21, 19], [21, 24], [21, 25], [21, 26], [22, 12], [22, 13], [22, 23], [22, 24], [22, 25], [23, 13], [23, 14], [23, 22], [23, 24], [23, 25], [23, 26], [24, 14], [24, 21], [24, 22], [24, 23], [24, 25], [24, 26], [25, 21], [25, 22], [25, 23], [25, 24], [25, 26], [26, 15], [26, 21], [26, 23], [26, 24], [26, 25]], "target": 0, "label": {"0": "0", "1": "0", "2": "0", "3": "0", "4": "0", "5": "0", "6": "0", "7": "0", "8": "0", "9": "0", "10": "0", "11": "0", "12": "0", "13": "0", "14": "0", "15": "0", "16": "0", "17": "0", "18": "0", "19": "0", "20": "1", "21": "1", "22": "1", "23": "1", "24": "1", "25": "1", "26": "1"}}