{"edges": [[0, 1], [0, 2], [0, 15], [1, 0], [1, 2], [1, 3], [1, 15], [2, 0], [2, 1], [2, 3], [2, 15], [2, 17], [3, 1], [3, 2], [3, 4], [3, 5], [3, 17], [4, 3], [4, 5], [4, 17], [5, 3], [5, 4], [5, 17], [5, 18], [6, 7], [6, 8], [6, 18], [7, 6], [7, 8], [7, 9], [7, 18], [8, 6], [8, 7], [8, 9], [8, 10], [8, 19], [9, 7], [9, 8], [9, 10], [9, 19], [9, 20], [10, 8], [10, 9], [10, 11], [10, 20], [10, 21], [11, 10], [11, 12], [11, 13], [11, 23], [12, 11], [12, 13], [12, 14], [12, 23], [13, 11], [13, 12], [13, 14], [13, 16], [13, 23], [14, 12], [14, 13], [14, 16], [15, 0], [15, 1], [15, 2], [16, 13], [16, 14], [16, 23], [17, 2], [17, 3], [17, 4], [17, 5], [18, 5], [18, 6], [18, 7], [19, 8], [19, 9], [19, 20], [19, 21], [20, 9], [20, 10], [20, 19], [20, 21], [20, 22], [21, 10], [21, 19], [21, 20], [21, 22], [21, 23], [22, 20], [22, 21], [22, 23], [23, 11], [23, 12], [23, 13], [23, 16], [23, 21], [23, 22]], "target": 0, "label": {"0": "0", "1": "0", "2": "0", "3": "0", "4": "0", "5": "0", "6": "0", "7": "0", "8": "0", "9": "0", "10": "0", "11": "0", "12": "0", "13": "0", "14": "0", "15": "1", "16": "1", "17": "1", "18": "1", "19": "1", "20": "1", "21": "1", "22": "1", "23": "1"}}