{"edges": [[0, 20], [0, 28], [0, 31], [1, 20], [1, 21], [1, 28], [1, 29], [2, 3], [2, 4], [2, 23], [3, 2], [3, 4], [3, 5], [4, 2], [4, 3], [4, 5], [4, 6], [5, 3], [5, 4], [5, 6], [5, 7], [5, 8], [6, 4], [6, 5], [6, 7], [6, 8], [7, 5], [7, 6], [7, 8], [7, 24], [8, 5], [8, 6], [8, 7], [8, 9], [8, 24], [8, 25], [9, 8], [9, 10], [9, 25], [10, 9], [10, 11], [10, 25], [10, 26], [11, 10], [11, 26], [11, 27], [12, 13], [12, 14], [12, 15], [12, 27], [13, 12], [13, 14], [13, 15], [13, 27], [14, 12], [14, 13], [14, 15], [15, 12], [15, 13], [15, 14], [15, 16], [16, 15], [16, 17], [16, 18], [16, 19], [17, 16], [17, 18], [17, 19], [18, 16], [18, 17], [18, 19], [19, 16], [19, 17], [19, 18], [20, 0], [20, 1], [20, 21], [20, 31], [21, 1], [21, 20], [21, 22], [21, 28], [21, 29], [21, 30], [21, 31], [22, 21], [22, 23], [22, 29], [22, 30], [23, 2], [23, 22], [23, 30], [24, 7], [24, 8], [24, 25], [25, 8], [25, 9], [25, 10], [25, 24], [26, 10], [26, 11], [26, 27], [27, 11], [27, 12], [27, 13], [27, 26], [28, 0], [28, 1], [28, 21], [28, 31], [29, 1], [29, 21], [29, 22], [29, 30], [30, 21], [30, 22], [30, 23], [30, 29], [31, 0], [31, 20], [31, 21], [31, 28]], "target": 0, "label": {"0": "0", "1": "0", "2": "0", "3": "0", "4": "0", "5": "0", "6": "0", "7": "0", "8": "0", "9": "0", "10": "0", "11": "0", "12": "0", "13": "0", "14": "0", "15": "0", "16": "0", "17": "0", "18": "0", "19": "0", "20": "1", "21": "1", "22": "1", "23": "1", "24": "1", "25": "1", "26": "1", "27": "1", "28": "1", "29": "1", "30": "1", "31": "1"}}