{"edges": [[0, 19], [0, 27], [0, 30], [1, 19], [1, 20], [1, 28], [2, 3], [2, 4], [2, 22], [3, 2], [3, 4], [3, 22], [4, 2], [4, 3], [4, 5], [4, 6], [4, 7], [5, 4], [5, 6], [5, 7], [6, 4], [6, 5], [6, 7], [6, 23], [7, 4], [7, 5], [7, 6], [7, 8], [7, 23], [7, 24], [8, 7], [8, 9], [8, 24], [9, 8], [9, 10], [9, 24], [9, 25], [10, 9], [10, 25], [10, 26], [11, 12], [11, 13], [11, 14], [11, 26], [12, 11], [12, 13], [12, 14], [12, 26], [13, 11], [13, 12], [13, 14], [14, 11], [14, 12], [14, 13], [14, 15], [15, 14], [15, 16], [15, 17], [15, 18], [16, 15], [16, 17], [16, 18], [17, 15], [17, 16], [17, 18], [18, 15], [18, 16], [18, 17], [19, 0], [19, 1], [19, 20], [19, 27], [19, 30], [20, 1], [20, 19], [20, 21], [20, 27], [20, 28], [20, 29], [20, 30], [21, 20], [21, 22], [21, 28], [21, 29], [22, 2], [22, 3], [22, 21], [22, 29], [23, 6], [23, 7], [23, 24], [24, 7], [24, 8], [24, 9], [24, 23], [25, 9], [25, 10], [25, 26], [26, 10], [26, 11], [26, 12], [26, 25], [27, 0], [27, 19], [27, 20], [27, 30], [28, 1], [28, 20], [28, 21], [28, 29], [29, 20], [29, 21], [29, 22], [29, 28], [30, 0], [30, 19], [30, 20], [30, 27]], "target": 0, "label": {"0": "0", "1": "0", "2": "0", "3": "0", "4": "0", "5": "0", "6": "0", "7": "0", "8": "0", "9": "0", "10": "0", "11": "0", "12": "0", "13": "0", "14": "0", "15": "0", "16": "0", "17": "0", "18": "0", "19": "1", "20": "1", "21": "1", "22": "1", "23": "1", "24": "1", "25": "1", "26": "1", "27": "1", "28": "1", "29": "1", "30": "1"}}