{"edges": [[0, 1], [0, 23], [0, 31], [1, 0], [1, 2], [1, 3], [1, 31], [1, 32], [2, 1], [2, 3], [2, 4], [2, 5], [2, 26], [3, 1], [3, 2], [3, 4], [3, 5], [4, 2], [4, 3], [4, 5], [4, 6], [4, 27], [5, 2], [5, 3], [5, 4], [5, 6], [5, 7], [5, 8], [5, 27], [5, 28], [6, 4], [6, 5], [6, 7], [6, 8], [7, 5], [7, 6], [7, 8], [7, 9], [8, 5], [8, 6], [8, 7], [8, 9], [8, 10], [8, 27], [9, 7], [9, 8], [9, 10], [9, 11], [9, 28], [10, 8], [10, 9], [10, 11], [10, 29], [11, 9], [11, 10], [11, 12], [11, 29], [11, 30], [12, 11], [12, 13], [12, 14], [12, 30], [13, 12], [13, 14], [13, 15], [13, 16], [14, 12], [14, 13], [14, 15], [14, 16], [15, 13], [15, 14], [15, 16], [15, 17], [16, 13], [16, 14], [16, 15], [16, 17], [17, 15], [17, 16], [17, 18], [18, 17], [18, 19], [18, 20], [18, 21], [19, 18], [19, 20], [19, 21], [19, 22], [20, 18], [20, 19], [20, 21], [20, 22], [21, 18], [21, 19], [21, 20], [21, 22], [22, 19], [22, 20], [22, 21], [23, 0], [23, 24], [23, 32], [23, 33], [24, 23], [24, 25], [24, 26], [24, 31], [24, 32], [24, 33], [25, 24], [25, 26], [25, 32], [26, 2], [26, 24], [26, 25], [26, 32], [27, 4], [27, 5], [27, 8], [27, 28], [27, 29], [28, 5], [28, 9], [28, 27], [28, 29], [29, 10], [29, 11], [29, 27], [29, 28], [29, 30], [30, 11], [30, 12], [30, 29], [31, 0], [31, 1], [31, 24], [31, 33], [32, 1], [32, 23], [32, 24], [32, 25], [32, 26], [33, 23], [33, 24], [33, 31]], "target": 0, "label": {"0": "0", "1": "0", "2": "0", "3": "0", "4": "0", "5": "0", "6": "0", "7": "0", "8": "0", "9": "0", "10": "0", "11": "0", "12": "0", "13": "0", "14": "0", "15": "0", "16": "0", "17": "0", "18": "0", "19": "0", "20": "0", "21": "0", "22": "0", "23": "1", "24": "1", "25": "1", "26": "1", "27": "1", "28": "1", "29": "1", "30": "1", "31": "1", "32": "1", "33": "1"}}