{"edges": [[0, 1], [0, 2], [0, 3], [0, 18], [1, 0], [1, 2], [1, 3], [1, 18], [1, 19], [2, 0], [2, 1], [2, 3], [2, 18], [2, 19], [3, 0], [3, 1], [3, 2], [3, 4], [3, 20], [4, 3], [4, 5], [4, 6], [4, 20], [5, 4], [5, 6], [5, 7], [5, 20], [6, 4], [6, 5], [6, 7], [6, 8], [7, 5], [7, 6], [7, 8], [7, 10], [7, 11], [8, 6], [8, 7], [8, 9], [8, 10], [8, 11], [8, 21], [9, 8], [9, 20], [9, 21], [9, 22], [10, 7], [10, 8], [10, 11], [10, 21], [11, 7], [11, 8], [11, 10], [11, 12], [11, 22], [12, 11], [12, 13], [12, 14], [12, 22], [13, 12], [13, 14], [13, 15], [14, 12], [14, 13], [14, 15], [14, 16], [14, 17], [15, 13], [15, 14], [15, 16], [15, 17], [16, 14], [16, 15], [16, 17], [17, 14], [17, 15], [17, 16], [18, 0], [18, 1], [18, 2], [18, 19], [19, 1], [19, 2], [19, 18], [19, 20], [20, 3], [20, 4], [20, 5], [20, 9], [20, 19], [21, 8], [21, 9], [21, 10], [21, 22], [22, 9], [22, 11], [22, 12], [22, 21]], "target": 5, "label": {"0": "0", "1": "0", "2": "0", "3": "0", "4": "0", "5": "0", "6": "0", "7": "0", "8": "0", "9": "0", "10": "0", "11": "0", "12": "0", "13": "0", "14": "0", "15": "0", "16": "0", "17": "0", "18": "1", "19": "1", "20": "1", "21": "1", "22": "1"}}