{"edges": [[0, 1], [0, 27], [0, 28], [1, 0], [1, 2], [1, 3], [1, 27], [1, 28], [2, 1], [2, 3], [2, 4], [2, 5], [2, 25], [3, 1], [3, 2], [3, 4], [3, 5], [3, 25], [4, 2], [4, 3], [4, 5], [4, 6], [5, 2], [5, 3], [5, 4], [5, 6], [5, 7], [5, 8], [6, 4], [6, 5], [6, 7], [6, 8], [7, 5], [7, 6], [7, 8], [7, 9], [8, 5], [8, 6], [8, 7], [8, 9], [8, 10], [8, 24], [9, 7], [9, 8], [9, 10], [9, 11], [9, 31], [10, 8], [10, 9], [10, 11], [10, 30], [11, 9], [11, 10], [11, 12], [11, 29], [11, 30], [12, 11], [12, 13], [12, 14], [12, 21], [12, 29], [13, 12], [13, 14], [13, 21], [13, 29], [14, 12], [14, 13], [14, 15], [15, 14], [15, 16], [15, 17], [16, 15], [16, 17], [16, 18], [16, 19], [17, 15], [17, 16], [17, 18], [17, 19], [17, 20], [18, 16], [18, 17], [18, 19], [18, 20], [19, 16], [19, 17], [19, 18], [19, 20], [20, 17], [20, 18], [20, 19], [21, 12], [21, 13], [21, 29], [21, 30], [22, 23], [22, 24], [22, 31], [23, 22], [23, 24], [23, 30], [23, 31], [24, 8], [24, 22], [24, 23], [24, 31], [25, 2], [25, 3], [25, 26], [25, 27], [25, 28], [26, 25], [26, 27], [26, 28], [27, 0], [27, 1], [27, 25], [27, 26], [27, 28], [28, 0], [28, 1], [28, 25], [28, 26], [28, 27], [29, 11], [29, 12], [29, 13], [29, 21], [29, 30], [30, 10], [30, 11], [30, 21], [30, 23], [30, 29], [30, 31], [31, 9], [31, 22], [31, 23], [31, 24], [31, 30]], "target": 0, "label": {"0": "0", "1": "0", "2": "0", "3": "0", "4": "0", "5": "0", "6": "0", "7": "0", "8": "0", "9": "0", "10": "0", "11": "0", "12": "0", "13": "0", "14": "0", "15": "0", "16": "0", "17": "0", "18": "0", "19": "0", "20": "0", "21": "1", "22": "1", "23": "1", "24": "1", "25": "1", "26": "1", "27": "1", "28": "1", "29": "1", "30": "1", "31": "1"}}