{"edges": [[0, 1], [0, 14], [1, 0], [1, 13], [1, 26], [1, 34], [1, 35], [2, 3], [2, 29], [2, 38], [3, 2], [3, 4], [3, 29], [4, 3], [4, 30], [4, 39], [5, 6], [5, 31], [5, 40], [6, 5], [6, 32], [6, 41], [7, 8], [7, 21], [7, 33], [7, 42], [8, 7], [8, 9], [8, 20], [9, 8], [9, 10], [9, 11], [9, 12], [10, 9], [10, 11], [10, 12], [11, 9], [11, 10], [11, 12], [12, 9], [12, 10], [12, 11], [13, 1], [13, 14], [14, 0], [14, 13], [14, 26], [14, 34], [14, 35], [14, 43], [15, 16], [15, 29], [15, 38], [16, 15], [16, 17], [16, 29], [17, 16], [17, 30], [17, 39], [18, 19], [18, 31], [18, 40], [19, 18], [19, 32], [19, 41], [20, 8], [20, 21], [20, 33], [20, 42], [21, 7], [21, 20], [21, 22], [22, 21], [22, 23], [22, 24], [22, 25], [23, 22], [23, 24], [23, 25], [24, 22], [24, 23], [24, 25], [25, 22], [25, 23], [25, 24], [26, 1], [26, 14], [26, 34], [26, 43], [27, 28], [27, 34], [27, 37], [28, 27], [28, 29], [28, 36], [28, 38], [29, 2], [29, 3], [29, 15], [29, 16], [29, 28], [29, 37], [30, 4], [30, 17], [30, 31], [30, 40], [31, 5], [31, 18], [31, 30], [31, 39], [32, 6], [32, 19], [32, 33], [33, 7], [33, 20], [33, 32], [34, 1], [34, 14], [34, 26], [34, 27], [34, 35], [34, 43], [35, 1], [35, 14], [35, 34], [35, 36], [35, 43], [36, 28], [36, 35], [36, 37], [37, 27], [37, 29], [37, 36], [37, 38], [38, 2], [38, 15], [38, 28], [38, 37], [39, 4], [39, 17], [39, 31], [39, 40], [40, 5], [40, 18], [40, 30], [40, 39], [41, 6], [41, 19], [41, 42], [42, 7], [42, 20], [42, 41], [43, 14], [43, 26], [43, 34], [43, 35]], "target": 0, "label": {"0": "0", "1": "0", "2": "0", "3": "0", "4": "0", "5": "0", "6": "0", "7": "0", "8": "0", "9": "0", "10": "0", "11": "0", "12": "0", "13": "0", "14": "0", "15": "0", "16": "0", "17": "0", "18": "0", "19": "0", "20": "0", "21": "0", "22": "0", "23": "0", "24": "0", "25": "0", "26": "1", "27": "1", "28": "1", "29": "1", "30": "1", "31": "1", "32": "1", "33": "1", "34": "1", "35": "1", "36": "1", "37": "1", "38": "1", "39": "1", "40": "1", "41": "1", "42": "1", "43": "1"}}