{"edges": [[0, 1], [0, 12], [0, 13], [0, 22], [0, 23], [1, 0], [1, 2], [1, 12], [1, 13], [1, 22], [1, 23], [1, 24], [2, 1], [2, 3], [2, 24], [3, 2], [3, 4], [3, 24], [3, 25], [4, 3], [4, 5], [4, 25], [4, 26], [4, 27], [5, 4], [5, 25], [5, 26], [5, 27], [6, 7], [6, 27], [6, 28], [7, 6], [7, 16], [7, 28], [7, 29], [8, 29], [8, 30], [8, 31], [9, 10], [9, 19], [9, 31], [9, 32], [9, 33], [10, 9], [10, 11], [10, 33], [11, 10], [11, 33], [11, 34], [11, 35], [12, 0], [12, 1], [12, 13], [12, 22], [13, 0], [13, 1], [13, 12], [13, 22], [13, 23], [14, 26], [14, 27], [14, 28], [15, 20], [15, 21], [15, 35], [15, 36], [15, 37], [16, 7], [16, 17], [16, 29], [16, 30], [17, 16], [17, 18], [17, 29], [17, 30], [18, 17], [18, 19], [18, 31], [18, 32], [19, 9], [19, 18], [19, 31], [19, 32], [20, 15], [20, 21], [20, 36], [20, 37], [21, 15], [21, 20], [21, 37], [21, 39], [22, 0], [22, 1], [22, 12], [22, 13], [22, 23], [23, 0], [23, 1], [23, 13], [23, 22], [24, 1], [24, 2], [24, 3], [25, 3], [25, 4], [25, 5], [26, 4], [26, 5], [26, 14], [26, 27], [27, 4], [27, 5], [27, 6], [27, 14], [27, 26], [28, 6], [28, 7], [28, 14], [29, 7], [29, 8], [29, 16], [29, 17], [29, 30], [30, 8], [30, 16], [30, 17], [30, 29], [30, 31], [31, 8], [31, 9], [31, 18], [31, 19], [31, 30], [31, 32], [32, 9], [32, 18], [32, 19], [32, 31], [33, 9], [33, 10], [33, 11], [34, 11], [34, 35], [34, 36], [35, 11], [35, 15], [35, 34], [35, 36], [36, 15], [36, 20], [36, 34], [36, 35], [36, 37], [36, 38], [36, 39], [37, 15], [37, 20], [37, 21], [37, 36], [37, 38], [37, 39], [38, 36], [38, 37], [38, 39], [39, 21], [39, 36], [39, 37], [39, 38]], "target": 0, "label": {"0": "0", "1": "0", "2": "0", "3": "0", "4": "0", "5": "0", "6": "0", "7": "0", "8": "0", "9": "0", "10": "0", "11": "0", "12": "1", "13": "1", "14": "1", "15": "1", "16": "1", "17": "1", "18": "1", "19": "1", "20": "1", "21": "1", "22": "2", "23": "2", "24": "2", "25": "2", "26": "2", "27": "2", "28": "2", "29": "2", "30": "2", "31": "2", "32": "2", "33": "2", "34": "2", "35": "2", "36": "2", "37": "2", "38": "2", "39": "2"}}