{"edges": [[0, 1], [0, 19], [1, 0], [1, 2], [1, 18], [2, 1], [2, 3], [2, 21], [3, 2], [3, 4], [3, 20], [3, 22], [4, 3], [4, 5], [4, 21], [4, 23], [5, 4], [5, 6], [5, 22], [6, 5], [6, 7], [6, 8], [7, 6], [7, 8], [7, 9], [8, 6], [8, 7], [8, 9], [8, 36], [9, 7], [9, 8], [9, 10], [9, 36], [9, 38], [10, 9], [10, 11], [10, 12], [10, 36], [10, 38], [11, 10], [11, 12], [11, 36], [11, 38], [12, 10], [12, 11], [12, 37], [12, 39], [13, 14], [13, 37], [13, 39], [14, 13], [14, 15], [14, 16], [14, 17], [15, 14], [15, 16], [15, 17], [16, 14], [16, 15], [16, 17], [17, 14], [17, 15], [17, 16], [18, 1], [18, 19], [19, 0], [19, 18], [19, 20], [20, 3], [20, 19], [20, 21], [21, 2], [21, 4], [21, 20], [21, 22], [22, 3], [22, 5], [22, 21], [22, 23], [23, 4], [23, 22], [23, 24], [24, 23], [24, 25], [24, 26], [25, 24], [25, 26], [25, 27], [26, 24], [26, 25], [26, 27], [26, 28], [27, 25], [27, 26], [27, 28], [27, 29], [27, 30], [27, 38], [28, 26], [28, 27], [28, 29], [28, 30], [28, 38], [29, 27], [29, 28], [29, 30], [30, 27], [30, 28], [30, 29], [30, 39], [31, 32], [31, 33], [31, 34], [31, 39], [32, 31], [32, 33], [32, 34], [32, 35], [33, 31], [33, 32], [33, 34], [33, 35], [34, 31], [34, 32], [34, 33], [34, 35], [35, 32], [35, 33], [35, 34], [36, 8], [36, 9], [36, 10], [36, 11], [37, 12], [37, 13], [37, 39], [38, 9], [38, 10], [38, 11], [38, 27], [38, 28], [39, 12], [39, 13], [39, 30], [39, 31], [39, 37]], "target": 0, "label": {"0": "0", "1": "0", "2": "0", "3": "0", "4": "0", "5": "0", "6": "0", "7": "0", "8": "0", "9": "0", "10": "0", "11": "0", "12": "0", "13": "0", "14": "0", "15": "0", "16": "0", "17": "0", "18": "0", "19": "0", "20": "0", "21": "0", "22": "0", "23": "0", "24": "0", "25": "0", "26": "0", "27": "0", "28": "0", "29": "0", "30": "0", "31": "0", "32": "0", "33": "0", "34": "0", "35": "0", "36": "1", "37": "1", "38": "1", "39": "1"}}