{"edges": [[0, 1], [0, 20], [1, 0], [1, 19], [2, 3], [2, 4], [3, 2], [3, 4], [3, 5], [4, 2], [4, 3], [4, 5], [5, 3], [5, 4], [5, 6], [6, 5], [6, 7], [6, 24], [6, 26], [7, 6], [7, 8], [7, 25], [8, 7], [8, 9], [8, 10], [9, 8], [9, 10], [9, 11], [10, 8], [10, 9], [10, 11], [11, 9], [11, 10], [11, 12], [11, 13], [12, 11], [12, 13], [12, 14], [13, 11], [13, 12], [13, 14], [13, 15], [14, 12], [14, 13], [14, 15], [15, 13], [15, 14], [15, 16], [15, 35], [16, 15], [16, 17], [16, 18], [16, 36], [16, 37], [17, 16], [17, 18], [17, 35], [18, 16], [18, 17], [18, 35], [19, 1], [19, 20], [20, 0], [20, 19], [21, 22], [21, 23], [22, 21], [22, 23], [22, 24], [23, 21], [23, 22], [23, 24], [23, 25], [24, 6], [24, 22], [24, 23], [24, 25], [25, 7], [25, 23], [25, 24], [25, 26], [26, 6], [26, 25], [26, 27], [27, 26], [27, 28], [27, 29], [28, 27], [28, 29], [28, 30], [29, 27], [29, 28], [29, 30], [30, 28], [30, 29], [30, 31], [30, 32], [31, 30], [31, 32], [31, 33], [32, 30], [32, 31], [32, 33], [32, 34], [33, 31], [33, 32], [33, 34], [34, 32], [34, 33], [34, 35], [35, 15], [35, 17], [35, 18], [35, 34], [35, 36], [35, 37], [36, 16], [36, 35], [36, 37], [37, 16], [37, 35], [37, 36]], "target": 0, "label": {"0": "0", "1": "0", "2": "0", "3": "0", "4": "0", "5": "0", "6": "0", "7": "0", "8": "0", "9": "0", "10": "0", "11": "0", "12": "0", "13": "0", "14": "0", "15": "0", "16": "0", "17": "0", "18": "0", "19": "0", "20": "0", "21": "0", "22": "0", "23": "0", "24": "0", "25": "0", "26": "0", "27": "0", "28": "0", "29": "0", "30": "0", "31": "0", "32": "0", "33": "0", "34": "0", "35": "0", "36": "0", "37": "0"}}