{"edges": [[0, 1], [0, 14], [1, 0], [1, 2], [1, 13], [2, 1], [2, 3], [2, 16], [3, 2], [3, 4], [3, 15], [4, 3], [4, 5], [4, 18], [5, 4], [5, 6], [5, 17], [5, 19], [6, 5], [6, 7], [6, 8], [6, 18], [6, 26], [7, 6], [7, 8], [7, 26], [7, 28], [8, 6], [8, 7], [8, 9], [8, 26], [8, 27], [8, 28], [8, 29], [9, 8], [9, 10], [9, 11], [9, 23], [9, 27], [10, 9], [10, 11], [10, 22], [11, 9], [11, 10], [11, 12], [11, 25], [12, 11], [12, 24], [12, 25], [13, 1], [13, 14], [14, 0], [14, 13], [14, 15], [15, 3], [15, 14], [15, 16], [16, 2], [16, 15], [16, 17], [17, 5], [17, 16], [17, 18], [18, 4], [18, 6], [18, 17], [18, 19], [19, 5], [19, 18], [19, 20], [19, 21], [19, 28], [20, 19], [20, 21], [20, 28], [21, 19], [21, 20], [21, 22], [21, 29], [22, 10], [22, 21], [22, 23], [22, 24], [22, 29], [23, 9], [23, 22], [23, 24], [24, 12], [24, 22], [24, 23], [24, 25], [25, 11], [25, 12], [25, 24], [26, 6], [26, 7], [26, 8], [26, 27], [26, 29], [27, 8], [27, 9], [27, 26], [27, 29], [28, 7], [28, 8], [28, 19], [28, 20], [29, 8], [29, 21], [29, 22], [29, 26], [29, 27]], "target": 0, "label": {"0": "0", "1": "0", "2": "0", "3": "0", "4": "0", "5": "0", "6": "0", "7": "0", "8": "0", "9": "0", "10": "0", "11": "0", "12": "0", "13": "0", "14": "0", "15": "0", "16": "0", "17": "0", "18": "0", "19": "0", "20": "0", "21": "0", "22": "0", "23": "0", "24": "0", "25": "0", "26": "1", "27": "1", "28": "1", "29": "1"}}