{"edges": [[0, 1], [0, 18], [1, 0], [1, 2], [1, 17], [2, 1], [2, 3], [2, 20], [3, 2], [3, 4], [3, 19], [3, 21], [4, 3], [4, 5], [4, 20], [4, 22], [5, 4], [5, 6], [5, 21], [6, 5], [6, 7], [6, 8], [7, 6], [7, 8], [7, 34], [8, 6], [8, 7], [8, 34], [8, 36], [9, 10], [9, 11], [9, 34], [9, 36], [10, 9], [10, 11], [10, 12], [10, 34], [10, 36], [11, 9], [11, 10], [11, 12], [11, 34], [12, 10], [12, 11], [12, 35], [12, 37], [13, 14], [13, 15], [13, 16], [13, 35], [13, 37], [14, 13], [14, 15], [14, 16], [15, 13], [15, 14], [15, 16], [16, 13], [16, 14], [16, 15], [17, 1], [17, 18], [18, 0], [18, 17], [18, 19], [19, 3], [19, 18], [19, 20], [20, 2], [20, 4], [20, 19], [20, 21], [21, 3], [21, 5], [21, 20], [21, 22], [22, 4], [22, 21], [22, 23], [23, 22], [23, 24], [23, 25], [24, 23], [24, 25], [24, 26], [25, 23], [25, 24], [25, 26], [25, 27], [25, 36], [26, 24], [26, 25], [26, 27], [26, 28], [26, 29], [26, 36], [27, 25], [27, 26], [27, 28], [27, 29], [28, 26], [28, 27], [28, 29], [29, 26], [29, 27], [29, 28], [29, 30], [29, 37], [30, 29], [30, 31], [30, 32], [30, 33], [30, 37], [31, 30], [31, 32], [31, 33], [32, 30], [32, 31], [32, 33], [33, 30], [33, 31], [33, 32], [34, 7], [34, 8], [34, 9], [34, 10], [34, 11], [35, 12], [35, 13], [35, 37], [36, 8], [36, 9], [36, 10], [36, 25], [36, 26], [37, 12], [37, 13], [37, 29], [37, 30], [37, 35]], "target": 0, "label": {"0": "0", "1": "0", "2": "0", "3": "0", "4": "0", "5": "0", "6": "0", "7": "0", "8": "0", "9": "0", "10": "0", "11": "0", "12": "0", "13": "0", "14": "0", "15": "0", "16": "0", "17": "0", "18": "0", "19": "0", "20": "0", "21": "0", "22": "0", "23": "0", "24": "0", "25": "0", "26": "0", "27": "0", "28": "0", "29": "0", "30": "0", "31": "0", "32": "0", "33": "0", "34": "1", "35": "1", "36": "1", "37": "1"}}