{"edges": [[0, 1], [0, 14], [1, 0], [1, 2], [1, 13], [1, 15], [1, 27], [1, 29], [2, 1], [2, 14], [2, 29], [2, 30], [3, 4], [3, 5], [3, 30], [4, 3], [4, 5], [4, 6], [5, 3], [5, 4], [5, 6], [5, 7], [6, 4], [6, 5], [6, 7], [7, 5], [7, 6], [7, 8], [8, 7], [8, 9], [8, 31], [9, 8], [9, 10], [9, 11], [9, 31], [10, 9], [10, 11], [10, 12], [10, 22], [10, 32], [11, 9], [11, 10], [11, 12], [11, 32], [12, 10], [12, 11], [12, 23], [12, 25], [13, 1], [13, 14], [13, 36], [13, 37], [14, 0], [14, 2], [14, 13], [14, 15], [14, 36], [14, 38], [15, 1], [15, 14], [15, 38], [15, 39], [16, 17], [16, 18], [16, 39], [17, 16], [17, 18], [17, 19], [18, 16], [18, 17], [18, 19], [18, 20], [19, 17], [19, 18], [19, 20], [20, 18], [20, 19], [20, 21], [21, 20], [21, 22], [21, 23], [21, 40], [22, 10], [22, 21], [22, 23], [22, 24], [22, 40], [23, 12], [23, 21], [23, 22], [23, 24], [23, 25], [23, 41], [24, 22], [24, 23], [24, 25], [24, 41], [25, 12], [25, 23], [25, 24], [26, 28], [26, 34], [26, 37], [26, 43], [27, 1], [27, 28], [27, 37], [28, 26], [28, 27], [28, 35], [28, 36], [29, 1], [29, 2], [29, 30], [29, 39], [30, 2], [30, 3], [30, 29], [30, 38], [31, 8], [31, 9], [31, 32], [31, 41], [32, 10], [32, 11], [32, 31], [32, 40], [33, 34], [33, 43], [34, 26], [34, 33], [34, 35], [34, 42], [34, 43], [35, 28], [35, 34], [35, 37], [35, 43], [36, 13], [36, 14], [36, 28], [36, 37], [37, 13], [37, 26], [37, 27], [37, 35], [37, 36], [38, 14], [38, 15], [38, 30], [38, 39], [39, 15], [39, 16], [39, 29], [39, 38], [40, 21], [40, 22], [40, 32], [40, 41], [41, 23], [41, 24], [41, 31], [41, 40], [42, 34], [42, 43], [43, 26], [43, 33], [43, 34], [43, 35], [43, 42]], "target": 0, "label": {"0": "0", "1": "0", "2": "0", "3": "0", "4": "0", "5": "0", "6": "0", "7": "0", "8": "0", "9": "0", "10": "0", "11": "0", "12": "0", "13": "0", "14": "0", "15": "0", "16": "0", "17": "0", "18": "0", "19": "0", "20": "0", "21": "0", "22": "0", "23": "0", "24": "0", "25": "0", "26": "1", "27": "1", "28": "1", "29": "1", "30": "1", "31": "1", "32": "1", "33": "1", "34": "1", "35": "1", "36": "1", "37": "1", "38": "1", "39": "1", "40": "1", "41": "1", "42": "1", "43": "1"}}