{"edges": [[0, 1], [1, 0], [1, 2], [1, 13], [1, 24], [1, 36], [1, 38], [2, 1], [2, 38], [2, 39], [3, 4], [3, 15], [3, 39], [4, 3], [4, 5], [4, 14], [5, 4], [5, 6], [5, 28], [6, 5], [6, 7], [6, 16], [7, 6], [7, 8], [7, 17], [7, 40], [8, 7], [8, 9], [8, 20], [8, 40], [8, 41], [9, 8], [9, 10], [9, 21], [9, 32], [9, 41], [10, 9], [10, 31], [10, 32], [11, 12], [11, 45], [11, 46], [12, 11], [12, 13], [12, 45], [12, 47], [13, 1], [13, 12], [13, 47], [13, 48], [14, 4], [14, 15], [14, 48], [15, 3], [15, 14], [15, 16], [15, 25], [16, 6], [16, 15], [16, 17], [17, 7], [17, 16], [17, 18], [18, 17], [18, 19], [18, 40], [18, 49], [19, 18], [19, 20], [19, 21], [19, 49], [19, 50], [20, 8], [20, 19], [20, 21], [20, 50], [21, 9], [21, 19], [21, 20], [22, 23], [22, 54], [22, 55], [23, 22], [23, 24], [23, 54], [23, 56], [24, 1], [24, 23], [24, 56], [24, 57], [25, 15], [25, 26], [25, 57], [26, 25], [26, 27], [27, 26], [27, 28], [27, 29], [28, 5], [28, 27], [28, 29], [29, 27], [29, 28], [29, 30], [29, 58], [30, 29], [30, 31], [30, 32], [30, 58], [30, 59], [31, 10], [31, 30], [31, 32], [31, 59], [32, 9], [32, 10], [32, 30], [32, 31], [33, 34], [34, 33], [34, 35], [34, 42], [34, 44], [34, 51], [34, 53], [35, 34], [35, 37], [35, 43], [35, 46], [35, 52], [35, 55], [36, 1], [36, 37], [37, 35], [37, 36], [37, 45], [37, 54], [38, 1], [38, 2], [38, 39], [38, 48], [38, 57], [39, 2], [39, 3], [39, 38], [39, 47], [39, 56], [40, 7], [40, 8], [40, 18], [40, 41], [40, 50], [40, 59], [41, 8], [41, 9], [41, 40], [41, 49], [41, 58], [41, 59], [42, 34], [42, 43], [43, 35], [43, 42], [43, 44], [44, 34], [44, 43], [44, 46], [45, 11], [45, 12], [45, 37], [46, 11], [46, 35], [46, 44], [47, 12], [47, 13], [47, 39], [48, 13], [48, 14], [48, 38], [49, 18], [49, 19], [49, 41], [50, 19], [50, 20], [50, 40], [50, 59], [51, 34], [51, 52], [52, 35], [52, 51], [52, 53], [53, 34], [53, 52], [53, 55], [54, 22], [54, 23], [54, 37], [55, 22], [55, 35], [55, 53], [56, 23], [56, 24], [56, 39], [57, 24], [57, 25], [57, 38], [58, 29], [58, 30], [58, 41], [59, 30], [59, 31], [59, 40], [59, 41], [59, 50]], "target": 0, "label": {"0": "0", "1": "0", "2": "0", "3": "0", "4": "0", "5": "0", "6": "0", "7": "0", "8": "0", "9": "0", "10": "0", "11": "0", "12": "0", "13": "0", "14": "0", "15": "0", "16": "0", "17": "0", "18": "0", "19": "0", "20": "0", "21": "0", "22": "0", "23": "0", "24": "0", "25": "0", "26": "0", "27": "0", "28": "0", "29": "0", "30": "0", "31": "0", "32": "0", "33": "1", "34": "1", "35": "1", "36": "1", "37": "1", "38": "1", "39": "1", "40": "1", "41": "1", "42": "1", "43": "1", "44": "1", "45": "1", "46": "1", "47": "1", "48": "1", "49": "1", "50": "1", "51": "1", "52": "1", "53": "1", "54": "1", "55": "1", "56": "1", "57": "1", "58": "1", "59": "1"}}