{"edges": [[0, 1], [0, 2], [0, 3], [1, 0], [1, 2], [1, 3], [2, 0], [2, 1], [2, 3], [2, 4], [3, 0], [3, 1], [3, 2], [3, 4], [3, 5], [4, 2], [4, 3], [4, 5], [5, 3], [5, 4], [5, 6], [6, 5], [6, 22], [6, 23], [7, 8], [7, 9], [7, 22], [7, 23], [8, 7], [8, 9], [8, 10], [8, 23], [9, 7], [9, 8], [9, 10], [9, 11], [10, 8], [10, 9], [10, 11], [10, 12], [11, 9], [11, 10], [11, 12], [11, 13], [12, 10], [12, 11], [12, 13], [13, 11], [13, 12], [13, 14], [14, 13], [14, 15], [14, 24], [15, 14], [15, 16], [15, 24], [15, 25], [16, 15], [16, 17], [16, 18], [16, 24], [16, 25], [17, 16], [17, 18], [17, 19], [18, 16], [18, 17], [18, 19], [19, 17], [19, 18], [19, 20], [19, 26], [19, 27], [20, 19], [20, 21], [20, 26], [20, 27], [21, 20], [21, 26], [21, 27], [22, 6], [22, 7], [22, 23], [23, 6], [23, 7], [23, 8], [23, 22], [24, 14], [24, 15], [24, 16], [24, 25], [25, 15], [25, 16], [25, 24], [26, 19], [26, 20], [26, 21], [26, 27], [27, 19], [27, 20], [27, 21], [27, 26]], "target": 0, "label": {"0": "0", "1": "0", "2": "0", "3": "0", "4": "0", "5": "0", "6": "0", "7": "0", "8": "0", "9": "0", "10": "0", "11": "0", "12": "0", "13": "0", "14": "0", "15": "0", "16": "0", "17": "0", "18": "0", "19": "0", "20": "0", "21": "0", "22": "1", "23": "1", "24": "1", "25": "1", "26": "1", "27": "1"}}