{"edges": [[0, 1], [0, 2], [0, 3], [0, 17], [1, 0], [1, 2], [1, 3], [1, 17], [1, 18], [2, 0], [2, 1], [2, 3], [2, 17], [2, 18], [3, 0], [3, 1], [3, 2], [3, 4], [3, 19], [4, 3], [4, 5], [4, 6], [4, 19], [5, 4], [5, 6], [5, 7], [5, 19], [6, 4], [6, 5], [6, 7], [6, 8], [7, 5], [7, 6], [7, 8], [7, 9], [7, 10], [7, 20], [8, 6], [8, 7], [8, 9], [8, 10], [8, 20], [9, 7], [9, 8], [9, 10], [9, 20], [10, 7], [10, 8], [10, 9], [10, 11], [10, 21], [11, 10], [11, 12], [11, 13], [11, 21], [12, 11], [12, 13], [12, 14], [12, 21], [13, 11], [13, 12], [13, 14], [13, 15], [13, 16], [14, 12], [14, 13], [14, 15], [14, 16], [15, 13], [15, 14], [15, 16], [16, 13], [16, 14], [16, 15], [17, 0], [17, 1], [17, 2], [17, 18], [18, 1], [18, 2], [18, 17], [18, 19], [19, 3], [19, 4], [19, 5], [19, 18], [20, 7], [20, 8], [20, 9], [20, 21], [21, 10], [21, 11], [21, 12], [21, 20]], "target": 5, "label": {"0": "0", "1": "0", "2": "0", "3": "0", "4": "0", "5": "0", "6": "0", "7": "0", "8": "0", "9": "0", "10": "0", "11": "0", "12": "0", "13": "0", "14": "0", "15": "0", "16": "0", "17": "1", "18": "1", "19": "1", "20": "1", "21": "1"}}