{"edges": [[0, 1], [0, 2], [0, 3], [1, 0], [1, 2], [1, 3], [2, 0], [2, 1], [2, 3], [2, 4], [2, 5], [3, 0], [3, 1], [3, 2], [3, 4], [3, 5], [3, 6], [4, 2], [4, 3], [4, 5], [4, 6], [5, 2], [5, 3], [5, 4], [5, 6], [6, 3], [6, 4], [6, 5], [6, 7], [7, 6], [7, 8], [7, 9], [8, 7], [8, 9], [8, 10], [8, 14], [8, 15], [9, 7], [9, 8], [9, 10], [9, 14], [10, 8], [10, 9], [10, 11], [10, 12], [10, 13], [10, 14], [10, 15], [11, 10], [11, 12], [11, 13], [12, 10], [12, 11], [12, 13], [13, 10], [13, 11], [13, 12], [14, 8], [14, 9], [14, 10], [14, 15], [15, 8], [15, 10], [15, 14]], "target": 0, "label": {"0": "0", "1": "0", "2": "0", "3": "0", "4": "0", "5": "0", "6": "0", "7": "0", "8": "0", "9": "0", "10": "0", "11": "0", "12": "0", "13": "0", "14": "1", "15": "1"}}