{"edges": [[0, 1], [0, 18], [1, 0], [1, 2], [1, 17], [1, 35], [2, 1], [2, 3], [2, 4], [2, 18], [3, 2], [3, 4], [3, 5], [3, 19], [4, 2], [4, 3], [4, 5], [4, 19], [4, 20], [5, 3], [5, 4], [5, 6], [5, 23], [6, 5], [6, 7], [6, 22], [6, 24], [7, 6], [7, 23], [7, 36], [8, 9], [8, 26], [8, 36], [8, 44], [9, 8], [9, 10], [9, 25], [9, 38], [10, 9], [10, 11], [10, 39], [10, 40], [11, 10], [11, 12], [11, 29], [11, 41], [12, 11], [12, 13], [12, 30], [13, 12], [13, 14], [14, 13], [14, 15], [14, 32], [14, 33], [14, 37], [15, 14], [15, 16], [15, 37], [16, 15], [16, 32], [16, 33], [17, 1], [17, 18], [17, 43], [18, 0], [18, 2], [18, 17], [18, 19], [19, 3], [19, 4], [19, 18], [19, 20], [20, 4], [20, 19], [20, 21], [21, 20], [21, 22], [22, 6], [22, 21], [22, 23], [23, 5], [23, 7], [23, 22], [23, 24], [24, 6], [24, 23], [24, 44], [25, 9], [25, 26], [25, 36], [25, 44], [26, 8], [26, 25], [26, 38], [26, 46], [27, 39], [27, 47], [27, 48], [28, 29], [28, 41], [28, 49], [29, 11], [29, 28], [29, 30], [30, 12], [30, 29], [30, 31], [31, 30], [31, 32], [31, 37], [31, 45], [32, 14], [32, 16], [32, 31], [32, 33], [32, 37], [32, 45], [33, 14], [33, 16], [33, 32], [34, 35], [34, 43], [35, 1], [35, 34], [35, 42], [36, 7], [36, 8], [36, 25], [37, 14], [37, 15], [37, 31], [37, 32], [38, 9], [38, 26], [38, 39], [38, 47], [39, 10], [39, 27], [39, 38], [39, 46], [40, 10], [40, 41], [40, 49], [41, 11], [41, 28], [41, 40], [41, 48], [41, 49], [42, 35], [42, 43], [43, 17], [43, 34], [43, 42], [44, 8], [44, 24], [44, 25], [45, 31], [45, 32], [46, 26], [46, 39], [46, 47], [47, 27], [47, 38], [47, 46], [48, 27], [48, 41], [48, 49], [49, 28], [49, 40], [49, 41], [49, 48]], "target": 0, "label": {"0": "0", "1": "0", "2": "0", "3": "0", "4": "0", "5": "0", "6": "0", "7": "0", "8": "0", "9": "0", "10": "0", "11": "0", "12": "0", "13": "0", "14": "0", "15": "0", "16": "0", "17": "0", "18": "0", "19": "0", "20": "0", "21": "0", "22": "0", "23": "0", "24": "0", "25": "0", "26": "0", "27": "0", "28": "0", "29": "0", "30": "0", "31": "0", "32": "0", "33": "0", "34": "1", "35": "1", "36": "1", "37": "1", "38": "1", "39": "1", "40": "1", "41": "1", "42": "1", "43": "1", "44": "1", "45": "1", "46": "1", "47": "1", "48": "1", "49": "1"}}