{"edges": [[0, 1], [0, 8], [1, 0], [1, 2], [1, 7], [2, 1], [2, 3], [2, 10], [3, 2], [3, 4], [3, 9], [3, 11], [4, 3], [4, 10], [4, 14], [5, 6], [5, 13], [5, 19], [5, 28], [6, 5], [6, 12], [6, 13], [6, 25], [6, 26], [7, 1], [7, 8], [8, 0], [8, 7], [8, 9], [9, 3], [9, 8], [9, 10], [10, 2], [10, 4], [10, 9], [10, 11], [11, 3], [11, 10], [11, 31], [12, 6], [12, 13], [12, 23], [12, 36], [12, 45], [13, 5], [13, 6], [13, 12], [13, 42], [13, 43], [14, 4], [14, 16], [14, 33], [15, 30], [15, 47], [16, 14], [16, 22], [16, 27], [16, 31], [17, 18], [17, 23], [17, 28], [18, 17], [18, 24], [18, 29], [19, 5], [19, 20], [19, 37], [20, 19], [20, 21], [20, 36], [21, 20], [21, 26], [22, 16], [22, 27], [22, 29], [22, 33], [23, 12], [23, 17], [23, 28], [23, 34], [24, 18], [24, 29], [24, 35], [24, 46], [25, 6], [25, 30], [25, 47], [26, 6], [26, 21], [27, 16], [27, 22], [27, 33], [28, 5], [28, 17], [28, 23], [28, 34], [29, 18], [29, 22], [29, 24], [29, 35], [29, 41], [30, 15], [30, 25], [30, 32], [30, 42], [30, 47], [31, 11], [31, 16], [31, 33], [32, 30], [32, 47], [33, 14], [33, 22], [33, 27], [33, 31], [33, 39], [34, 23], [34, 28], [34, 35], [34, 40], [35, 24], [35, 29], [35, 34], [35, 46], [36, 12], [36, 20], [36, 37], [37, 19], [37, 36], [37, 38], [38, 37], [38, 43], [39, 33], [39, 44], [40, 34], [40, 45], [41, 29], [41, 44], [41, 46], [42, 13], [42, 30], [42, 47], [43, 13], [43, 38], [44, 39], [44, 41], [45, 12], [45, 40], [46, 24], [46, 35], [46, 41], [47, 15], [47, 25], [47, 30], [47, 32], [47, 42]], "target": 0, "label": {"0": "0", "1": "0", "2": "0", "3": "0", "4": "0", "5": "0", "6": "0", "7": "0", "8": "0", "9": "0", "10": "0", "11": "0", "12": "0", "13": "0", "14": "1", "15": "1", "16": "1", "17": "1", "18": "1", "19": "1", "20": "1", "21": "1", "22": "1", "23": "1", "24": "1", "25": "1", "26": "1", "27": "1", "28": "1", "29": "1", "30": "1", "31": "1", "32": "1", "33": "1", "34": "1", "35": "1", "36": "1", "37": "1", "38": "1", "39": "1", "40": "1", "41": "1", "42": "1", "43": "1", "44": "1", "45": "1", "46": "1", "47": "1"}}