{"edges": [[0, 1], [0, 8], [1, 0], [1, 2], [1, 7], [2, 1], [2, 3], [2, 10], [3, 2], [3, 4], [3, 9], [3, 11], [4, 3], [4, 10], [4, 14], [5, 6], [5, 13], [5, 31], [5, 32], [6, 5], [6, 12], [6, 13], [6, 25], [6, 26], [7, 1], [7, 8], [8, 0], [8, 7], [8, 9], [9, 3], [9, 8], [9, 10], [10, 2], [10, 4], [10, 9], [10, 11], [11, 3], [11, 10], [11, 33], [12, 6], [12, 13], [12, 31], [12, 38], [12, 47], [13, 5], [13, 6], [13, 12], [13, 44], [13, 45], [14, 4], [14, 16], [14, 35], [15, 30], [15, 49], [16, 14], [16, 22], [16, 27], [16, 33], [17, 18], [17, 23], [17, 28], [18, 17], [18, 24], [18, 29], [19, 20], [19, 32], [19, 39], [20, 19], [20, 21], [20, 32], [20, 38], [21, 20], [21, 26], [22, 16], [22, 27], [22, 35], [23, 17], [23, 28], [23, 31], [23, 36], [24, 18], [24, 27], [24, 29], [24, 37], [24, 48], [25, 6], [25, 30], [25, 49], [26, 6], [26, 21], [27, 16], [27, 22], [27, 24], [27, 35], [28, 17], [28, 23], [28, 31], [28, 36], [29, 18], [29, 24], [29, 37], [29, 43], [30, 15], [30, 25], [30, 34], [30, 44], [30, 49], [31, 5], [31, 12], [31, 23], [31, 28], [31, 42], [32, 5], [32, 19], [32, 20], [32, 38], [33, 11], [33, 16], [33, 35], [34, 30], [34, 49], [35, 14], [35, 22], [35, 27], [35, 33], [35, 41], [36, 23], [36, 28], [36, 37], [36, 42], [37, 24], [37, 29], [37, 36], [37, 48], [38, 12], [38, 20], [38, 32], [38, 39], [39, 19], [39, 38], [39, 40], [40, 39], [40, 45], [41, 35], [41, 46], [42, 31], [42, 36], [42, 47], [43, 29], [43, 46], [43, 48], [44, 13], [44, 30], [44, 49], [45, 13], [45, 40], [46, 41], [46, 43], [47, 12], [47, 42], [48, 24], [48, 37], [48, 43], [49, 15], [49, 25], [49, 30], [49, 34], [49, 44]], "target": 0, "label": {"0": "0", "1": "0", "2": "0", "3": "0", "4": "0", "5": "0", "6": "0", "7": "0", "8": "0", "9": "0", "10": "0", "11": "0", "12": "0", "13": "0", "14": "1", "15": "1", "16": "1", "17": "1", "18": "1", "19": "1", "20": "1", "21": "1", "22": "1", "23": "1", "24": "1", "25": "1", "26": "1", "27": "1", "28": "1", "29": "1", "30": "1", "31": "1", "32": "1", "33": "1", "34": "1", "35": "1", "36": "1", "37": "1", "38": "1", "39": "1", "40": "1", "41": "1", "42": "1", "43": "1", "44": "1", "45": "1", "46": "1", "47": "1", "48": "1", "49": "1"}}