{"edges": [[0, 1], [0, 21], [0, 23], [1, 0], [1, 21], [1, 23], [2, 3], [2, 4], [2, 5], [2, 17], [2, 22], [3, 2], [3, 4], [3, 5], [3, 18], [4, 2], [4, 3], [4, 5], [5, 2], [5, 3], [5, 4], [5, 19], [6, 7], [6, 8], [6, 27], [7, 6], [7, 8], [7, 26], [7, 27], [8, 6], [8, 7], [8, 9], [8, 26], [9, 8], [9, 26], [9, 30], [9, 38], [10, 11], [10, 12], [10, 13], [10, 33], [10, 34], [11, 10], [11, 12], [11, 13], [11, 33], [12, 10], [12, 11], [12, 13], [12, 32], [13, 10], [13, 11], [13, 12], [13, 32], [14, 31], [14, 32], [14, 39], [15, 16], [15, 17], [15, 22], [15, 23], [16, 15], [16, 21], [16, 23], [17, 2], [17, 15], [17, 18], [17, 22], [18, 3], [18, 17], [18, 19], [18, 22], [19, 5], [19, 18], [19, 20], [19, 24], [19, 25], [20, 19], [20, 24], [20, 25], [21, 0], [21, 1], [21, 16], [21, 23], [22, 2], [22, 15], [22, 17], [22, 18], [23, 0], [23, 1], [23, 15], [23, 16], [23, 21], [24, 19], [24, 20], [24, 25], [25, 19], [25, 20], [25, 24], [26, 7], [26, 8], [26, 9], [26, 27], [26, 30], [26, 38], [27, 6], [27, 7], [27, 26], [28, 31], [28, 32], [28, 39], [29, 36], [29, 37], [29, 40], [29, 41], [30, 9], [30, 26], [30, 35], [30, 38], [31, 14], [31, 28], [31, 32], [31, 39], [32, 12], [32, 13], [32, 14], [32, 28], [32, 31], [32, 39], [33, 10], [33, 11], [33, 34], [33, 41], [34, 10], [34, 33], [34, 40], [34, 41], [35, 30], [35, 36], [35, 38], [36, 29], [36, 35], [36, 37], [36, 40], [37, 29], [37, 36], [37, 40], [38, 9], [38, 26], [38, 30], [38, 35], [39, 14], [39, 28], [39, 31], [39, 32], [40, 29], [40, 34], [40, 36], [40, 37], [40, 41], [41, 29], [41, 33], [41, 34], [41, 40]], "target": 0, "label": {"0": "0", "1": "0", "2": "0", "3": "0", "4": "0", "5": "0", "6": "0", "7": "0", "8": "0", "9": "0", "10": "0", "11": "0", "12": "0", "13": "0", "14": "0", "15": "1", "16": "1", "17": "1", "18": "1", "19": "1", "20": "1", "21": "1", "22": "1", "23": "1", "24": "1", "25": "1", "26": "1", "27": "1", "28": "1", "29": "1", "30": "1", "31": "1", "32": "1", "33": "1", "34": "1", "35": "1", "36": "1", "37": "1", "38": "1", "39": "1", "40": "1", "41": "1"}}