{"edges": [[0, 1], [0, 20], [0, 22], [1, 0], [1, 20], [1, 22], [2, 3], [2, 4], [2, 17], [3, 2], [3, 4], [3, 17], [4, 2], [4, 3], [4, 18], [5, 6], [5, 7], [5, 27], [5, 28], [6, 5], [6, 7], [6, 27], [6, 28], [7, 5], [7, 6], [7, 8], [7, 27], [8, 7], [8, 27], [8, 31], [8, 39], [9, 10], [9, 11], [9, 12], [9, 34], [9, 35], [10, 9], [10, 11], [10, 12], [10, 34], [11, 9], [11, 10], [11, 12], [11, 33], [12, 9], [12, 10], [12, 11], [12, 33], [13, 32], [13, 33], [13, 40], [14, 15], [14, 21], [14, 22], [14, 24], [15, 14], [15, 20], [15, 22], [16, 17], [16, 24], [16, 25], [17, 2], [17, 3], [17, 16], [17, 24], [17, 25], [18, 4], [18, 19], [18, 23], [18, 26], [19, 18], [19, 23], [19, 26], [20, 0], [20, 1], [20, 15], [20, 22], [21, 14], [21, 24], [21, 25], [22, 0], [22, 1], [22, 14], [22, 15], [22, 20], [23, 18], [23, 19], [23, 26], [24, 14], [24, 16], [24, 17], [24, 21], [24, 25], [25, 16], [25, 17], [25, 21], [25, 24], [26, 18], [26, 19], [26, 23], [27, 5], [27, 6], [27, 7], [27, 8], [27, 28], [27, 31], [27, 39], [28, 5], [28, 6], [28, 27], [29, 32], [29, 33], [29, 40], [30, 37], [30, 38], [30, 41], [30, 42], [31, 8], [31, 27], [31, 36], [31, 39], [32, 13], [32, 29], [32, 33], [32, 40], [33, 11], [33, 12], [33, 13], [33, 29], [33, 32], [33, 40], [34, 9], [34, 10], [34, 35], [34, 42], [35, 9], [35, 34], [35, 41], [35, 42], [36, 31], [36, 37], [36, 39], [37, 30], [37, 36], [37, 38], [37, 41], [38, 30], [38, 37], [38, 41], [39, 8], [39, 27], [39, 31], [39, 36], [40, 13], [40, 29], [40, 32], [40, 33], [41, 30], [41, 35], [41, 37], [41, 38], [41, 42], [42, 30], [42, 34], [42, 35], [42, 41]], "target": 0, "label": {"0": "0", "1": "0", "2": "0", "3": "0", "4": "0", "5": "0", "6": "0", "7": "0", "8": "0", "9": "0", "10": "0", "11": "0", "12": "0", "13": "0", "14": "1", "15": "1", "16": "1", "17": "1", "18": "1", "19": "1", "20": "1", "21": "1", "22": "1", "23": "1", "24": "1", "25": "1", "26": "1", "27": "1", "28": "1", "29": "1", "30": "1", "31": "1", "32": "1", "33": "1", "34": "1", "35": "1", "36": "1", "37": "1", "38": "1", "39": "1", "40": "1", "41": "1", "42": "1"}}