{"edges": [[0, 1], [0, 20], [0, 22], [1, 0], [1, 20], [1, 22], [2, 3], [2, 4], [2, 17], [3, 2], [3, 4], [3, 17], [4, 2], [4, 3], [4, 18], [5, 6], [5, 7], [5, 25], [5, 26], [6, 5], [6, 7], [6, 25], [6, 26], [7, 5], [7, 6], [7, 8], [7, 25], [8, 7], [8, 25], [8, 29], [8, 37], [9, 10], [9, 11], [9, 12], [9, 32], [9, 33], [10, 9], [10, 11], [10, 12], [10, 32], [11, 9], [11, 10], [11, 12], [11, 31], [12, 9], [12, 10], [12, 11], [12, 31], [13, 30], [13, 31], [13, 38], [14, 15], [14, 16], [14, 21], [14, 22], [15, 14], [15, 20], [15, 22], [16, 14], [16, 17], [16, 21], [17, 2], [17, 3], [17, 16], [17, 18], [17, 21], [18, 4], [18, 17], [18, 19], [18, 23], [18, 24], [19, 18], [19, 23], [19, 24], [20, 0], [20, 1], [20, 15], [20, 22], [21, 14], [21, 16], [21, 17], [22, 0], [22, 1], [22, 14], [22, 15], [22, 20], [23, 18], [23, 19], [23, 24], [24, 18], [24, 19], [24, 23], [25, 5], [25, 6], [25, 7], [25, 8], [25, 26], [25, 29], [25, 37], [26, 5], [26, 6], [26, 25], [27, 30], [27, 31], [27, 38], [28, 35], [28, 36], [28, 39], [28, 40], [29, 8], [29, 25], [29, 34], [29, 37], [30, 13], [30, 27], [30, 31], [30, 38], [31, 11], [31, 12], [31, 13], [31, 27], [31, 30], [31, 38], [32, 9], [32, 10], [32, 33], [32, 40], [33, 9], [33, 32], [33, 39], [33, 40], [34, 29], [34, 35], [34, 37], [35, 28], [35, 34], [35, 36], [35, 39], [36, 28], [36, 35], [36, 39], [37, 8], [37, 25], [37, 29], [37, 34], [38, 13], [38, 27], [38, 30], [38, 31], [39, 28], [39, 33], [39, 35], [39, 36], [39, 40], [40, 28], [40, 32], [40, 33], [40, 39]], "target": 0, "label": {"0": "0", "1": "0", "2": "0", "3": "0", "4": "0", "5": "0", "6": "0", "7": "0", "8": "0", "9": "0", "10": "0", "11": "0", "12": "0", "13": "0", "14": "1", "15": "1", "16": "1", "17": "1", "18": "1", "19": "1", "20": "1", "21": "1", "22": "1", "23": "1", "24": "1", "25": "1", "26": "1", "27": "1", "28": "1", "29": "1", "30": "1", "31": "1", "32": "1", "33": "1", "34": "1", "35": "1", "36": "1", "37": "1", "38": "1", "39": "1", "40": "1"}}