{"edges": [[0, 1], [0, 2], [0, 19], [0, 22], [1, 0], [1, 2], [1, 3], [1, 21], [1, 22], [2, 0], [2, 1], [2, 3], [2, 23], [2, 27], [3, 1], [3, 2], [3, 16], [3, 17], [4, 5], [4, 6], [4, 7], [4, 33], [5, 4], [5, 6], [5, 7], [5, 11], [6, 4], [6, 5], [6, 7], [6, 8], [6, 12], [7, 4], [7, 5], [7, 6], [7, 8], [7, 32], [8, 6], [8, 7], [8, 9], [8, 28], [8, 38], [9, 8], [9, 18], [9, 30], [10, 19], [10, 21], [10, 22], [11, 5], [11, 24], [11, 25], [11, 33], [12, 6], [12, 20], [12, 24], [12, 32], [13, 15], [13, 34], [13, 35], [13, 36], [14, 16], [14, 26], [14, 34], [14, 35], [15, 13], [15, 33], [15, 36], [16, 3], [16, 14], [16, 17], [16, 26], [16, 27], [17, 3], [17, 16], [17, 26], [17, 27], [18, 9], [18, 28], [18, 30], [18, 38], [19, 0], [19, 10], [19, 21], [19, 22], [20, 12], [20, 24], [20, 25], [21, 1], [21, 10], [21, 19], [21, 22], [21, 23], [21, 27], [22, 0], [22, 1], [22, 10], [22, 19], [22, 21], [22, 23], [23, 2], [23, 21], [23, 22], [23, 27], [24, 11], [24, 12], [24, 20], [24, 25], [25, 11], [25, 20], [25, 24], [26, 14], [26, 16], [26, 17], [26, 35], [27, 2], [27, 16], [27, 17], [27, 21], [27, 23], [28, 8], [28, 18], [28, 29], [28, 30], [28, 38], [29, 28], [29, 31], [29, 37], [30, 9], [30, 18], [30, 28], [30, 38], [31, 29], [31, 32], [31, 37], [32, 7], [32, 12], [32, 31], [32, 37], [33, 4], [33, 11], [33, 15], [33, 36], [34, 13], [34, 14], [34, 35], [34, 36], [35, 13], [35, 14], [35, 26], [35, 34], [36, 13], [36, 15], [36, 33], [36, 34], [37, 29], [37, 31], [37, 32], [38, 8], [38, 18], [38, 28], [38, 30]], "target": 0, "label": {"0": "0", "1": "0", "2": "0", "3": "0", "4": "0", "5": "0", "6": "0", "7": "0", "8": "0", "9": "0", "10": "1", "11": "1", "12": "1", "13": "1", "14": "1", "15": "1", "16": "1", "17": "1", "18": "1", "19": "1", "20": "1", "21": "1", "22": "1", "23": "1", "24": "1", "25": "1", "26": "1", "27": "1", "28": "1", "29": "1", "30": "1", "31": "1", "32": "1", "33": "1", "34": "1", "35": "1", "36": "1", "37": "1", "38": "1"}}