{"edges": [[0, 21], [0, 23], [0, 24], [1, 26], [1, 27], [1, 29], [2, 3], [2, 4], [2, 30], [3, 2], [3, 4], [3, 5], [3, 30], [4, 2], [4, 3], [4, 5], [5, 3], [5, 4], [5, 6], [5, 31], [6, 5], [6, 7], [6, 31], [6, 32], [7, 6], [7, 31], [7, 32], [7, 33], [7, 34], [8, 9], [8, 33], [8, 34], [8, 35], [9, 8], [9, 10], [9, 11], [9, 12], [10, 9], [10, 11], [10, 12], [11, 9], [11, 10], [11, 12], [11, 13], [11, 36], [12, 9], [12, 10], [12, 11], [12, 13], [12, 36], [12, 37], [13, 11], [13, 12], [13, 14], [13, 36], [14, 13], [14, 15], [14, 16], [14, 17], [14, 37], [15, 14], [15, 16], [15, 17], [16, 14], [16, 15], [16, 17], [17, 14], [17, 15], [17, 16], [17, 18], [17, 19], [17, 20], [18, 17], [18, 19], [18, 20], [19, 17], [19, 18], [19, 20], [20, 17], [20, 18], [20, 19], [21, 0], [21, 23], [21, 24], [22, 23], [22, 24], [22, 25], [22, 28], [23, 0], [23, 21], [23, 22], [23, 24], [23, 25], [24, 0], [24, 21], [24, 22], [24, 23], [25, 22], [25, 23], [25, 27], [25, 28], [26, 1], [26, 27], [26, 28], [26, 29], [27, 1], [27, 25], [27, 26], [27, 28], [28, 22], [28, 25], [28, 26], [28, 27], [29, 1], [29, 26], [29, 30], [30, 2], [30, 3], [30, 29], [31, 5], [31, 6], [31, 7], [31, 32], [32, 6], [32, 7], [32, 31], [32, 33], [32, 34], [33, 7], [33, 8], [33, 32], [33, 34], [33, 35], [34, 7], [34, 8], [34, 32], [34, 33], [34, 35], [35, 8], [35, 33], [35, 34], [36, 11], [36, 12], [36, 13], [36, 37], [37, 12], [37, 14], [37, 36]], "target": 0, "label": {"0": "0", "1": "0", "2": "0", "3": "0", "4": "0", "5": "0", "6": "0", "7": "0", "8": "0", "9": "0", "10": "0", "11": "0", "12": "0", "13": "0", "14": "0", "15": "0", "16": "0", "17": "0", "18": "0", "19": "0", "20": "0", "21": "1", "22": "1", "23": "1", "24": "1", "25": "1", "26": "1", "27": "1", "28": "1", "29": "1", "30": "1", "31": "1", "32": "1", "33": "1", "34": "1", "35": "1", "36": "1", "37": "1"}}