{"edges": [[0, 1], [0, 18], [0, 26], [1, 0], [1, 2], [1, 18], [1, 26], [1, 28], [2, 1], [2, 3], [2, 27], [2, 28], [3, 2], [3, 19], [3, 27], [4, 19], [4, 20], [4, 24], [5, 6], [5, 7], [5, 8], [5, 24], [6, 5], [6, 7], [6, 8], [7, 5], [7, 6], [7, 8], [7, 9], [8, 5], [8, 6], [8, 7], [8, 9], [8, 10], [8, 11], [9, 7], [9, 8], [9, 10], [9, 11], [10, 8], [10, 9], [10, 11], [11, 8], [11, 9], [11, 10], [11, 25], [12, 13], [12, 21], [12, 22], [13, 12], [13, 21], [13, 22], [13, 30], [14, 15], [14, 29], [14, 30], [15, 14], [15, 16], [15, 29], [15, 31], [16, 15], [16, 17], [16, 31], [16, 32], [17, 16], [17, 32], [17, 33], [18, 0], [18, 1], [18, 26], [18, 28], [19, 3], [19, 4], [19, 20], [19, 27], [20, 4], [20, 19], [20, 24], [21, 12], [21, 13], [21, 22], [21, 23], [21, 30], [22, 12], [22, 13], [22, 21], [22, 23], [22, 25], [23, 21], [23, 22], [23, 25], [24, 4], [24, 5], [24, 20], [25, 11], [25, 22], [25, 23], [26, 0], [26, 1], [26, 18], [26, 27], [26, 28], [27, 2], [27, 3], [27, 19], [27, 26], [27, 28], [28, 1], [28, 2], [28, 18], [28, 26], [28, 27], [29, 14], [29, 15], [29, 30], [29, 31], [30, 13], [30, 14], [30, 21], [30, 29], [31, 15], [31, 16], [31, 29], [31, 32], [31, 33], [32, 16], [32, 17], [32, 31], [32, 33], [33, 17], [33, 31], [33, 32]], "target": 5, "label": {"0": "0", "1": "0", "2": "0", "3": "0", "4": "0", "5": "0", "6": "0", "7": "0", "8": "0", "9": "0", "10": "0", "11": "0", "12": "0", "13": "0", "14": "0", "15": "0", "16": "0", "17": "0", "18": "1", "19": "1", "20": "1", "21": "1", "22": "1", "23": "1", "24": "1", "25": "1", "26": "1", "27": "1", "28": "1", "29": "1", "30": "1", "31": "1", "32": "1", "33": "1"}}