{"edges": [[0, 14], [0, 17], [0, 41], [1, 18], [1, 21], [1, 42], [2, 23], [2, 26], [2, 35], [2, 50], [3, 4], [3, 27], [3, 36], [4, 3], [4, 30], [4, 54], [5, 6], [5, 22], [5, 31], [6, 5], [6, 37], [6, 61], [7, 14], [7, 17], [7, 38], [7, 41], [8, 18], [8, 21], [8, 42], [8, 45], [9, 26], [9, 35], [9, 47], [9, 50], [9, 59], [10, 11], [10, 27], [10, 36], [10, 51], [10, 60], [11, 10], [11, 30], [11, 54], [12, 13], [12, 22], [12, 31], [12, 55], [13, 12], [13, 61], [14, 0], [14, 7], [14, 15], [14, 17], [14, 39], [14, 41], [15, 14], [15, 16], [15, 38], [16, 15], [16, 18], [16, 42], [17, 0], [17, 7], [17, 14], [17, 38], [18, 1], [18, 8], [18, 16], [18, 40], [19, 20], [19, 26], [19, 44], [20, 19], [20, 21], [20, 43], [20, 45], [21, 1], [21, 8], [21, 20], [21, 44], [22, 5], [22, 12], [22, 28], [22, 31], [22, 37], [22, 61], [23, 2], [23, 32], [24, 32], [24, 33], [25, 33], [25, 34], [26, 2], [26, 9], [26, 19], [26, 35], [27, 3], [27, 10], [27, 34], [27, 36], [27, 60], [28, 22], [28, 29], [28, 53], [29, 28], [29, 30], [29, 52], [29, 54], [30, 4], [30, 11], [30, 29], [30, 53], [31, 5], [31, 12], [31, 22], [31, 37], [31, 61], [32, 23], [32, 24], [33, 24], [33, 25], [34, 25], [34, 27], [35, 2], [35, 9], [35, 26], [36, 3], [36, 10], [36, 27], [36, 51], [37, 6], [37, 22], [37, 31], [37, 61], [38, 7], [38, 15], [38, 17], [38, 39], [38, 41], [39, 14], [39, 38], [39, 40], [40, 18], [40, 39], [40, 42], [41, 0], [41, 7], [41, 14], [41, 38], [42, 1], [42, 8], [42, 16], [42, 40], [43, 20], [43, 44], [43, 50], [44, 19], [44, 21], [44, 43], [44, 45], [45, 8], [45, 20], [45, 44], [46, 52], [46, 55], [47, 9], [47, 56], [48, 56], [48, 57], [49, 57], [49, 58], [50, 2], [50, 9], [50, 43], [50, 59], [51, 10], [51, 36], [51, 58], [51, 60], [52, 29], [52, 46], [52, 53], [53, 28], [53, 30], [53, 52], [53, 54], [54, 4], [54, 11], [54, 29], [54, 53], [55, 12], [55, 46], [56, 47], [56, 48], [57, 48], [57, 49], [58, 49], [58, 51], [59, 9], [59, 50], [60, 10], [60, 27], [60, 51], [61, 6], [61, 13], [61, 22], [61, 31], [61, 37]], "target": 0, "label": {"0": "0", "1": "0", "2": "0", "3": "0", "4": "0", "5": "0", "6": "0", "7": "0", "8": "0", "9": "0", "10": "0", "11": "0", "12": "0", "13": "0", "14": "1", "15": "1", "16": "1", "17": "1", "18": "1", "19": "1", "20": "1", "21": "1", "22": "1", "23": "1", "24": "1", "25": "1", "26": "1", "27": "1", "28": "1", "29": "1", "30": "1", "31": "1", "32": "1", "33": "1", "34": "1", "35": "1", "36": "1", "37": "1", "38": "1", "39": "1", "40": "1", "41": "1", "42": "1", "43": "1", "44": "1", "45": "1", "46": "1", "47": "1", "48": "1", "49": "1", "50": "1", "51": "1", "52": "1", "53": "1", "54": "1", "55": "1", "56": "1", "57": "1", "58": "1", "59": "1", "60": "1", "61": "1"}}