{"edges": [[0, 12], [0, 15], [0, 39], [1, 16], [1, 19], [1, 40], [2, 24], [2, 30], [2, 33], [2, 48], [3, 4], [3, 25], [3, 34], [4, 3], [4, 28], [4, 52], [5, 20], [5, 35], [5, 59], [6, 12], [6, 15], [6, 36], [6, 39], [7, 16], [7, 19], [7, 40], [7, 43], [8, 24], [8, 33], [8, 48], [8, 54], [8, 57], [9, 10], [9, 25], [9, 34], [9, 49], [9, 58], [10, 9], [10, 28], [10, 52], [11, 20], [11, 44], [11, 59], [12, 0], [12, 6], [12, 13], [12, 15], [12, 37], [12, 39], [13, 12], [13, 14], [13, 36], [14, 13], [14, 16], [14, 40], [15, 0], [15, 6], [15, 12], [15, 36], [16, 1], [16, 7], [16, 14], [16, 38], [17, 18], [17, 24], [17, 42], [18, 17], [18, 19], [18, 41], [18, 43], [19, 1], [19, 7], [19, 18], [19, 42], [20, 5], [20, 11], [20, 29], [20, 35], [20, 59], [21, 22], [21, 30], [22, 21], [22, 31], [23, 31], [23, 32], [24, 2], [24, 8], [24, 17], [24, 33], [25, 3], [25, 9], [25, 34], [25, 58], [26, 27], [26, 29], [26, 51], [27, 26], [27, 28], [27, 50], [27, 52], [28, 4], [28, 10], [28, 27], [28, 51], [29, 20], [29, 26], [29, 35], [29, 59], [30, 2], [30, 21], [31, 22], [31, 23], [32, 23], [32, 34], [33, 2], [33, 8], [33, 24], [34, 3], [34, 9], [34, 25], [34, 32], [34, 49], [35, 5], [35, 20], [35, 29], [35, 59], [36, 6], [36, 13], [36, 15], [36, 37], [36, 39], [37, 12], [37, 36], [37, 38], [38, 16], [38, 37], [38, 40], [39, 0], [39, 6], [39, 12], [39, 36], [40, 1], [40, 7], [40, 14], [40, 38], [41, 18], [41, 42], [41, 48], [42, 17], [42, 19], [42, 41], [42, 43], [43, 7], [43, 18], [43, 42], [44, 11], [44, 53], [45, 54], [45, 55], [46, 55], [46, 56], [47, 49], [47, 56], [48, 2], [48, 8], [48, 41], [48, 57], [49, 9], [49, 34], [49, 47], [49, 58], [50, 27], [50, 51], [50, 53], [51, 26], [51, 28], [51, 50], [51, 52], [52, 4], [52, 10], [52, 27], [52, 51], [53, 44], [53, 50], [54, 8], [54, 45], [55, 45], [55, 46], [56, 46], [56, 47], [57, 8], [57, 48], [58, 9], [58, 25], [58, 49], [59, 5], [59, 11], [59, 20], [59, 29], [59, 35]], "target": 0, "label": {"0": "0", "1": "0", "2": "0", "3": "0", "4": "0", "5": "0", "6": "0", "7": "0", "8": "0", "9": "0", "10": "0", "11": "0", "12": "1", "13": "1", "14": "1", "15": "1", "16": "1", "17": "1", "18": "1", "19": "1", "20": "1", "21": "1", "22": "1", "23": "1", "24": "1", "25": "1", "26": "1", "27": "1", "28": "1", "29": "1", "30": "1", "31": "1", "32": "1", "33": "1", "34": "1", "35": "1", "36": "1", "37": "1", "38": "1", "39": "1", "40": "1", "41": "1", "42": "1", "43": "1", "44": "1", "45": "1", "46": "1", "47": "1", "48": "1", "49": "1", "50": "1", "51": "1", "52": "1", "53": "1", "54": "1", "55": "1", "56": "1", "57": "1", "58": "1", "59": "1"}}