{"edges": [[0, 21], [1, 32], [1, 35], [2, 40], [2, 43], [3, 4], [3, 18], [3, 39], [4, 3], [4, 17], [4, 36], [5, 6], [5, 19], [5, 20], [5, 44], [6, 5], [6, 19], [7, 8], [7, 21], [7, 45], [7, 48], [8, 7], [8, 49], [8, 52], [9, 57], [9, 60], [10, 11], [10, 25], [10, 56], [11, 10], [11, 24], [11, 53], [12, 13], [12, 27], [12, 61], [13, 12], [13, 26], [13, 27], [14, 21], [14, 62], [14, 65], [15, 66], [15, 69], [16, 74], [16, 77], [17, 4], [17, 18], [17, 73], [18, 3], [18, 17], [18, 70], [19, 5], [19, 6], [19, 20], [19, 78], [20, 5], [20, 19], [21, 0], [21, 7], [21, 14], [21, 22], [21, 79], [21, 82], [22, 21], [22, 83], [22, 86], [23, 91], [23, 94], [24, 11], [24, 25], [24, 90], [25, 10], [25, 24], [25, 87], [26, 13], [26, 27], [26, 95], [27, 12], [27, 13], [27, 26], [28, 29], [28, 31], [29, 28], [29, 30], [30, 29], [30, 32], [31, 28], [32, 1], [32, 30], [33, 34], [33, 40], [34, 33], [34, 35], [35, 1], [35, 34], [36, 4], [36, 37], [37, 36], [37, 38], [38, 37], [38, 44], [39, 3], [39, 41], [40, 2], [40, 33], [41, 39], [41, 42], [42, 41], [42, 43], [43, 2], [43, 42], [44, 5], [44, 38], [44, 95], [45, 7], [45, 46], [46, 45], [46, 47], [47, 46], [47, 49], [48, 7], [49, 8], [49, 47], [50, 51], [50, 57], [51, 50], [51, 52], [52, 8], [52, 51], [53, 11], [53, 54], [54, 53], [54, 55], [55, 54], [55, 61], [56, 10], [56, 58], [57, 9], [57, 50], [58, 56], [58, 59], [59, 58], [59, 60], [60, 9], [60, 59], [61, 12], [61, 55], [61, 95], [62, 14], [62, 63], [63, 62], [63, 64], [64, 63], [64, 66], [65, 14], [66, 15], [66, 64], [67, 68], [67, 74], [68, 67], [68, 69], [69, 15], [69, 68], [70, 18], [70, 71], [71, 70], [71, 72], [72, 71], [72, 78], [73, 17], [73, 75], [74, 16], [74, 67], [75, 73], [75, 76], [76, 75], [76, 77], [77, 16], [77, 76], [78, 19], [78, 72], [78, 95], [79, 21], [79, 80], [80, 79], [80, 81], [81, 80], [81, 83], [82, 21], [83, 22], [83, 81], [84, 85], [84, 91], [85, 84], [85, 86], [86, 22], [86, 85], [87, 25], [87, 88], [88, 87], [88, 89], [89, 88], [89, 95], [90, 24], [90, 92], [91, 23], [91, 84], [92, 90], [92, 93], [93, 92], [93, 94], [94, 23], [94, 93], [95, 26], [95, 44], [95, 61], [95, 78], [95, 89]], "target": 0, "label": {"0": "0", "1": "0", "2": "0", "3": "0", "4": "0", "5": "0", "6": "0", "7": "0", "8": "0", "9": "0", "10": "0", "11": "0", "12": "0", "13": "0", "14": "0", "15": "0", "16": "0", "17": "0", "18": "0", "19": "0", "20": "0", "21": "0", "22": "0", "23": "0", "24": "0", "25": "0", "26": "0", "27": "0", "28": "1", "29": "1", "30": "1", "31": "1", "32": "1", "33": "1", "34": "1", "35": "1", "36": "1", "37": "1", "38": "1", "39": "1", "40": "1", "41": "1", "42": "1", "43": "1", "44": "1", "45": "1", "46": "1", "47": "1", "48": "1", "49": "1", "50": "1", "51": "1", "52": "1", "53": "1", "54": "1", "55": "1", "56": "1", "57": "1", "58": "1", "59": "1", "60": "1", "61": "1", "62": "1", "63": "1", "64": "1", "65": "1", "66": "1", "67": "1", "68": "1", "69": "1", "70": "1", "71": "1", "72": "1", "73": "1", "74": "1", "75": "1", "76": "1", "77": "1", "78": "1", "79": "1", "80": "1", "81": "1", "82": "1", "83": "1", "84": "1", "85": "1", "86": "1", "87": "1", "88": "1", "89": "1", "90": "1", "91": "1", "92": "1", "93": "1", "94": "1", "95": "1"}}