{"edges": [[0, 1], [0, 8], [0, 9], [1, 0], [1, 8], [1, 20], [1, 23], [2, 3], [2, 11], [2, 28], [2, 31], [3, 2], [3, 4], [3, 12], [3, 27], [4, 3], [4, 11], [4, 24], [5, 6], [5, 7], [5, 32], [6, 5], [6, 7], [6, 13], [6, 33], [7, 5], [7, 6], [7, 15], [7, 34], [8, 0], [8, 1], [8, 9], [8, 19], [8, 35], [8, 38], [9, 0], [9, 8], [9, 20], [9, 39], [9, 42], [10, 28], [10, 47], [10, 50], [11, 2], [11, 4], [11, 12], [11, 46], [12, 3], [12, 11], [12, 43], [13, 6], [13, 14], [13, 32], [13, 51], [14, 13], [14, 15], [14, 33], [14, 52], [15, 7], [15, 14], [15, 53], [16, 17], [16, 19], [16, 36], [16, 38], [17, 16], [17, 18], [17, 35], [18, 17], [18, 20], [18, 39], [19, 8], [19, 16], [19, 35], [20, 1], [20, 9], [20, 18], [20, 37], [21, 22], [21, 28], [21, 41], [22, 21], [22, 23], [22, 40], [22, 41], [22, 42], [23, 1], [23, 22], [23, 41], [24, 4], [24, 25], [24, 44], [25, 24], [25, 26], [25, 43], [25, 45], [26, 25], [26, 32], [26, 44], [26, 51], [27, 3], [27, 29], [27, 48], [28, 2], [28, 10], [28, 21], [28, 31], [28, 50], [29, 27], [29, 30], [29, 46], [30, 29], [30, 31], [30, 50], [31, 2], [31, 28], [31, 30], [31, 47], [31, 49], [32, 5], [32, 13], [32, 26], [32, 45], [33, 6], [33, 14], [33, 34], [33, 53], [34, 7], [34, 33], [34, 52], [34, 53], [35, 8], [35, 17], [35, 19], [35, 36], [35, 38], [36, 16], [36, 35], [36, 37], [37, 20], [37, 36], [37, 39], [38, 8], [38, 16], [38, 35], [39, 9], [39, 18], [39, 37], [40, 22], [40, 41], [40, 47], [41, 21], [41, 22], [41, 23], [41, 40], [41, 42], [42, 9], [42, 22], [42, 41], [43, 12], [43, 25], [43, 44], [44, 24], [44, 26], [44, 43], [44, 45], [45, 25], [45, 32], [45, 44], [45, 51], [46, 11], [46, 29], [46, 48], [47, 10], [47, 31], [47, 40], [47, 50], [48, 27], [48, 46], [48, 49], [49, 31], [49, 48], [49, 50], [50, 10], [50, 28], [50, 30], [50, 47], [50, 49], [51, 13], [51, 26], [51, 45], [52, 14], [52, 34], [52, 53], [53, 15], [53, 33], [53, 34], [53, 52]], "target": 0, "label": {"0": "0", "1": "0", "2": "0", "3": "0", "4": "0", "5": "0", "6": "0", "7": "0", "8": "0", "9": "0", "10": "0", "11": "0", "12": "0", "13": "0", "14": "0", "15": "0", "16": "1", "17": "1", "18": "1", "19": "1", "20": "1", "21": "1", "22": "1", "23": "1", "24": "1", "25": "1", "26": "1", "27": "1", "28": "1", "29": "1", "30": "1", "31": "1", "32": "1", "33": "1", "34": "1", "35": "1", "36": "1", "37": "1", "38": "1", "39": "1", "40": "1", "41": "1", "42": "1", "43": "1", "44": "1", "45": "1", "46": "1", "47": "1", "48": "1", "49": "1", "50": "1", "51": "1", "52": "1", "53": "1"}}