{"edges": [[0, 1], [0, 2], [0, 9], [1, 0], [1, 2], [1, 3], [1, 10], [1, 13], [2, 0], [2, 1], [2, 3], [2, 4], [2, 12], [2, 13], [3, 1], [3, 2], [3, 4], [3, 5], [3, 11], [3, 18], [4, 2], [4, 3], [4, 5], [4, 15], [4, 18], [5, 3], [5, 4], [5, 19], [5, 22], [6, 7], [6, 8], [6, 9], [6, 10], [7, 6], [7, 8], [7, 9], [7, 10], [8, 6], [8, 7], [8, 9], [8, 10], [9, 0], [9, 6], [9, 7], [9, 8], [10, 1], [10, 6], [10, 7], [10, 8], [10, 12], [10, 13], [11, 3], [11, 12], [11, 13], [11, 18], [12, 2], [12, 10], [12, 11], [12, 13], [13, 1], [13, 2], [13, 10], [13, 11], [13, 12], [14, 20], [14, 21], [14, 23], [15, 4], [15, 16], [15, 17], [15, 18], [16, 15], [16, 17], [16, 18], [16, 19], [17, 15], [17, 16], [17, 19], [18, 3], [18, 4], [18, 11], [18, 15], [18, 16], [19, 5], [19, 16], [19, 17], [19, 22], [20, 14], [20, 21], [20, 22], [20, 23], [21, 14], [21, 20], [21, 22], [21, 23], [22, 5], [22, 19], [22, 20], [22, 21], [23, 14], [23, 20], [23, 21]], "target": 0, "label": {"0": "0", "1": "0", "2": "0", "3": "0", "4": "0", "5": "0", "6": "1", "7": "1", "8": "1", "9": "1", "10": "1", "11": "1", "12": "1", "13": "1", "14": "1", "15": "1", "16": "1", "17": "1", "18": "1", "19": "1", "20": "1", "21": "1", "22": "1", "23": "1"}}