{"edges": [[0, 1], [0, 22], [0, 23], [1, 0], [1, 22], [1, 23], [1, 25], [2, 3], [2, 24], [2, 25], [3, 2], [3, 4], [3, 24], [3, 26], [4, 3], [4, 5], [4, 26], [4, 27], [5, 4], [5, 27], [5, 37], [6, 20], [6, 37], [6, 38], [7, 8], [7, 20], [7, 21], [8, 7], [8, 9], [8, 19], [8, 21], [9, 8], [9, 10], [9, 18], [9, 19], [10, 9], [10, 11], [10, 18], [10, 19], [11, 10], [11, 12], [11, 18], [11, 39], [12, 11], [12, 28], [12, 39], [12, 40], [13, 29], [13, 30], [13, 31], [14, 30], [14, 31], [14, 32], [14, 33], [15, 32], [15, 33], [15, 35], [15, 36], [16, 17], [16, 34], [16, 35], [16, 36], [17, 16], [17, 34], [17, 35], [18, 9], [18, 10], [18, 11], [19, 8], [19, 9], [19, 10], [19, 21], [20, 6], [20, 7], [20, 21], [20, 38], [21, 7], [21, 8], [21, 19], [21, 20], [22, 0], [22, 1], [22, 23], [23, 0], [23, 1], [23, 22], [23, 25], [24, 2], [24, 3], [24, 25], [25, 1], [25, 2], [25, 23], [25, 24], [26, 3], [26, 4], [26, 27], [27, 4], [27, 5], [27, 26], [28, 12], [28, 29], [28, 40], [29, 13], [29, 28], [29, 30], [30, 13], [30, 14], [30, 29], [30, 31], [30, 32], [31, 13], [31, 14], [31, 30], [31, 32], [32, 14], [32, 15], [32, 30], [32, 31], [32, 33], [33, 14], [33, 15], [33, 32], [33, 36], [34, 16], [34, 17], [34, 35], [35, 15], [35, 16], [35, 17], [35, 34], [35, 36], [36, 15], [36, 16], [36, 33], [36, 35], [37, 5], [37, 6], [37, 38], [38, 6], [38, 20], [38, 37], [39, 11], [39, 12], [39, 40], [40, 12], [40, 28], [40, 39]], "target": 0, "label": {"0": "0", "1": "0", "2": "0", "3": "0", "4": "0", "5": "0", "6": "0", "7": "0", "8": "0", "9": "0", "10": "0", "11": "0", "12": "0", "13": "0", "14": "0", "15": "0", "16": "0", "17": "0", "18": "1", "19": "1", "20": "1", "21": "1", "22": "1", "23": "1", "24": "1", "25": "1", "26": "1", "27": "1", "28": "1", "29": "1", "30": "1", "31": "1", "32": "1", "33": "1", "34": "1", "35": "1", "36": "1", "37": "1", "38": "1", "39": "1", "40": "1"}}