{"edges": [[0, 1], [0, 10], [1, 0], [1, 9], [1, 19], [1, 24], [2, 3], [2, 4], [2, 13], [2, 26], [3, 2], [3, 4], [3, 11], [3, 13], [3, 14], [3, 29], [4, 2], [4, 3], [4, 5], [4, 6], [4, 12], [4, 14], [4, 29], [5, 4], [5, 6], [5, 29], [6, 4], [6, 5], [6, 28], [7, 8], [7, 14], [7, 16], [7, 30], [8, 7], [8, 15], [8, 16], [8, 25], [9, 1], [9, 10], [9, 34], [9, 35], [10, 0], [10, 9], [10, 35], [10, 40], [11, 3], [11, 12], [11, 13], [11, 42], [12, 4], [12, 11], [12, 29], [12, 45], [13, 2], [13, 3], [13, 11], [13, 14], [13, 45], [14, 3], [14, 4], [14, 7], [14, 13], [14, 44], [15, 8], [15, 16], [15, 30], [15, 46], [16, 7], [16, 8], [16, 15], [16, 25], [16, 41], [17, 18], [17, 34], [18, 17], [18, 19], [18, 33], [18, 35], [19, 1], [19, 18], [19, 34], [20, 25], [20, 27], [20, 41], [20, 43], [21, 23], [21, 26], [21, 42], [22, 27], [22, 43], [23, 21], [23, 24], [23, 40], [24, 1], [24, 23], [24, 39], [25, 8], [25, 16], [25, 20], [25, 36], [26, 2], [26, 21], [26, 29], [26, 37], [26, 45], [27, 20], [27, 22], [27, 36], [27, 38], [28, 6], [28, 31], [28, 47], [29, 3], [29, 4], [29, 5], [29, 12], [29, 26], [29, 42], [30, 7], [30, 15], [30, 32], [30, 48], [31, 28], [31, 32], [31, 44], [31, 48], [32, 30], [32, 31], [32, 46], [32, 48], [33, 18], [33, 34], [34, 9], [34, 17], [34, 19], [34, 33], [34, 35], [35, 9], [35, 10], [35, 18], [35, 34], [36, 25], [36, 27], [36, 41], [36, 43], [37, 26], [37, 39], [37, 42], [38, 27], [38, 43], [39, 24], [39, 37], [39, 40], [40, 10], [40, 23], [40, 39], [41, 16], [41, 20], [41, 36], [42, 11], [42, 21], [42, 29], [42, 37], [42, 45], [43, 20], [43, 22], [43, 36], [43, 38], [44, 14], [44, 31], [44, 47], [45, 12], [45, 13], [45, 26], [45, 42], [46, 15], [46, 32], [46, 48], [47, 28], [47, 44], [47, 48], [48, 30], [48, 31], [48, 32], [48, 46], [48, 47]], "target": 0, "label": {"0": "0", "1": "0", "2": "0", "3": "0", "4": "0", "5": "0", "6": "0", "7": "0", "8": "0", "9": "0", "10": "0", "11": "0", "12": "0", "13": "0", "14": "0", "15": "0", "16": "0", "17": "1", "18": "1", "19": "1", "20": "1", "21": "1", "22": "1", "23": "1", "24": "1", "25": "1", "26": "1", "27": "1", "28": "1", "29": "1", "30": "1", "31": "1", "32": "1", "33": "1", "34": "1", "35": "1", "36": "1", "37": "1", "38": "1", "39": "1", "40": "1", "41": "1", "42": "1", "43": "1", "44": "1", "45": "1", "46": "1", "47": "1", "48": "1"}}