{"edges": [[0, 1], [0, 18], [0, 21], [1, 0], [1, 2], [1, 18], [1, 21], [2, 1], [2, 21], [2, 22], [3, 4], [3, 22], [3, 23], [4, 3], [4, 5], [4, 6], [4, 23], [5, 4], [5, 6], [5, 7], [5, 23], [6, 4], [6, 5], [6, 7], [6, 8], [6, 23], [7, 5], [7, 6], [7, 8], [7, 9], [8, 6], [8, 7], [8, 9], [8, 10], [9, 7], [9, 8], [9, 10], [10, 8], [10, 9], [10, 11], [10, 20], [11, 10], [11, 12], [11, 19], [11, 20], [12, 11], [12, 19], [12, 20], [13, 14], [13, 15], [13, 16], [13, 19], [14, 13], [14, 15], [14, 16], [14, 17], [15, 13], [15, 14], [15, 16], [15, 17], [16, 13], [16, 14], [16, 15], [16, 17], [17, 14], [17, 15], [17, 16], [18, 0], [18, 1], [18, 21], [19, 11], [19, 12], [19, 13], [19, 20], [20, 10], [20, 11], [20, 12], [20, 19], [21, 0], [21, 1], [21, 2], [21, 18], [21, 22], [22, 2], [22, 3], [22, 21], [23, 3], [23, 4], [23, 5], [23, 6]], "target": 5, "label": {"0": "0", "1": "0", "2": "0", "3": "0", "4": "0", "5": "0", "6": "0", "7": "0", "8": "0", "9": "0", "10": "0", "11": "0", "12": "0", "13": "0", "14": "0", "15": "0", "16": "0", "17": "0", "18": "1", "19": "1", "20": "1", "21": "1", "22": "1", "23": "1"}}