{"edges": [[0, 1], [0, 2], [0, 3], [1, 0], [1, 2], [1, 3], [2, 0], [2, 1], [2, 3], [2, 4], [2, 19], [3, 0], [3, 1], [3, 2], [3, 4], [3, 5], [3, 22], [4, 2], [4, 3], [4, 5], [4, 6], [4, 20], [5, 3], [5, 4], [5, 6], [5, 7], [5, 37], [6, 4], [6, 5], [6, 7], [6, 8], [7, 5], [7, 6], [7, 8], [7, 25], [8, 6], [8, 7], [8, 9], [8, 26], [8, 27], [9, 8], [9, 10], [9, 11], [9, 28], [9, 34], [10, 9], [10, 11], [10, 12], [10, 13], [10, 33], [11, 9], [11, 10], [11, 12], [11, 13], [12, 10], [12, 11], [12, 13], [12, 14], [13, 10], [13, 11], [13, 12], [13, 14], [13, 32], [14, 12], [14, 13], [14, 15], [14, 31], [14, 32], [15, 14], [15, 16], [15, 17], [15, 18], [15, 30], [16, 15], [16, 17], [16, 18], [16, 29], [17, 15], [17, 16], [17, 18], [17, 29], [18, 15], [18, 16], [18, 17], [19, 2], [19, 22], [19, 23], [19, 24], [20, 4], [20, 21], [20, 36], [20, 37], [21, 20], [21, 36], [21, 37], [22, 3], [22, 19], [22, 23], [22, 24], [23, 19], [23, 22], [23, 24], [24, 19], [24, 22], [24, 23], [25, 7], [25, 26], [25, 27], [25, 28], [26, 8], [26, 25], [26, 27], [26, 28], [27, 8], [27, 25], [27, 26], [27, 28], [28, 9], [28, 25], [28, 26], [28, 27], [28, 33], [28, 34], [28, 35], [29, 16], [29, 17], [29, 30], [29, 31], [29, 32], [30, 15], [30, 29], [30, 31], [30, 32], [31, 14], [31, 29], [31, 30], [31, 32], [32, 13], [32, 14], [32, 29], [32, 30], [32, 31], [32, 33], [33, 10], [33, 28], [33, 32], [33, 34], [33, 35], [34, 9], [34, 28], [34, 33], [34, 35], [35, 28], [35, 33], [35, 34], [36, 20], [36, 21], [36, 37], [37, 5], [37, 20], [37, 21], [37, 36]], "target": 5, "label": {"0": "0", "1": "0", "2": "0", "3": "0", "4": "0", "5": "0", "6": "0", "7": "0", "8": "0", "9": "0", "10": "0", "11": "0", "12": "0", "13": "0", "14": "0", "15": "0", "16": "0", "17": "0", "18": "0", "19": "1", "20": "1", "21": "1", "22": "1", "23": "1", "24": "1", "25": "1", "26": "1", "27": "1", "28": "1", "29": "1", "30": "1", "31": "1", "32": "1", "33": "1", "34": "1", "35": "1", "36": "1", "37": "1"}}