{"edges": [[0, 1], [0, 2], [0, 16], [1, 0], [1, 2], [1, 3], [1, 15], [1, 36], [2, 0], [2, 1], [2, 3], [2, 18], [3, 1], [3, 2], [3, 18], [3, 35], [4, 5], [4, 22], [4, 35], [5, 4], [5, 6], [5, 20], [5, 22], [6, 5], [6, 7], [6, 20], [6, 23], [6, 33], [7, 6], [7, 8], [7, 22], [7, 33], [8, 7], [8, 9], [8, 25], [9, 8], [9, 10], [10, 9], [10, 11], [10, 12], [10, 29], [11, 10], [11, 12], [11, 26], [11, 27], [11, 29], [12, 10], [12, 11], [12, 13], [12, 30], [12, 31], [12, 32], [12, 43], [13, 12], [13, 14], [13, 29], [13, 32], [14, 13], [14, 29], [14, 31], [15, 1], [15, 16], [15, 17], [15, 40], [15, 41], [16, 0], [16, 15], [16, 17], [16, 40], [17, 15], [17, 16], [17, 18], [18, 2], [18, 3], [18, 17], [18, 19], [19, 18], [19, 20], [19, 39], [20, 5], [20, 6], [20, 19], [20, 21], [20, 39], [21, 20], [21, 22], [22, 4], [22, 5], [22, 7], [22, 21], [22, 23], [22, 42], [23, 6], [23, 22], [23, 24], [23, 42], [24, 23], [24, 25], [25, 8], [25, 24], [25, 26], [26, 11], [26, 25], [26, 27], [26, 28], [27, 11], [27, 26], [27, 28], [28, 26], [28, 27], [28, 29], [29, 10], [29, 11], [29, 13], [29, 14], [29, 28], [29, 30], [29, 43], [30, 12], [30, 29], [30, 31], [30, 37], [30, 43], [31, 12], [31, 14], [31, 30], [31, 37], [32, 12], [32, 13], [32, 37], [32, 43], [33, 6], [33, 7], [33, 35], [33, 39], [33, 42], [34, 36], [34, 40], [34, 41], [35, 3], [35, 4], [35, 33], [35, 42], [36, 1], [36, 34], [36, 38], [36, 40], [36, 41], [37, 30], [37, 31], [37, 32], [37, 43], [38, 36], [38, 41], [39, 19], [39, 20], [39, 33], [39, 42], [40, 15], [40, 16], [40, 34], [40, 36], [40, 41], [41, 15], [41, 34], [41, 36], [41, 38], [41, 40], [42, 22], [42, 23], [42, 33], [42, 35], [42, 39], [43, 12], [43, 29], [43, 30], [43, 32], [43, 37]], "target": 1, "label": {"0": "0", "1": "0", "2": "0", "3": "0", "4": "0", "5": "0", "6": "0", "7": "0", "8": "0", "9": "0", "10": "0", "11": "0", "12": "0", "13": "0", "14": "0", "15": "0", "16": "0", "17": "0", "18": "0", "19": "0", "20": "0", "21": "0", "22": "0", "23": "0", "24": "0", "25": "0", "26": "0", "27": "0", "28": "0", "29": "0", "30": "0", "31": "0", "32": "1", "33": "1", "34": "1", "35": "1", "36": "1", "37": "1", "38": "1", "39": "1", "40": "1", "41": "1", "42": "1", "43": "1"}}