{"edges": [[0, 1], [0, 2], [0, 16], [1, 0], [1, 2], [1, 3], [1, 15], [1, 34], [2, 0], [2, 1], [2, 3], [3, 1], [3, 2], [3, 33], [4, 5], [4, 20], [4, 33], [5, 4], [5, 6], [5, 19], [5, 21], [6, 5], [6, 7], [6, 19], [6, 20], [6, 22], [6, 31], [7, 6], [7, 8], [7, 21], [7, 31], [8, 7], [8, 9], [9, 8], [9, 10], [10, 9], [10, 11], [10, 12], [10, 27], [11, 10], [11, 12], [11, 25], [11, 27], [12, 10], [12, 11], [12, 13], [12, 28], [12, 29], [12, 30], [12, 41], [13, 12], [13, 14], [13, 27], [13, 30], [14, 13], [14, 27], [14, 29], [15, 1], [15, 16], [15, 17], [15, 38], [15, 39], [16, 0], [16, 15], [16, 17], [16, 18], [16, 38], [17, 15], [17, 16], [17, 18], [18, 16], [18, 17], [18, 37], [19, 5], [19, 6], [19, 20], [19, 37], [20, 4], [20, 6], [20, 19], [20, 21], [21, 5], [21, 7], [21, 20], [21, 22], [21, 40], [22, 6], [22, 21], [22, 23], [22, 40], [23, 22], [23, 24], [24, 23], [24, 25], [25, 11], [25, 24], [25, 26], [25, 27], [26, 25], [26, 27], [27, 10], [27, 11], [27, 13], [27, 14], [27, 25], [27, 26], [27, 28], [27, 41], [28, 12], [28, 27], [28, 29], [28, 35], [28, 41], [29, 12], [29, 14], [29, 28], [29, 35], [30, 12], [30, 13], [30, 35], [30, 41], [31, 6], [31, 7], [31, 33], [31, 37], [31, 40], [32, 34], [32, 38], [32, 39], [33, 3], [33, 4], [33, 31], [33, 40], [34, 1], [34, 32], [34, 36], [34, 38], [34, 39], [35, 28], [35, 29], [35, 30], [35, 41], [36, 34], [36, 39], [37, 18], [37, 19], [37, 31], [37, 40], [38, 15], [38, 16], [38, 32], [38, 34], [38, 39], [39, 15], [39, 32], [39, 34], [39, 36], [39, 38], [40, 21], [40, 22], [40, 31], [40, 33], [40, 37], [41, 12], [41, 27], [41, 28], [41, 30], [41, 35]], "target": 1, "label": {"0": "0", "1": "0", "2": "0", "3": "0", "4": "0", "5": "0", "6": "0", "7": "0", "8": "0", "9": "0", "10": "0", "11": "0", "12": "0", "13": "0", "14": "0", "15": "0", "16": "0", "17": "0", "18": "0", "19": "0", "20": "0", "21": "0", "22": "0", "23": "0", "24": "0", "25": "0", "26": "0", "27": "0", "28": "0", "29": "0", "30": "1", "31": "1", "32": "1", "33": "1", "34": "1", "35": "1", "36": "1", "37": "1", "38": "1", "39": "1", "40": "1", "41": "1"}}