{"edges": [[0, 1], [0, 2], [0, 16], [1, 0], [1, 2], [1, 3], [1, 15], [1, 35], [2, 0], [2, 1], [2, 3], [3, 1], [3, 2], [3, 18], [3, 34], [4, 5], [4, 20], [4, 21], [4, 34], [5, 4], [5, 6], [5, 19], [5, 21], [6, 5], [6, 7], [6, 19], [6, 20], [6, 22], [6, 32], [7, 6], [7, 8], [7, 21], [7, 32], [8, 7], [8, 9], [8, 24], [9, 8], [9, 10], [10, 9], [10, 11], [10, 12], [10, 26], [11, 10], [11, 12], [11, 25], [11, 26], [12, 10], [12, 11], [12, 13], [12, 29], [12, 30], [12, 31], [12, 36], [13, 12], [13, 14], [13, 28], [13, 31], [14, 13], [14, 29], [14, 30], [15, 1], [15, 16], [15, 17], [15, 38], [15, 40], [16, 0], [16, 15], [16, 17], [16, 18], [16, 40], [17, 15], [17, 16], [17, 18], [18, 3], [18, 16], [18, 17], [18, 39], [19, 5], [19, 6], [19, 20], [19, 39], [20, 4], [20, 6], [20, 19], [20, 21], [21, 4], [21, 5], [21, 7], [21, 20], [21, 22], [21, 37], [22, 6], [22, 21], [22, 23], [22, 37], [23, 22], [23, 24], [24, 8], [24, 23], [24, 25], [25, 11], [25, 24], [25, 26], [25, 27], [26, 10], [26, 11], [26, 25], [26, 27], [26, 28], [27, 25], [27, 26], [27, 28], [28, 13], [28, 26], [28, 27], [28, 29], [28, 36], [29, 12], [29, 14], [29, 28], [29, 30], [29, 36], [30, 12], [30, 14], [30, 29], [30, 31], [30, 36], [31, 12], [31, 13], [31, 30], [31, 36], [32, 6], [32, 7], [32, 34], [32, 39], [33, 35], [33, 40], [34, 3], [34, 4], [34, 32], [34, 37], [35, 1], [35, 33], [35, 38], [35, 40], [36, 12], [36, 28], [36, 29], [36, 30], [36, 31], [37, 21], [37, 22], [37, 34], [37, 39], [38, 15], [38, 35], [38, 40], [39, 18], [39, 19], [39, 32], [39, 37], [40, 15], [40, 16], [40, 33], [40, 35], [40, 38]], "target": 1, "label": {"0": "0", "1": "0", "2": "0", "3": "0", "4": "0", "5": "0", "6": "0", "7": "0", "8": "0", "9": "0", "10": "0", "11": "0", "12": "0", "13": "0", "14": "0", "15": "0", "16": "0", "17": "0", "18": "0", "19": "0", "20": "0", "21": "0", "22": "0", "23": "0", "24": "0", "25": "0", "26": "0", "27": "0", "28": "0", "29": "0", "30": "0", "31": "1", "32": "1", "33": "1", "34": "1", "35": "1", "36": "1", "37": "1", "38": "1", "39": "1", "40": "1"}}