{"edges": [[0, 1], [0, 2], [0, 17], [1, 0], [1, 2], [1, 3], [1, 16], [1, 36], [2, 0], [2, 1], [2, 3], [3, 1], [3, 2], [3, 35], [4, 5], [4, 21], [4, 35], [5, 4], [5, 6], [5, 20], [5, 22], [6, 5], [6, 7], [6, 20], [6, 21], [6, 23], [6, 33], [7, 6], [7, 8], [7, 22], [7, 33], [8, 7], [8, 9], [8, 25], [9, 8], [9, 10], [10, 9], [10, 11], [10, 12], [10, 13], [11, 10], [11, 12], [11, 13], [12, 10], [12, 11], [12, 13], [12, 26], [12, 27], [12, 29], [12, 30], [13, 10], [13, 11], [13, 12], [13, 14], [13, 30], [13, 31], [13, 32], [13, 37], [14, 13], [14, 15], [14, 29], [14, 32], [15, 14], [15, 30], [15, 31], [16, 1], [16, 17], [16, 18], [16, 39], [16, 41], [17, 0], [17, 16], [17, 18], [17, 19], [17, 41], [18, 16], [18, 17], [18, 19], [19, 17], [19, 18], [19, 40], [20, 5], [20, 6], [20, 21], [20, 40], [21, 4], [21, 6], [21, 20], [21, 22], [22, 5], [22, 7], [22, 21], [22, 23], [22, 38], [23, 6], [23, 22], [23, 24], [23, 38], [24, 23], [24, 25], [25, 8], [25, 24], [25, 26], [26, 12], [26, 25], [26, 27], [26, 28], [27, 12], [27, 26], [27, 28], [28, 26], [28, 27], [28, 29], [29, 12], [29, 14], [29, 28], [29, 37], [30, 12], [30, 13], [30, 15], [30, 31], [30, 37], [31, 13], [31, 15], [31, 30], [31, 32], [31, 37], [32, 13], [32, 14], [32, 31], [33, 6], [33, 7], [33, 35], [33, 40], [34, 36], [34, 41], [35, 3], [35, 4], [35, 33], [35, 38], [36, 1], [36, 34], [36, 39], [36, 41], [37, 13], [37, 29], [37, 30], [37, 31], [38, 22], [38, 23], [38, 35], [38, 40], [39, 16], [39, 36], [39, 41], [40, 19], [40, 20], [40, 33], [40, 38], [41, 16], [41, 17], [41, 34], [41, 36], [41, 39]], "target": 1, "label": {"0": "0", "1": "0", "2": "0", "3": "0", "4": "0", "5": "0", "6": "0", "7": "0", "8": "0", "9": "0", "10": "0", "11": "0", "12": "0", "13": "0", "14": "0", "15": "0", "16": "0", "17": "0", "18": "0", "19": "0", "20": "0", "21": "0", "22": "0", "23": "0", "24": "0", "25": "0", "26": "0", "27": "0", "28": "0", "29": "0", "30": "0", "31": "0", "32": "1", "33": "1", "34": "1", "35": "1", "36": "1", "37": "1", "38": "1", "39": "1", "40": "1", "41": "1"}}