{"edges": [[0, 1], [0, 2], [0, 17], [1, 0], [1, 2], [1, 3], [1, 16], [1, 35], [2, 0], [2, 1], [2, 3], [3, 1], [3, 2], [3, 34], [4, 5], [4, 21], [4, 34], [5, 4], [5, 6], [5, 20], [5, 22], [6, 5], [6, 7], [6, 20], [6, 21], [6, 23], [6, 37], [7, 6], [7, 8], [7, 22], [7, 37], [8, 7], [8, 9], [8, 25], [9, 8], [9, 10], [10, 9], [10, 11], [10, 12], [10, 13], [11, 10], [11, 12], [11, 13], [12, 10], [12, 11], [12, 13], [12, 26], [12, 27], [12, 29], [12, 30], [13, 10], [13, 11], [13, 12], [13, 14], [13, 30], [13, 31], [13, 38], [14, 13], [14, 15], [14, 29], [14, 32], [14, 38], [15, 14], [15, 29], [15, 31], [15, 32], [16, 1], [16, 17], [16, 18], [16, 42], [16, 43], [17, 0], [17, 16], [17, 18], [17, 19], [17, 42], [18, 16], [18, 17], [18, 19], [19, 17], [19, 18], [19, 41], [20, 5], [20, 6], [20, 21], [20, 41], [21, 4], [21, 6], [21, 20], [21, 22], [22, 5], [22, 7], [22, 21], [22, 23], [22, 44], [23, 6], [23, 22], [23, 24], [23, 44], [24, 23], [24, 25], [25, 8], [25, 24], [25, 26], [26, 12], [26, 25], [26, 27], [26, 28], [27, 12], [27, 26], [27, 28], [28, 26], [28, 27], [28, 29], [29, 12], [29, 14], [29, 15], [29, 28], [29, 45], [30, 12], [30, 13], [30, 31], [30, 39], [30, 45], [31, 13], [31, 15], [31, 30], [31, 39], [32, 14], [32, 15], [32, 38], [32, 45], [33, 36], [33, 43], [34, 3], [34, 4], [34, 37], [34, 44], [35, 1], [35, 36], [35, 42], [35, 43], [36, 33], [36, 35], [36, 40], [36, 42], [36, 43], [37, 6], [37, 7], [37, 34], [37, 41], [38, 13], [38, 14], [38, 32], [38, 39], [38, 45], [39, 30], [39, 31], [39, 38], [39, 45], [40, 36], [40, 43], [41, 19], [41, 20], [41, 37], [41, 44], [42, 16], [42, 17], [42, 35], [42, 36], [42, 43], [43, 16], [43, 33], [43, 35], [43, 36], [43, 40], [43, 42], [44, 22], [44, 23], [44, 34], [44, 41], [45, 29], [45, 30], [45, 32], [45, 38], [45, 39]], "target": 1, "label": {"0": "0", "1": "0", "2": "0", "3": "0", "4": "0", "5": "0", "6": "0", "7": "0", "8": "0", "9": "0", "10": "0", "11": "0", "12": "0", "13": "0", "14": "0", "15": "0", "16": "0", "17": "0", "18": "0", "19": "0", "20": "0", "21": "0", "22": "0", "23": "0", "24": "0", "25": "0", "26": "0", "27": "0", "28": "0", "29": "0", "30": "0", "31": "0", "32": "1", "33": "1", "34": "1", "35": "1", "36": "1", "37": "1", "38": "1", "39": "1", "40": "1", "41": "1", "42": "1", "43": "1", "44": "1", "45": "1"}}