{"edges": [[0, 1], [0, 2], [0, 37], [1, 0], [1, 2], [1, 39], [1, 42], [2, 0], [2, 1], [2, 3], [2, 39], [2, 49], [3, 2], [3, 4], [3, 21], [3, 39], [3, 49], [4, 3], [4, 20], [4, 44], [5, 6], [5, 7], [5, 38], [6, 5], [6, 7], [6, 22], [6, 24], [7, 5], [7, 6], [7, 22], [7, 23], [7, 25], [7, 36], [8, 9], [8, 26], [8, 36], [8, 41], [9, 8], [9, 10], [10, 9], [10, 11], [10, 28], [11, 10], [11, 12], [11, 13], [12, 11], [12, 13], [12, 31], [13, 11], [13, 12], [13, 32], [13, 35], [14, 15], [14, 16], [14, 31], [14, 40], [15, 14], [15, 16], [15, 34], [15, 43], [16, 14], [16, 15], [16, 33], [16, 34], [16, 43], [17, 18], [17, 19], [17, 20], [17, 52], [18, 17], [18, 19], [18, 20], [18, 49], [19, 17], [19, 18], [19, 20], [19, 49], [20, 4], [20, 17], [20, 18], [20, 19], [20, 21], [21, 3], [21, 20], [21, 54], [22, 6], [22, 7], [22, 23], [22, 48], [23, 7], [23, 22], [23, 24], [24, 6], [24, 23], [24, 25], [24, 51], [25, 7], [25, 24], [25, 26], [25, 46], [26, 8], [26, 25], [26, 27], [27, 26], [27, 28], [27, 29], [28, 10], [28, 27], [28, 29], [28, 30], [29, 27], [29, 28], [29, 30], [29, 31], [30, 28], [30, 29], [30, 31], [31, 12], [31, 14], [31, 29], [31, 30], [31, 45], [32, 13], [32, 33], [32, 34], [32, 50], [33, 16], [33, 32], [33, 34], [33, 53], [34, 15], [34, 16], [34, 32], [34, 33], [34, 53], [35, 13], [35, 40], [35, 43], [35, 53], [36, 7], [36, 8], [36, 41], [37, 0], [37, 42], [37, 52], [38, 5], [38, 44], [38, 54], [39, 1], [39, 2], [39, 3], [40, 14], [40, 35], [40, 43], [40, 53], [41, 8], [41, 36], [42, 1], [42, 37], [42, 47], [43, 15], [43, 16], [43, 35], [43, 40], [44, 4], [44, 38], [44, 48], [44, 54], [45, 31], [45, 50], [46, 25], [46, 51], [47, 42], [47, 52], [48, 22], [48, 44], [48, 54], [49, 2], [49, 3], [49, 18], [49, 19], [50, 32], [50, 45], [51, 24], [51, 46], [52, 17], [52, 37], [52, 47], [53, 33], [53, 34], [53, 35], [53, 40], [54, 21], [54, 38], [54, 44], [54, 48]], "target": 1, "label": {"0": "0", "1": "0", "2": "0", "3": "0", "4": "0", "5": "0", "6": "0", "7": "0", "8": "0", "9": "0", "10": "0", "11": "0", "12": "0", "13": "0", "14": "0", "15": "0", "16": "0", "17": "0", "18": "0", "19": "0", "20": "0", "21": "0", "22": "0", "23": "0", "24": "0", "25": "0", "26": "0", "27": "0", "28": "0", "29": "0", "30": "0", "31": "0", "32": "0", "33": "0", "34": "0", "35": "1", "36": "1", "37": "1", "38": "1", "39": "1", "40": "1", "41": "1", "42": "1", "43": "1", "44": "1", "45": "1", "46": "1", "47": "1", "48": "1", "49": "1", "50": "1", "51": "1", "52": "1", "53": "1", "54": "1"}}