{"edges": [[0, 1], [0, 16], [1, 0], [1, 2], [1, 19], [1, 36], [2, 1], [2, 18], [2, 35], [3, 4], [3, 21], [3, 22], [3, 35], [4, 3], [4, 5], [4, 20], [4, 22], [5, 4], [5, 6], [5, 20], [5, 21], [5, 23], [5, 38], [6, 5], [6, 7], [6, 22], [6, 33], [7, 6], [7, 8], [7, 25], [8, 7], [8, 9], [8, 10], [9, 8], [9, 10], [9, 25], [10, 8], [10, 9], [10, 11], [10, 12], [11, 10], [11, 12], [11, 27], [11, 29], [12, 10], [12, 11], [12, 30], [12, 32], [13, 14], [13, 15], [13, 29], [13, 37], [14, 13], [14, 15], [14, 31], [14, 40], [15, 13], [15, 14], [15, 31], [15, 40], [16, 0], [16, 17], [16, 18], [16, 45], [16, 48], [17, 16], [17, 18], [17, 19], [17, 45], [18, 2], [18, 16], [18, 17], [18, 19], [19, 1], [19, 17], [19, 18], [19, 44], [20, 4], [20, 5], [20, 21], [20, 44], [21, 3], [21, 5], [21, 20], [21, 22], [22, 3], [22, 4], [22, 6], [22, 21], [22, 23], [22, 47], [23, 5], [23, 22], [23, 24], [23, 42], [24, 23], [24, 25], [25, 7], [25, 9], [25, 24], [25, 26], [26, 25], [26, 27], [27, 11], [27, 26], [27, 28], [28, 27], [28, 29], [29, 11], [29, 13], [29, 28], [29, 30], [29, 41], [30, 12], [30, 29], [30, 31], [30, 46], [30, 49], [31, 14], [31, 15], [31, 30], [31, 49], [32, 12], [32, 37], [32, 40], [32, 49], [33, 6], [33, 35], [33, 38], [33, 44], [34, 36], [34, 39], [34, 45], [34, 48], [35, 2], [35, 3], [35, 33], [35, 38], [36, 1], [36, 34], [36, 39], [37, 13], [37, 32], [37, 40], [37, 49], [38, 5], [38, 33], [38, 35], [38, 44], [39, 34], [39, 36], [39, 43], [39, 45], [40, 14], [40, 15], [40, 32], [40, 37], [40, 49], [41, 29], [41, 46], [42, 23], [42, 47], [43, 39], [43, 48], [44, 19], [44, 20], [44, 33], [44, 38], [45, 16], [45, 17], [45, 34], [45, 39], [46, 30], [46, 41], [47, 22], [47, 42], [48, 16], [48, 34], [48, 43], [49, 30], [49, 31], [49, 32], [49, 37], [49, 40]], "target": 1, "label": {"0": "0", "1": "0", "2": "0", "3": "0", "4": "0", "5": "0", "6": "0", "7": "0", "8": "0", "9": "0", "10": "0", "11": "0", "12": "0", "13": "0", "14": "0", "15": "0", "16": "0", "17": "0", "18": "0", "19": "0", "20": "0", "21": "0", "22": "0", "23": "0", "24": "0", "25": "0", "26": "0", "27": "0", "28": "0", "29": "0", "30": "0", "31": "0", "32": "1", "33": "1", "34": "1", "35": "1", "36": "1", "37": "1", "38": "1", "39": "1", "40": "1", "41": "1", "42": "1", "43": "1", "44": "1", "45": "1", "46": "1", "47": "1", "48": "1", "49": "1"}}