{"edges": [[0, 1], [0, 12], [1, 0], [1, 2], [1, 3], [1, 33], [2, 1], [2, 3], [2, 4], [2, 5], [3, 1], [3, 2], [3, 4], [3, 5], [4, 2], [4, 3], [4, 5], [5, 2], [5, 3], [5, 4], [5, 34], [6, 7], [6, 8], [6, 18], [6, 34], [6, 36], [7, 6], [7, 8], [7, 17], [7, 36], [8, 6], [8, 7], [8, 9], [8, 18], [9, 8], [9, 10], [9, 21], [9, 22], [9, 37], [10, 9], [10, 21], [10, 37], [11, 12], [11, 24], [11, 38], [11, 40], [12, 0], [12, 11], [12, 13], [12, 25], [12, 38], [13, 12], [13, 14], [13, 24], [14, 13], [14, 15], [14, 16], [14, 24], [15, 14], [15, 16], [15, 26], [16, 14], [16, 15], [16, 39], [17, 7], [17, 18], [17, 19], [17, 39], [17, 41], [18, 6], [18, 8], [18, 17], [18, 19], [18, 41], [19, 17], [19, 18], [19, 20], [20, 19], [20, 21], [20, 22], [20, 42], [21, 9], [21, 10], [21, 20], [21, 22], [21, 42], [22, 9], [22, 20], [22, 21], [23, 24], [23, 35], [23, 40], [23, 43], [23, 45], [24, 11], [24, 13], [24, 14], [24, 23], [24, 25], [24, 33], [24, 38], [24, 43], [25, 12], [25, 24], [25, 26], [25, 33], [26, 15], [26, 25], [26, 34], [26, 44], [27, 36], [27, 41], [27, 44], [27, 46], [28, 29], [28, 36], [28, 41], [28, 46], [29, 28], [29, 30], [29, 36], [30, 29], [30, 31], [30, 32], [30, 37], [30, 42], [30, 47], [31, 30], [31, 32], [31, 37], [31, 47], [32, 30], [32, 31], [33, 1], [33, 24], [33, 25], [33, 35], [34, 5], [34, 6], [34, 26], [34, 36], [34, 41], [34, 46], [35, 23], [35, 33], [36, 6], [36, 7], [36, 27], [36, 28], [36, 29], [36, 34], [36, 39], [36, 44], [37, 9], [37, 10], [37, 30], [37, 31], [37, 47], [38, 11], [38, 12], [38, 24], [39, 16], [39, 17], [39, 36], [40, 11], [40, 23], [41, 17], [41, 18], [41, 27], [41, 28], [41, 34], [42, 20], [42, 21], [42, 30], [42, 47], [43, 23], [43, 24], [44, 26], [44, 27], [44, 36], [45, 23], [46, 27], [46, 28], [46, 34], [47, 30], [47, 31], [47, 37], [47, 42]], "target": 1, "label": {"0": "0", "1": "0", "2": "0", "3": "0", "4": "0", "5": "0", "6": "0", "7": "0", "8": "0", "9": "0", "10": "0", "11": "0", "12": "0", "13": "0", "14": "0", "15": "0", "16": "0", "17": "0", "18": "0", "19": "0", "20": "0", "21": "0", "22": "0", "23": "0", "24": "0", "25": "0", "26": "0", "27": "0", "28": "0", "29": "0", "30": "0", "31": "0", "32": "0", "33": "1", "34": "1", "35": "1", "36": "1", "37": "1", "38": "1", "39": "1", "40": "1", "41": "1", "42": "1", "43": "1", "44": "1", "45": "1", "46": "1", "47": "1"}}