{"edges": [[0, 36], [0, 38], [0, 41], [0, 43], [0, 46], [0, 48], [1, 2], [1, 36], [1, 41], [2, 1], [2, 3], [2, 27], [3, 2], [3, 4], [4, 3], [4, 5], [4, 28], [5, 4], [5, 28], [5, 37], [6, 31], [6, 37], [6, 39], [7, 8], [7, 32], [7, 39], [7, 44], [7, 49], [8, 7], [8, 9], [8, 31], [8, 33], [9, 8], [9, 32], [9, 40], [10, 11], [10, 40], [10, 45], [10, 50], [11, 10], [11, 40], [11, 45], [12, 13], [12, 25], [12, 41], [12, 43], [13, 12], [13, 14], [13, 24], [13, 26], [13, 41], [14, 13], [14, 15], [14, 25], [14, 27], [15, 14], [15, 16], [15, 26], [16, 15], [16, 17], [16, 29], [17, 16], [17, 28], [17, 42], [18, 19], [18, 31], [18, 42], [18, 44], [19, 18], [19, 20], [19, 30], [19, 44], [20, 19], [20, 21], [20, 33], [21, 20], [21, 34], [21, 45], [22, 23], [22, 35], [22, 45], [23, 22], [23, 34], [23, 35], [24, 13], [24, 25], [24, 46], [24, 48], [25, 12], [25, 14], [25, 24], [25, 26], [25, 46], [26, 13], [26, 15], [26, 25], [26, 27], [27, 2], [27, 14], [27, 26], [27, 28], [28, 4], [28, 5], [28, 17], [28, 27], [28, 29], [29, 16], [29, 28], [29, 47], [30, 19], [30, 31], [30, 47], [30, 49], [31, 6], [31, 8], [31, 18], [31, 30], [31, 32], [31, 39], [31, 44], [31, 49], [32, 7], [32, 9], [32, 31], [32, 33], [33, 8], [33, 20], [33, 32], [33, 34], [33, 50], [34, 21], [34, 23], [34, 33], [34, 35], [34, 50], [35, 22], [35, 23], [35, 34], [36, 0], [36, 1], [36, 38], [36, 41], [37, 5], [37, 6], [37, 39], [37, 42], [38, 0], [38, 36], [39, 6], [39, 7], [39, 31], [39, 37], [39, 42], [39, 47], [40, 9], [40, 10], [40, 11], [40, 50], [41, 0], [41, 1], [41, 12], [41, 13], [41, 36], [41, 46], [42, 17], [42, 18], [42, 37], [42, 39], [42, 47], [43, 0], [43, 12], [44, 7], [44, 18], [44, 19], [44, 31], [45, 10], [45, 11], [45, 21], [45, 22], [45, 50], [46, 0], [46, 24], [46, 25], [46, 41], [47, 29], [47, 30], [47, 39], [47, 42], [48, 0], [48, 24], [49, 7], [49, 30], [49, 31], [50, 10], [50, 33], [50, 34], [50, 40], [50, 45]], "target": 1, "label": {"0": "0", "1": "0", "2": "0", "3": "0", "4": "0", "5": "0", "6": "0", "7": "0", "8": "0", "9": "0", "10": "0", "11": "0", "12": "0", "13": "0", "14": "0", "15": "0", "16": "0", "17": "0", "18": "0", "19": "0", "20": "0", "21": "0", "22": "0", "23": "0", "24": "0", "25": "0", "26": "0", "27": "0", "28": "0", "29": "0", "30": "0", "31": "0", "32": "0", "33": "0", "34": "0", "35": "0", "36": "1", "37": "1", "38": "1", "39": "1", "40": "1", "41": "1", "42": "1", "43": "1", "44": "1", "45": "1", "46": "1", "47": "1", "48": "1", "49": "1", "50": "1"}}