{"edges": [[0, 1], [0, 7], [0, 8], [1, 0], [1, 2], [1, 3], [1, 16], [2, 1], [2, 3], [2, 7], [2, 14], [3, 1], [3, 2], [3, 4], [3, 10], [3, 14], [4, 3], [4, 5], [4, 9], [4, 11], [4, 15], [5, 4], [5, 10], [5, 11], [5, 15], [5, 17], [6, 13], [6, 18], [6, 23], [7, 0], [7, 2], [7, 21], [8, 0], [8, 9], [8, 16], [8, 19], [8, 21], [9, 4], [9, 8], [9, 10], [9, 14], [9, 19], [10, 3], [10, 5], [10, 9], [10, 11], [10, 20], [11, 4], [11, 5], [11, 10], [11, 12], [11, 20], [11, 22], [12, 11], [12, 17], [12, 18], [12, 22], [12, 23], [13, 6], [13, 23], [14, 2], [14, 3], [14, 9], [14, 16], [14, 21], [15, 4], [15, 5], [15, 17], [15, 22], [16, 1], [16, 8], [16, 14], [16, 19], [17, 5], [17, 12], [17, 15], [17, 18], [17, 20], [18, 6], [18, 12], [18, 17], [18, 23], [19, 8], [19, 9], [19, 16], [20, 10], [20, 11], [20, 17], [20, 22], [21, 7], [21, 8], [21, 14], [22, 11], [22, 12], [22, 15], [22, 20], [23, 6], [23, 12], [23, 13], [23, 18]], "target": 1, "label": {"0": "0", "1": "0", "2": "0", "3": "0", "4": "0", "5": "0", "6": "0", "7": "0", "8": "0", "9": "0", "10": "0", "11": "0", "12": "0", "13": "0", "14": "1", "15": "1", "16": "1", "17": "1", "18": "1", "19": "1", "20": "1", "21": "1", "22": "1", "23": "1"}}