{"edges": [[0, 1], [0, 2], [0, 9], [1, 0], [1, 2], [1, 9], [1, 33], [2, 0], [2, 1], [2, 3], [2, 9], [2, 31], [2, 33], [3, 2], [3, 4], [3, 11], [3, 31], [4, 3], [4, 5], [4, 10], [4, 32], [5, 4], [5, 6], [5, 32], [5, 34], [6, 5], [6, 7], [6, 8], [6, 14], [6, 34], [7, 6], [7, 8], [7, 35], [8, 6], [8, 7], [8, 15], [8, 35], [9, 0], [9, 1], [9, 2], [9, 10], [9, 16], [9, 36], [9, 38], [10, 4], [10, 9], [10, 11], [10, 36], [11, 3], [11, 10], [11, 12], [11, 37], [12, 11], [12, 13], [12, 37], [12, 39], [13, 12], [13, 14], [13, 39], [14, 6], [14, 13], [14, 15], [14, 21], [14, 23], [14, 40], [15, 8], [15, 14], [15, 23], [15, 35], [15, 40], [16, 9], [16, 17], [16, 24], [16, 43], [17, 16], [17, 18], [17, 24], [17, 41], [17, 43], [18, 17], [18, 19], [18, 26], [18, 41], [19, 18], [19, 20], [19, 25], [19, 42], [20, 19], [20, 21], [20, 42], [20, 44], [21, 14], [21, 20], [21, 22], [21, 44], [22, 21], [22, 23], [22, 45], [23, 14], [23, 15], [23, 22], [23, 30], [23, 45], [24, 16], [24, 17], [24, 25], [24, 46], [24, 48], [25, 19], [25, 24], [25, 26], [25, 46], [26, 18], [26, 25], [26, 27], [26, 47], [27, 26], [27, 28], [27, 29], [27, 47], [27, 49], [28, 27], [28, 29], [28, 30], [28, 49], [29, 27], [29, 28], [29, 30], [29, 50], [30, 23], [30, 28], [30, 29], [30, 50], [31, 2], [31, 3], [32, 4], [32, 5], [33, 1], [33, 2], [34, 5], [34, 6], [35, 7], [35, 8], [35, 15], [35, 50], [36, 9], [36, 10], [37, 11], [37, 12], [38, 9], [39, 12], [39, 13], [40, 14], [40, 15], [40, 50], [41, 17], [41, 18], [42, 19], [42, 20], [43, 16], [43, 17], [44, 20], [44, 21], [45, 22], [45, 23], [45, 50], [46, 24], [46, 25], [47, 26], [47, 27], [48, 24], [49, 27], [49, 28], [50, 29], [50, 30], [50, 35], [50, 40], [50, 45]], "target": 1, "label": {"0": "0", "1": "0", "2": "0", "3": "0", "4": "0", "5": "0", "6": "0", "7": "0", "8": "0", "9": "0", "10": "0", "11": "0", "12": "0", "13": "0", "14": "0", "15": "0", "16": "0", "17": "0", "18": "0", "19": "0", "20": "0", "21": "0", "22": "0", "23": "0", "24": "0", "25": "0", "26": "0", "27": "0", "28": "0", "29": "0", "30": "0", "31": "1", "32": "1", "33": "1", "34": "1", "35": "1", "36": "1", "37": "1", "38": "1", "39": "1", "40": "1", "41": "1", "42": "1", "43": "1", "44": "1", "45": "1", "46": "1", "47": "1", "48": "1", "49": "1", "50": "1"}}