{"edges": [[0, 1], [0, 9], [1, 0], [1, 2], [1, 8], [1, 10], [1, 32], [1, 34], [2, 1], [2, 3], [2, 11], [2, 32], [3, 2], [3, 4], [3, 10], [3, 33], [4, 3], [4, 5], [4, 6], [4, 33], [4, 35], [5, 4], [5, 6], [5, 7], [5, 14], [5, 35], [6, 4], [6, 5], [6, 7], [6, 36], [7, 5], [7, 6], [7, 36], [8, 1], [8, 9], [8, 39], [9, 0], [9, 8], [9, 10], [9, 37], [9, 39], [10, 1], [10, 3], [10, 9], [10, 11], [10, 37], [11, 2], [11, 10], [11, 38], [12, 33], [12, 38], [12, 40], [12, 43], [13, 14], [13, 35], [13, 40], [14, 5], [14, 13], [14, 35], [14, 40], [14, 41], [15, 36], [15, 41], [15, 46], [16, 25], [16, 34], [16, 39], [16, 44], [17, 34], [17, 39], [17, 42], [17, 44], [18, 19], [18, 27], [18, 42], [19, 18], [19, 26], [19, 43], [20, 33], [20, 38], [20, 43], [20, 45], [21, 22], [21, 35], [21, 40], [21, 45], [22, 21], [22, 35], [22, 40], [22, 46], [23, 36], [23, 41], [23, 46], [24, 25], [24, 34], [24, 39], [24, 49], [25, 16], [25, 24], [25, 26], [25, 47], [25, 49], [26, 19], [26, 25], [26, 27], [26, 47], [27, 18], [27, 26], [27, 28], [27, 48], [28, 27], [28, 29], [28, 48], [28, 50], [29, 28], [29, 30], [29, 35], [29, 50], [30, 29], [30, 31], [30, 35], [30, 51], [31, 30], [31, 51], [32, 1], [32, 2], [33, 3], [33, 4], [33, 12], [33, 20], [34, 1], [34, 16], [34, 17], [34, 24], [35, 4], [35, 5], [35, 13], [35, 14], [35, 21], [35, 22], [35, 29], [35, 30], [36, 6], [36, 7], [36, 15], [36, 23], [36, 51], [37, 9], [37, 10], [38, 11], [38, 12], [38, 20], [39, 8], [39, 9], [39, 16], [39, 17], [39, 24], [40, 12], [40, 13], [40, 14], [40, 21], [40, 22], [41, 14], [41, 15], [41, 23], [41, 51], [42, 17], [42, 18], [43, 12], [43, 19], [43, 20], [44, 16], [44, 17], [45, 20], [45, 21], [46, 15], [46, 22], [46, 23], [46, 51], [47, 25], [47, 26], [48, 27], [48, 28], [49, 24], [49, 25], [50, 28], [50, 29], [51, 30], [51, 31], [51, 36], [51, 41], [51, 46]], "target": 1, "label": {"0": "0", "1": "0", "2": "0", "3": "0", "4": "0", "5": "0", "6": "0", "7": "0", "8": "0", "9": "0", "10": "0", "11": "0", "12": "0", "13": "0", "14": "0", "15": "0", "16": "0", "17": "0", "18": "0", "19": "0", "20": "0", "21": "0", "22": "0", "23": "0", "24": "0", "25": "0", "26": "0", "27": "0", "28": "0", "29": "0", "30": "0", "31": "0", "32": "1", "33": "1", "34": "1", "35": "1", "36": "1", "37": "1", "38": "1", "39": "1", "40": "1", "41": "1", "42": "1", "43": "1", "44": "1", "45": "1", "46": "1", "47": "1", "48": "1", "49": "1", "50": "1", "51": "1"}}