{"edges": [[0, 9], [0, 16], [1, 2], [1, 13], [1, 20], [2, 1], [2, 3], [2, 7], [3, 2], [3, 6], [3, 7], [4, 9], [4, 12], [4, 16], [4, 19], [5, 6], [5, 7], [5, 20], [6, 3], [6, 5], [6, 7], [7, 2], [7, 3], [7, 5], [7, 6], [8, 9], [8, 14], [8, 21], [9, 0], [9, 4], [9, 8], [9, 12], [10, 11], [10, 13], [10, 17], [10, 18], [10, 20], [11, 10], [11, 12], [11, 19], [12, 4], [12, 9], [12, 11], [12, 16], [12, 18], [13, 1], [13, 10], [13, 17], [14, 8], [14, 15], [14, 21], [15, 14], [15, 21], [16, 0], [16, 4], [16, 12], [16, 21], [17, 10], [17, 13], [17, 18], [17, 20], [18, 10], [18, 12], [18, 17], [18, 19], [19, 4], [19, 11], [19, 18], [20, 1], [20, 5], [20, 10], [20, 17], [21, 8], [21, 14], [21, 15], [21, 16]], "target": 1, "label": {"0": "0", "1": "0", "2": "0", "3": "0", "4": "0", "5": "0", "6": "0", "7": "0", "8": "1", "9": "1", "10": "1", "11": "1", "12": "1", "13": "1", "14": "1", "15": "1", "16": "1", "17": "1", "18": "1", "19": "1", "20": "1", "21": "1"}}