{"edges": [[0, 1], [0, 13], [1, 0], [1, 2], [1, 12], [1, 24], [1, 27], [2, 1], [2, 13], [2, 27], [2, 28], [3, 4], [3, 5], [3, 6], [3, 28], [4, 3], [4, 5], [4, 6], [4, 7], [5, 3], [5, 4], [5, 6], [5, 7], [5, 29], [6, 3], [6, 4], [6, 5], [6, 7], [6, 29], [6, 39], [7, 4], [7, 5], [7, 6], [7, 30], [8, 9], [8, 21], [8, 32], [9, 8], [9, 10], [9, 20], [10, 9], [10, 11], [10, 23], [10, 33], [10, 43], [11, 10], [11, 22], [11, 23], [11, 33], [11, 43], [12, 1], [12, 13], [12, 35], [12, 36], [13, 0], [13, 2], [13, 12], [13, 14], [13, 24], [13, 34], [13, 37], [14, 13], [14, 27], [14, 37], [14, 38], [15, 16], [15, 17], [15, 18], [15, 38], [16, 15], [16, 17], [16, 18], [16, 19], [17, 15], [17, 16], [17, 18], [17, 19], [17, 39], [18, 15], [18, 16], [18, 17], [18, 19], [18, 39], [19, 16], [19, 17], [19, 18], [19, 40], [20, 9], [20, 21], [20, 42], [21, 8], [21, 20], [21, 22], [22, 11], [22, 21], [22, 23], [23, 10], [23, 11], [23, 22], [23, 43], [24, 1], [24, 13], [24, 25], [24, 27], [24, 35], [24, 37], [25, 24], [25, 26], [25, 34], [25, 36], [26, 25], [26, 35], [27, 1], [27, 2], [27, 14], [27, 24], [27, 28], [27, 34], [27, 38], [28, 2], [28, 3], [28, 27], [28, 37], [29, 5], [29, 6], [29, 30], [30, 7], [30, 29], [30, 31], [30, 39], [30, 41], [31, 30], [31, 32], [31, 40], [31, 41], [31, 42], [32, 8], [32, 31], [32, 41], [33, 10], [33, 11], [33, 43], [34, 13], [34, 25], [34, 27], [34, 35], [34, 37], [35, 12], [35, 24], [35, 26], [35, 34], [35, 36], [36, 12], [36, 25], [36, 35], [37, 13], [37, 14], [37, 24], [37, 28], [37, 34], [37, 38], [38, 14], [38, 15], [38, 27], [38, 37], [39, 6], [39, 17], [39, 18], [39, 30], [40, 19], [40, 31], [40, 41], [41, 30], [41, 31], [41, 32], [41, 40], [41, 42], [42, 20], [42, 31], [42, 41], [43, 10], [43, 11], [43, 23], [43, 33]], "target": 1, "label": {"0": "0", "1": "0", "2": "0", "3": "0", "4": "0", "5": "0", "6": "0", "7": "0", "8": "0", "9": "0", "10": "0", "11": "0", "12": "0", "13": "0", "14": "0", "15": "0", "16": "0", "17": "0", "18": "0", "19": "0", "20": "0", "21": "0", "22": "0", "23": "0", "24": "1", "25": "1", "26": "1", "27": "1", "28": "1", "29": "1", "30": "1", "31": "1", "32": "1", "33": "1", "34": "1", "35": "1", "36": "1", "37": "1", "38": "1", "39": "1", "40": "1", "41": "1", "42": "1", "43": "1"}}