{"edges": [[0, 1], [0, 12], [1, 0], [1, 2], [1, 11], [1, 22], [1, 25], [2, 1], [2, 12], [2, 13], [2, 25], [2, 26], [3, 4], [3, 5], [3, 6], [3, 26], [3, 43], [4, 3], [4, 5], [4, 6], [4, 27], [5, 3], [5, 4], [5, 6], [5, 27], [6, 3], [6, 4], [6, 5], [6, 28], [7, 8], [7, 19], [7, 30], [8, 7], [8, 9], [8, 18], [9, 8], [9, 10], [9, 21], [9, 31], [9, 41], [10, 9], [10, 20], [10, 21], [10, 31], [10, 41], [11, 1], [11, 12], [11, 33], [11, 34], [12, 0], [12, 2], [12, 11], [12, 13], [12, 22], [12, 32], [12, 35], [13, 2], [13, 12], [13, 25], [13, 35], [13, 36], [14, 15], [14, 16], [14, 17], [14, 43], [15, 14], [15, 16], [15, 17], [15, 37], [16, 14], [16, 15], [16, 17], [16, 37], [17, 14], [17, 15], [17, 16], [17, 38], [18, 8], [18, 19], [18, 40], [19, 7], [19, 18], [19, 20], [20, 10], [20, 19], [20, 21], [21, 9], [21, 10], [21, 20], [21, 41], [22, 1], [22, 12], [22, 23], [22, 25], [22, 33], [22, 35], [23, 22], [23, 24], [23, 32], [23, 34], [24, 23], [24, 33], [25, 1], [25, 2], [25, 13], [25, 22], [25, 32], [26, 2], [26, 3], [26, 42], [26, 43], [27, 4], [27, 5], [27, 42], [27, 43], [28, 6], [28, 29], [28, 39], [29, 28], [29, 30], [29, 38], [29, 39], [29, 40], [30, 7], [30, 29], [30, 39], [31, 9], [31, 10], [31, 41], [32, 12], [32, 23], [32, 25], [32, 33], [32, 35], [33, 11], [33, 22], [33, 24], [33, 32], [33, 34], [34, 11], [34, 23], [34, 33], [35, 12], [35, 13], [35, 22], [35, 32], [36, 13], [36, 42], [36, 43], [37, 15], [37, 16], [37, 42], [37, 43], [38, 17], [38, 29], [38, 39], [39, 28], [39, 29], [39, 30], [39, 38], [39, 40], [40, 18], [40, 29], [40, 39], [41, 9], [41, 10], [41, 21], [41, 31], [42, 26], [42, 27], [42, 36], [42, 37], [42, 43], [43, 3], [43, 14], [43, 26], [43, 27], [43, 36], [43, 37], [43, 42]], "target": 1, "label": {"0": "0", "1": "0", "2": "0", "3": "0", "4": "0", "5": "0", "6": "0", "7": "0", "8": "0", "9": "0", "10": "0", "11": "0", "12": "0", "13": "0", "14": "0", "15": "0", "16": "0", "17": "0", "18": "0", "19": "0", "20": "0", "21": "0", "22": "1", "23": "1", "24": "1", "25": "1", "26": "1", "27": "1", "28": "1", "29": "1", "30": "1", "31": "1", "32": "1", "33": "1", "34": "1", "35": "1", "36": "1", "37": "1", "38": "1", "39": "1", "40": "1", "41": "1", "42": "1", "43": "1"}}