{"edges": [[0, 1], [0, 17], [0, 24], [1, 0], [1, 2], [1, 3], [1, 20], [2, 1], [2, 3], [2, 20], [3, 1], [3, 2], [3, 4], [3, 18], [4, 3], [4, 5], [4, 6], [4, 18], [5, 4], [5, 6], [5, 7], [5, 14], [6, 4], [6, 5], [6, 7], [6, 21], [7, 5], [7, 6], [7, 8], [7, 25], [8, 7], [8, 9], [8, 10], [8, 29], [9, 8], [9, 10], [9, 11], [10, 8], [10, 9], [10, 11], [10, 12], [11, 9], [11, 10], [11, 12], [11, 27], [12, 10], [12, 11], [12, 13], [12, 28], [12, 30], [13, 12], [13, 15], [13, 22], [14, 5], [14, 18], [14, 21], [14, 25], [14, 26], [14, 29], [15, 13], [15, 22], [15, 27], [15, 28], [15, 30], [16, 17], [16, 23], [16, 24], [17, 0], [17, 16], [17, 19], [17, 20], [17, 23], [17, 24], [18, 3], [18, 4], [18, 14], [18, 21], [19, 17], [19, 20], [19, 24], [20, 1], [20, 2], [20, 17], [20, 19], [20, 24], [21, 6], [21, 14], [21, 18], [21, 25], [22, 13], [22, 15], [22, 28], [22, 30], [23, 16], [23, 17], [23, 24], [24, 0], [24, 16], [24, 17], [24, 19], [24, 20], [24, 23], [25, 7], [25, 14], [25, 21], [25, 26], [25, 29], [26, 14], [26, 25], [26, 29], [27, 11], [27, 15], [27, 28], [27, 30], [28, 12], [28, 15], [28, 22], [28, 27], [28, 30], [29, 8], [29, 14], [29, 25], [29, 26], [30, 12], [30, 15], [30, 22], [30, 27], [30, 28]], "target": 1, "label": {"0": "0", "1": "0", "2": "0", "3": "0", "4": "0", "5": "0", "6": "0", "7": "0", "8": "0", "9": "0", "10": "0", "11": "0", "12": "0", "13": "0", "14": "1", "15": "1", "16": "1", "17": "1", "18": "1", "19": "1", "20": "1", "21": "1", "22": "1", "23": "1", "24": "1", "25": "1", "26": "1", "27": "1", "28": "1", "29": "1", "30": "1"}}