{"edges": [[0, 1], [0, 14], [0, 15], [0, 20], [1, 0], [1, 2], [1, 3], [1, 18], [2, 1], [2, 3], [2, 4], [3, 1], [3, 2], [3, 4], [3, 16], [4, 2], [4, 3], [4, 5], [4, 16], [5, 4], [5, 6], [5, 7], [6, 5], [6, 7], [6, 21], [7, 5], [7, 6], [7, 8], [7, 9], [7, 21], [7, 22], [7, 25], [8, 7], [8, 9], [8, 10], [8, 25], [9, 7], [9, 8], [9, 10], [9, 11], [10, 8], [10, 9], [10, 11], [10, 12], [11, 9], [11, 10], [11, 12], [12, 10], [12, 11], [12, 13], [12, 23], [13, 12], [13, 24], [13, 26], [14, 0], [14, 15], [14, 19], [14, 20], [15, 0], [15, 14], [15, 17], [15, 18], [15, 19], [15, 20], [16, 3], [16, 4], [16, 17], [16, 18], [17, 15], [17, 16], [17, 18], [17, 20], [18, 1], [18, 15], [18, 16], [18, 17], [18, 20], [19, 14], [19, 15], [19, 20], [20, 0], [20, 14], [20, 15], [20, 17], [20, 18], [20, 19], [21, 6], [21, 7], [21, 22], [21, 25], [22, 7], [22, 21], [22, 25], [23, 12], [23, 24], [23, 26], [24, 13], [24, 23], [24, 26], [25, 7], [25, 8], [25, 21], [25, 22], [26, 13], [26, 23], [26, 24]], "target": 1, "label": {"0": "0", "1": "0", "2": "0", "3": "0", "4": "0", "5": "0", "6": "0", "7": "0", "8": "0", "9": "0", "10": "0", "11": "0", "12": "0", "13": "0", "14": "1", "15": "1", "16": "1", "17": "1", "18": "1", "19": "1", "20": "1", "21": "1", "22": "1", "23": "1", "24": "1", "25": "1", "26": "1"}}