{"edges": [[0, 1], [0, 15], [0, 16], [1, 0], [1, 16], [1, 17], [1, 18], [2, 3], [2, 17], [2, 18], [3, 2], [3, 18], [3, 20], [4, 5], [4, 19], [4, 20], [5, 4], [5, 19], [5, 21], [6, 21], [6, 22], [6, 23], [6, 24], [7, 8], [7, 9], [7, 24], [8, 7], [8, 9], [8, 10], [8, 24], [9, 7], [9, 8], [9, 10], [10, 8], [10, 9], [10, 11], [11, 10], [11, 12], [11, 13], [11, 14], [12, 11], [12, 13], [12, 14], [13, 11], [13, 12], [13, 14], [14, 11], [14, 12], [14, 13], [15, 0], [15, 16], [15, 17], [16, 0], [16, 1], [16, 15], [16, 17], [16, 18], [17, 1], [17, 2], [17, 15], [17, 16], [17, 18], [18, 1], [18, 2], [18, 3], [18, 16], [18, 17], [19, 4], [19, 5], [19, 20], [20, 3], [20, 4], [20, 19], [21, 5], [21, 6], [21, 22], [21, 23], [22, 6], [22, 21], [22, 23], [22, 24], [23, 6], [23, 21], [23, 22], [23, 24], [24, 6], [24, 7], [24, 8], [24, 22], [24, 23]], "target": 1, "label": {"0": "0", "1": "0", "2": "0", "3": "0", "4": "0", "5": "0", "6": "0", "7": "0", "8": "0", "9": "0", "10": "0", "11": "0", "12": "0", "13": "0", "14": "0", "15": "0", "16": "1", "17": "1", "18": "1", "19": "1", "20": "1", "21": "1", "22": "1", "23": "1", "24": "1"}}