{"edges": [[0, 20], [0, 37], [1, 3], [1, 11], [1, 15], [1, 18], [2, 20], [2, 36], [2, 37], [3, 1], [3, 18], [3, 28], [3, 32], [4, 8], [4, 12], [4, 29], [5, 13], [6, 14], [7, 14], [7, 15], [7, 32], [8, 4], [8, 20], [8, 37], [9, 16], [9, 19], [9, 36], [10, 17], [10, 18], [11, 1], [11, 18], [11, 35], [12, 4], [12, 17], [12, 21], [13, 5], [13, 16], [14, 6], [14, 7], [15, 1], [15, 7], [15, 24], [16, 9], [16, 13], [16, 19], [16, 36], [17, 10], [17, 12], [18, 1], [18, 3], [18, 10], [18, 11], [18, 28], [19, 9], [19, 16], [19, 20], [20, 0], [20, 2], [20, 8], [20, 19], [20, 25], [20, 37], [21, 12], [21, 29], [21, 34], [22, 30], [23, 31], [24, 15], [24, 31], [24, 32], [25, 20], [25, 29], [25, 37], [26, 33], [26, 36], [27, 34], [27, 35], [28, 3], [28, 18], [28, 35], [29, 4], [29, 21], [29, 25], [30, 22], [30, 33], [31, 23], [31, 24], [32, 3], [32, 7], [32, 24], [33, 26], [33, 30], [34, 21], [34, 27], [35, 11], [35, 27], [35, 28], [36, 2], [36, 9], [36, 16], [36, 26], [37, 0], [37, 2], [37, 8], [37, 20], [37, 25]], "target": 1, "label": {"0": "0", "1": "0", "2": "0", "3": "0", "4": "1", "5": "1", "6": "1", "7": "1", "8": "1", "9": "1", "10": "1", "11": "1", "12": "1", "13": "1", "14": "1", "15": "1", "16": "1", "17": "1", "18": "1", "19": "1", "20": "1", "21": "1", "22": "1", "23": "1", "24": "1", "25": "1", "26": "1", "27": "1", "28": "1", "29": "1", "30": "1", "31": "1", "32": "1", "33": "1", "34": "1", "35": "1", "36": "1", "37": "1"}}