{"edges": [[0, 1], [0, 2], [0, 20], [1, 0], [1, 2], [1, 3], [1, 20], [2, 0], [2, 1], [2, 3], [2, 20], [2, 25], [3, 1], [3, 2], [3, 4], [3, 23], [4, 3], [4, 5], [4, 6], [4, 37], [5, 4], [5, 6], [5, 7], [5, 38], [6, 4], [6, 5], [6, 7], [7, 5], [7, 6], [7, 8], [7, 26], [7, 38], [8, 7], [8, 9], [8, 27], [8, 28], [9, 8], [9, 10], [9, 29], [9, 35], [10, 9], [10, 11], [10, 12], [10, 13], [10, 34], [11, 10], [11, 12], [11, 13], [12, 10], [12, 11], [12, 13], [12, 14], [13, 10], [13, 11], [13, 12], [13, 14], [13, 15], [14, 12], [14, 13], [14, 15], [14, 16], [14, 33], [15, 13], [15, 14], [15, 16], [15, 32], [15, 33], [16, 14], [16, 15], [16, 17], [16, 18], [16, 19], [16, 31], [17, 16], [17, 18], [17, 19], [17, 30], [18, 16], [18, 17], [18, 19], [18, 30], [19, 16], [19, 17], [19, 18], [20, 0], [20, 1], [20, 2], [20, 23], [20, 24], [20, 25], [21, 22], [21, 37], [21, 38], [22, 21], [22, 37], [22, 38], [23, 3], [23, 20], [23, 24], [23, 25], [24, 20], [24, 23], [24, 25], [25, 2], [25, 20], [25, 23], [25, 24], [26, 7], [26, 27], [26, 28], [26, 29], [27, 8], [27, 26], [27, 28], [27, 29], [28, 8], [28, 26], [28, 27], [28, 29], [29, 9], [29, 26], [29, 27], [29, 28], [29, 34], [29, 35], [29, 36], [30, 17], [30, 18], [30, 31], [30, 32], [31, 16], [31, 30], [31, 32], [31, 33], [32, 15], [32, 30], [32, 31], [32, 33], [33, 14], [33, 15], [33, 31], [33, 32], [33, 34], [34, 10], [34, 29], [34, 33], [34, 35], [34, 36], [35, 9], [35, 29], [35, 34], [35, 36], [36, 29], [36, 34], [36, 35], [37, 4], [37, 21], [37, 22], [37, 38], [38, 5], [38, 7], [38, 21], [38, 22], [38, 37]], "target": 5, "label": {"0": "0", "1": "0", "2": "0", "3": "0", "4": "0", "5": "0", "6": "0", "7": "0", "8": "0", "9": "0", "10": "0", "11": "0", "12": "0", "13": "0", "14": "0", "15": "0", "16": "0", "17": "0", "18": "0", "19": "0", "20": "1", "21": "1", "22": "1", "23": "1", "24": "1", "25": "1", "26": "1", "27": "1", "28": "1", "29": "1", "30": "1", "31": "1", "32": "1", "33": "1", "34": "1", "35": "1", "36": "1", "37": "1", "38": "1"}}