{"edges": [[0, 1], [0, 2], [0, 11], [1, 0], [1, 2], [1, 3], [1, 4], [1, 11], [1, 14], [2, 0], [2, 1], [2, 3], [2, 4], [2, 11], [2, 16], [3, 1], [3, 2], [3, 4], [3, 15], [4, 1], [4, 2], [4, 3], [4, 17], [5, 6], [5, 7], [5, 8], [5, 20], [6, 5], [6, 7], [6, 8], [7, 5], [7, 6], [7, 8], [7, 9], [7, 10], [8, 5], [8, 6], [8, 7], [8, 9], [8, 10], [9, 7], [9, 8], [9, 10], [10, 7], [10, 8], [10, 9], [11, 0], [11, 1], [11, 2], [12, 13], [12, 14], [12, 16], [13, 12], [13, 14], [13, 16], [14, 1], [14, 12], [14, 13], [14, 15], [14, 16], [15, 3], [15, 14], [15, 16], [15, 17], [16, 2], [16, 12], [16, 13], [16, 14], [16, 15], [17, 4], [17, 15], [17, 18], [17, 19], [17, 20], [18, 17], [18, 19], [18, 20], [19, 17], [19, 18], [19, 20], [20, 5], [20, 17], [20, 18], [20, 19]], "target": 1, "label": {"0": "0", "1": "0", "2": "0", "3": "0", "4": "0", "5": "0", "6": "0", "7": "0", "8": "0", "9": "0", "10": "0", "11": "0", "12": "1", "13": "1", "14": "1", "15": "1", "16": "1", "17": "1", "18": "1", "19": "1", "20": "1"}}