{"edges": [[0, 1], [0, 2], [0, 20], [1, 0], [1, 2], [1, 20], [2, 0], [2, 1], [2, 3], [2, 20], [2, 21], [3, 2], [3, 4], [3, 5], [3, 21], [3, 22], [3, 24], [4, 3], [4, 5], [4, 6], [4, 23], [5, 3], [5, 4], [5, 6], [5, 25], [6, 4], [6, 5], [6, 7], [6, 25], [6, 27], [7, 6], [7, 8], [7, 9], [7, 26], [8, 7], [8, 9], [8, 10], [9, 7], [9, 8], [9, 10], [10, 8], [10, 9], [10, 11], [10, 12], [11, 10], [11, 12], [11, 13], [12, 10], [12, 11], [12, 13], [12, 14], [13, 11], [13, 12], [13, 14], [13, 15], [14, 12], [14, 13], [14, 15], [14, 16], [15, 13], [15, 14], [15, 16], [16, 14], [16, 15], [16, 17], [16, 18], [16, 19], [17, 16], [17, 18], [17, 19], [18, 16], [18, 17], [18, 19], [19, 16], [19, 17], [19, 18], [20, 0], [20, 1], [20, 2], [20, 21], [20, 22], [21, 2], [21, 3], [21, 20], [21, 22], [22, 3], [22, 20], [22, 21], [22, 23], [22, 24], [23, 4], [23, 22], [23, 24], [23, 25], [24, 3], [24, 22], [24, 23], [25, 5], [25, 6], [25, 23], [25, 26], [25, 27], [25, 28], [26, 7], [26, 25], [26, 27], [26, 28], [27, 6], [27, 25], [27, 26], [27, 28], [28, 25], [28, 26], [28, 27]], "target": 1, "label": {"0": "0", "1": "0", "2": "0", "3": "0", "4": "0", "5": "0", "6": "0", "7": "0", "8": "0", "9": "0", "10": "0", "11": "0", "12": "0", "13": "0", "14": "0", "15": "0", "16": "0", "17": "0", "18": "0", "19": "0", "20": "1", "21": "1", "22": "1", "23": "1", "24": "1", "25": "1", "26": "1", "27": "1", "28": "1"}}