{"edges": [[0, 12], [0, 13], [0, 14], [0, 16], [1, 2], [1, 15], [1, 16], [1, 17], [2, 1], [2, 3], [2, 17], [2, 18], [2, 19], [3, 2], [3, 4], [3, 18], [3, 19], [4, 3], [4, 5], [4, 6], [4, 19], [5, 4], [5, 6], [5, 7], [6, 4], [6, 5], [6, 7], [7, 5], [7, 6], [7, 8], [7, 9], [8, 7], [8, 9], [8, 10], [8, 11], [9, 7], [9, 8], [9, 10], [9, 11], [10, 8], [10, 9], [10, 11], [11, 8], [11, 9], [11, 10], [12, 0], [12, 13], [12, 14], [13, 0], [13, 12], [13, 14], [14, 0], [14, 12], [14, 13], [14, 16], [15, 1], [15, 16], [15, 17], [16, 0], [16, 1], [16, 14], [16, 15], [16, 17], [17, 1], [17, 2], [17, 15], [17, 16], [18, 2], [18, 3], [18, 19], [19, 2], [19, 3], [19, 4], [19, 18]], "target": 1, "label": {"0": "0", "1": "0", "2": "0", "3": "0", "4": "0", "5": "0", "6": "0", "7": "0", "8": "0", "9": "0", "10": "0", "11": "0", "12": "1", "13": "1", "14": "1", "15": "1", "16": "1", "17": "1", "18": "1", "19": "1"}}