{"edges": [[0, 13], [0, 14], [0, 15], [0, 17], [1, 2], [1, 16], [1, 17], [1, 18], [2, 1], [2, 3], [2, 18], [3, 2], [3, 4], [3, 19], [3, 20], [4, 3], [4, 5], [4, 6], [4, 19], [4, 20], [5, 4], [5, 6], [5, 7], [6, 4], [6, 5], [6, 7], [7, 5], [7, 6], [7, 8], [8, 7], [8, 9], [8, 10], [9, 8], [9, 10], [9, 11], [9, 12], [10, 8], [10, 9], [10, 11], [10, 12], [11, 9], [11, 10], [11, 12], [12, 9], [12, 10], [12, 11], [13, 0], [13, 14], [13, 15], [14, 0], [14, 13], [14, 15], [15, 0], [15, 13], [15, 14], [15, 17], [16, 1], [16, 17], [16, 18], [17, 0], [17, 1], [17, 15], [17, 16], [17, 18], [18, 1], [18, 2], [18, 16], [18, 17], [19, 3], [19, 4], [19, 20], [20, 3], [20, 4], [20, 19]], "target": 1, "label": {"0": "0", "1": "0", "2": "0", "3": "0", "4": "0", "5": "0", "6": "0", "7": "0", "8": "0", "9": "0", "10": "0", "11": "0", "12": "0", "13": "1", "14": "1", "15": "1", "16": "1", "17": "1", "18": "1", "19": "1", "20": "1"}}