{"edges": [[0, 1], [0, 12], [0, 13], [1, 0], [1, 2], [1, 10], [1, 11], [1, 27], [2, 1], [2, 10], [2, 11], [2, 28], [3, 4], [3, 5], [3, 15], [3, 16], [3, 22], [3, 23], [4, 3], [4, 5], [4, 14], [4, 23], [5, 3], [5, 4], [5, 14], [5, 29], [6, 7], [6, 8], [6, 9], [6, 17], [6, 32], [6, 33], [7, 6], [7, 8], [7, 9], [7, 34], [8, 6], [8, 7], [8, 9], [9, 6], [9, 7], [9, 8], [9, 19], [10, 1], [10, 2], [10, 11], [11, 1], [11, 2], [11, 10], [11, 41], [12, 0], [12, 13], [12, 42], [13, 0], [13, 12], [13, 14], [13, 43], [14, 4], [14, 5], [14, 13], [14, 15], [14, 16], [14, 37], [14, 38], [15, 3], [15, 14], [15, 16], [15, 38], [16, 3], [16, 14], [16, 15], [16, 44], [17, 6], [17, 18], [17, 19], [17, 47], [17, 48], [18, 17], [18, 19], [18, 34], [18, 49], [19, 9], [19, 17], [19, 18], [20, 26], [20, 27], [20, 41], [20, 42], [21, 22], [21, 28], [21, 37], [21, 43], [22, 3], [22, 21], [22, 23], [22, 36], [22, 38], [23, 3], [23, 4], [23, 22], [23, 37], [24, 25], [24, 32], [24, 40], [24, 47], [25, 24], [25, 29], [25, 39], [25, 44], [26, 20], [26, 27], [26, 35], [26, 42], [27, 1], [27, 20], [27, 26], [28, 2], [28, 21], [28, 36], [29, 5], [29, 25], [29, 40], [30, 31], [30, 34], [30, 46], [30, 49], [31, 30], [31, 33], [31, 45], [31, 48], [32, 6], [32, 24], [32, 39], [33, 6], [33, 31], [33, 46], [34, 7], [34, 18], [34, 30], [34, 45], [34, 49], [35, 26], [35, 41], [35, 42], [36, 22], [36, 28], [36, 37], [36, 43], [37, 14], [37, 21], [37, 23], [37, 36], [37, 38], [38, 14], [38, 15], [38, 22], [38, 37], [39, 25], [39, 32], [39, 40], [39, 47], [40, 24], [40, 29], [40, 39], [40, 44], [41, 11], [41, 20], [41, 35], [42, 12], [42, 20], [42, 26], [42, 35], [43, 13], [43, 21], [43, 36], [44, 16], [44, 25], [44, 40], [45, 31], [45, 34], [45, 46], [45, 49], [46, 30], [46, 33], [46, 45], [46, 48], [47, 17], [47, 24], [47, 39], [48, 17], [48, 31], [48, 46], [49, 18], [49, 30], [49, 34], [49, 45]], "target": 1, "label": {"0": "0", "1": "0", "2": "0", "3": "0", "4": "0", "5": "0", "6": "0", "7": "0", "8": "0", "9": "0", "10": "0", "11": "0", "12": "0", "13": "0", "14": "0", "15": "0", "16": "0", "17": "0", "18": "0", "19": "0", "20": "1", "21": "1", "22": "1", "23": "1", "24": "1", "25": "1", "26": "1", "27": "1", "28": "1", "29": "1", "30": "1", "31": "1", "32": "1", "33": "1", "34": "1", "35": "1", "36": "1", "37": "1", "38": "1", "39": "1", "40": "1", "41": "1", "42": "1", "43": "1", "44": "1", "45": "1", "46": "1", "47": "1", "48": "1", "49": "1"}}