{"edges": [[0, 1], [0, 10], [1, 0], [1, 2], [1, 9], [1, 10], [1, 18], [2, 1], [2, 3], [2, 9], [2, 19], [3, 2], [3, 4], [3, 5], [3, 12], [3, 13], [3, 22], [3, 23], [4, 3], [4, 5], [4, 11], [4, 23], [5, 3], [5, 4], [5, 11], [5, 25], [6, 7], [6, 8], [6, 14], [6, 26], [6, 29], [7, 6], [7, 8], [7, 16], [7, 30], [8, 6], [8, 7], [8, 16], [9, 1], [9, 2], [9, 10], [9, 32], [10, 0], [10, 1], [10, 9], [10, 11], [10, 38], [10, 39], [11, 4], [11, 5], [11, 10], [11, 12], [11, 13], [11, 34], [11, 35], [12, 3], [12, 11], [12, 13], [12, 35], [13, 3], [13, 11], [13, 12], [13, 43], [14, 6], [14, 15], [14, 16], [14, 40], [14, 44], [15, 14], [15, 16], [15, 30], [15, 45], [16, 7], [16, 8], [16, 14], [16, 15], [17, 24], [17, 25], [17, 36], [17, 37], [17, 43], [18, 1], [18, 20], [18, 32], [19, 2], [19, 21], [19, 33], [19, 39], [20, 18], [20, 38], [21, 19], [21, 22], [21, 39], [22, 3], [22, 21], [22, 23], [22, 34], [22, 35], [23, 3], [23, 4], [23, 22], [23, 34], [24, 17], [24, 25], [24, 26], [24, 36], [24, 40], [25, 5], [25, 17], [25, 24], [25, 31], [25, 36], [25, 37], [26, 6], [26, 24], [26, 36], [27, 28], [27, 29], [27, 42], [27, 44], [28, 27], [28, 30], [28, 41], [28, 42], [28, 45], [29, 6], [29, 27], [29, 41], [30, 7], [30, 15], [30, 28], [30, 42], [30, 45], [31, 25], [31, 36], [31, 37], [31, 43], [32, 9], [32, 18], [32, 38], [33, 19], [33, 34], [33, 39], [34, 11], [34, 22], [34, 23], [34, 33], [34, 35], [35, 11], [35, 12], [35, 22], [35, 34], [36, 17], [36, 24], [36, 25], [36, 26], [36, 31], [36, 40], [37, 17], [37, 25], [37, 31], [37, 43], [38, 10], [38, 20], [38, 32], [39, 10], [39, 19], [39, 21], [39, 33], [40, 14], [40, 24], [40, 36], [41, 28], [41, 29], [41, 42], [41, 44], [42, 27], [42, 28], [42, 30], [42, 41], [42, 45], [43, 13], [43, 17], [43, 31], [43, 37], [44, 14], [44, 27], [44, 41], [45, 15], [45, 28], [45, 30], [45, 42]], "target": 1, "label": {"0": "0", "1": "0", "2": "0", "3": "0", "4": "0", "5": "0", "6": "0", "7": "0", "8": "0", "9": "0", "10": "0", "11": "0", "12": "0", "13": "0", "14": "0", "15": "0", "16": "0", "17": "1", "18": "1", "19": "1", "20": "1", "21": "1", "22": "1", "23": "1", "24": "1", "25": "1", "26": "1", "27": "1", "28": "1", "29": "1", "30": "1", "31": "1", "32": "1", "33": "1", "34": "1", "35": "1", "36": "1", "37": "1", "38": "1", "39": "1", "40": "1", "41": "1", "42": "1", "43": "1", "44": "1", "45": "1"}}