{"edges": [[0, 1], [0, 16], [1, 0], [1, 2], [1, 3], [1, 15], [1, 31], [2, 1], [2, 3], [2, 18], [2, 33], [3, 1], [3, 2], [3, 4], [3, 35], [4, 3], [4, 5], [4, 20], [4, 34], [5, 4], [5, 6], [5, 19], [5, 36], [6, 5], [6, 7], [6, 20], [6, 36], [6, 38], [7, 6], [7, 8], [7, 9], [7, 37], [8, 7], [8, 9], [8, 10], [9, 7], [9, 8], [9, 10], [10, 8], [10, 9], [10, 11], [10, 26], [11, 10], [11, 12], [11, 26], [12, 11], [12, 13], [12, 14], [12, 29], [13, 12], [13, 14], [13, 30], [14, 12], [14, 13], [14, 29], [15, 1], [15, 16], [16, 0], [16, 15], [16, 17], [16, 18], [16, 40], [17, 16], [17, 18], [17, 19], [17, 42], [18, 2], [18, 16], [18, 17], [18, 19], [18, 44], [19, 5], [19, 17], [19, 18], [19, 20], [19, 43], [20, 4], [20, 6], [20, 19], [20, 21], [20, 45], [21, 20], [21, 22], [21, 45], [21, 47], [22, 21], [22, 23], [22, 24], [22, 46], [23, 22], [23, 24], [23, 25], [24, 22], [24, 23], [24, 25], [25, 23], [25, 24], [25, 26], [26, 10], [26, 11], [26, 25], [26, 27], [26, 28], [27, 26], [27, 28], [27, 29], [28, 26], [28, 27], [28, 29], [28, 30], [29, 12], [29, 14], [29, 27], [29, 28], [29, 30], [30, 13], [30, 28], [30, 29], [31, 1], [31, 32], [31, 40], [31, 41], [32, 31], [32, 33], [32, 40], [32, 41], [32, 42], [33, 2], [33, 32], [33, 41], [34, 4], [34, 35], [34, 44], [35, 3], [35, 34], [35, 43], [36, 5], [36, 6], [36, 38], [36, 47], [37, 7], [37, 39], [37, 48], [38, 6], [38, 36], [38, 39], [38, 45], [38, 48], [39, 37], [39, 38], [39, 46], [39, 47], [39, 48], [40, 16], [40, 31], [40, 32], [40, 41], [41, 31], [41, 32], [41, 33], [41, 40], [41, 42], [42, 17], [42, 32], [42, 41], [43, 19], [43, 35], [43, 44], [44, 18], [44, 34], [44, 43], [45, 20], [45, 21], [45, 38], [45, 47], [46, 22], [46, 39], [46, 48], [47, 21], [47, 36], [47, 39], [47, 45], [47, 48], [48, 37], [48, 38], [48, 39], [48, 46], [48, 47]], "target": 1, "label": {"0": "0", "1": "0", "2": "0", "3": "0", "4": "0", "5": "0", "6": "0", "7": "0", "8": "0", "9": "0", "10": "0", "11": "0", "12": "0", "13": "0", "14": "0", "15": "0", "16": "0", "17": "0", "18": "0", "19": "0", "20": "0", "21": "0", "22": "0", "23": "0", "24": "0", "25": "0", "26": "0", "27": "0", "28": "0", "29": "0", "30": "0", "31": "1", "32": "1", "33": "1", "34": "1", "35": "1", "36": "1", "37": "1", "38": "1", "39": "1", "40": "1", "41": "1", "42": "1", "43": "1", "44": "1", "45": "1", "46": "1", "47": "1", "48": "1"}}