{"edges": [[0, 1], [0, 3], [0, 8], [1, 0], [1, 2], [1, 3], [2, 1], [2, 3], [2, 7], [3, 0], [3, 1], [3, 2], [3, 4], [3, 8], [3, 9], [4, 3], [4, 8], [4, 9], [5, 6], [5, 7], [5, 10], [5, 11], [6, 5], [6, 7], [6, 10], [6, 11], [7, 2], [7, 5], [7, 6], [7, 11], [8, 0], [8, 3], [8, 4], [8, 9], [9, 3], [9, 4], [9, 8], [10, 5], [10, 6], [10, 11], [11, 5], [11, 6], [11, 7], [11, 10]], "target": 1, "label": {"0": "0", "1": "0", "2": "0", "3": "1", "4": "1", "5": "1", "6": "1", "7": "1", "8": "1", "9": "1", "10": "1", "11": "1"}}