{"edges": [[0, 1], [0, 7], [0, 13], [1, 0], [1, 2], [1, 7], [1, 8], [1, 13], [2, 1], [2, 7], [2, 13], [3, 4], [3, 10], [4, 3], [4, 5], [4, 9], [5, 4], [5, 6], [5, 12], [6, 5], [6, 7], [6, 11], [6, 13], [7, 0], [7, 1], [7, 2], [7, 6], [7, 8], [7, 12], [7, 13], [8, 1], [8, 7], [8, 13], [9, 4], [9, 10], [10, 3], [10, 9], [10, 11], [11, 6], [11, 10], [11, 12], [12, 5], [12, 7], [12, 11], [12, 13], [13, 0], [13, 1], [13, 2], [13, 6], [13, 7], [13, 8], [13, 12]], "target": 1, "label": {"0": "0", "1": "0", "2": "1", "3": "1", "4": "1", "5": "1", "6": "1", "7": "1", "8": "1", "9": "1", "10": "1", "11": "1", "12": "1", "13": "1"}}