{"edges": [[0, 1], [0, 2], [0, 13], [0, 22], [1, 0], [1, 2], [1, 3], [1, 13], [1, 14], [1, 15], [1, 17], [2, 0], [2, 1], [2, 3], [2, 4], [2, 16], [2, 17], [3, 1], [3, 2], [3, 4], [3, 16], [4, 2], [4, 3], [4, 16], [4, 19], [5, 6], [5, 7], [5, 19], [5, 20], [5, 21], [6, 5], [6, 7], [6, 8], [7, 5], [7, 6], [7, 8], [8, 6], [8, 7], [8, 9], [8, 10], [9, 8], [9, 10], [9, 11], [9, 12], [9, 18], [10, 8], [10, 9], [10, 11], [10, 12], [10, 18], [11, 9], [11, 10], [11, 12], [12, 9], [12, 10], [12, 11], [12, 18], [13, 0], [13, 1], [13, 14], [13, 15], [13, 22], [14, 1], [14, 13], [14, 15], [14, 22], [15, 1], [15, 13], [15, 14], [15, 16], [15, 17], [16, 2], [16, 3], [16, 4], [16, 15], [16, 17], [17, 1], [17, 2], [17, 15], [17, 16], [18, 9], [18, 10], [18, 12], [19, 4], [19, 5], [19, 20], [19, 21], [20, 5], [20, 19], [20, 21], [21, 5], [21, 19], [21, 20], [22, 0], [22, 13], [22, 14]], "target": 1, "label": {"0": "0", "1": "0", "2": "0", "3": "0", "4": "0", "5": "0", "6": "0", "7": "0", "8": "0", "9": "0", "10": "0", "11": "0", "12": "0", "13": "1", "14": "1", "15": "1", "16": "1", "17": "1", "18": "1", "19": "1", "20": "1", "21": "1", "22": "1"}}