{"edges": [[0, 1], [0, 2], [0, 14], [0, 23], [1, 0], [1, 2], [1, 3], [1, 14], [1, 15], [1, 16], [2, 0], [2, 1], [2, 3], [2, 4], [2, 16], [2, 17], [2, 18], [3, 1], [3, 2], [3, 4], [3, 17], [4, 2], [4, 3], [4, 17], [4, 20], [5, 6], [5, 7], [5, 8], [5, 22], [6, 5], [6, 7], [6, 8], [6, 20], [6, 21], [6, 22], [7, 5], [7, 6], [7, 8], [8, 5], [8, 6], [8, 7], [8, 9], [9, 8], [9, 10], [9, 11], [10, 9], [10, 11], [10, 12], [10, 13], [11, 9], [11, 10], [11, 12], [11, 13], [11, 19], [12, 10], [12, 11], [12, 13], [12, 19], [13, 10], [13, 11], [13, 12], [13, 19], [14, 0], [14, 1], [14, 15], [14, 16], [14, 23], [15, 1], [15, 14], [15, 16], [15, 23], [16, 1], [16, 2], [16, 14], [16, 15], [16, 17], [16, 18], [17, 2], [17, 3], [17, 4], [17, 16], [17, 18], [18, 2], [18, 16], [18, 17], [19, 11], [19, 12], [19, 13], [20, 4], [20, 6], [20, 21], [20, 22], [21, 6], [21, 20], [21, 22], [22, 5], [22, 6], [22, 20], [22, 21], [23, 0], [23, 14], [23, 15]], "target": 1, "label": {"0": "0", "1": "0", "2": "0", "3": "0", "4": "0", "5": "0", "6": "0", "7": "0", "8": "0", "9": "0", "10": "0", "11": "0", "12": "0", "13": "0", "14": "1", "15": "1", "16": "1", "17": "1", "18": "1", "19": "1", "20": "1", "21": "1", "22": "1", "23": "1"}}