{"edges": [[0, 22], [0, 23], [0, 25], [1, 2], [1, 24], [1, 28], [2, 1], [2, 3], [2, 24], [2, 28], [2, 31], [3, 2], [3, 4], [3, 29], [3, 31], [4, 3], [4, 5], [4, 6], [4, 32], [5, 4], [5, 6], [5, 7], [6, 4], [6, 5], [6, 7], [7, 5], [7, 6], [7, 8], [7, 9], [8, 7], [8, 9], [8, 10], [9, 7], [9, 8], [9, 10], [10, 8], [10, 9], [10, 11], [11, 10], [11, 12], [11, 13], [11, 14], [12, 11], [12, 13], [12, 14], [13, 11], [13, 12], [13, 14], [14, 11], [14, 12], [14, 13], [14, 15], [15, 14], [15, 16], [15, 17], [15, 18], [15, 19], [16, 15], [16, 17], [16, 18], [16, 19], [17, 15], [17, 16], [17, 18], [18, 15], [18, 16], [18, 17], [18, 19], [19, 15], [19, 16], [19, 18], [20, 21], [20, 22], [20, 26], [20, 27], [21, 20], [21, 22], [21, 23], [21, 26], [21, 27], [22, 0], [22, 20], [22, 21], [22, 23], [23, 0], [23, 21], [23, 22], [23, 25], [24, 1], [24, 2], [24, 25], [24, 28], [25, 0], [25, 23], [25, 24], [25, 28], [26, 20], [26, 21], [26, 27], [27, 20], [27, 21], [27, 26], [28, 1], [28, 2], [28, 24], [28, 25], [29, 3], [29, 30], [29, 31], [29, 32], [30, 29], [30, 31], [30, 32], [31, 2], [31, 3], [31, 29], [31, 30], [31, 32], [32, 4], [32, 29], [32, 30], [32, 31]], "target": 1, "label": {"0": "0", "1": "0", "2": "0", "3": "0", "4": "0", "5": "0", "6": "0", "7": "0", "8": "0", "9": "0", "10": "0", "11": "0", "12": "0", "13": "0", "14": "0", "15": "0", "16": "0", "17": "0", "18": "0", "19": "0", "20": "1", "21": "1", "22": "1", "23": "1", "24": "1", "25": "1", "26": "1", "27": "1", "28": "1", "29": "1", "30": "1", "31": "1", "32": "1"}}