{"edges": [[0, 1], [0, 16], [0, 18], [1, 0], [1, 2], [1, 18], [1, 23], [2, 1], [2, 3], [2, 17], [2, 24], [3, 2], [3, 4], [3, 24], [4, 3], [4, 5], [4, 25], [4, 26], [5, 4], [5, 6], [5, 7], [5, 25], [5, 26], [6, 5], [6, 7], [6, 8], [7, 5], [7, 6], [7, 8], [8, 6], [8, 7], [8, 9], [9, 8], [9, 10], [9, 11], [10, 9], [10, 11], [10, 12], [10, 13], [11, 9], [11, 10], [11, 12], [11, 13], [12, 10], [12, 11], [12, 13], [13, 10], [13, 11], [13, 12], [14, 15], [14, 19], [14, 20], [15, 14], [15, 16], [15, 18], [15, 19], [15, 20], [15, 21], [16, 0], [16, 15], [16, 18], [16, 20], [16, 21], [17, 2], [17, 22], [17, 23], [17, 24], [18, 0], [18, 1], [18, 15], [18, 16], [18, 21], [19, 14], [19, 15], [19, 20], [20, 14], [20, 15], [20, 16], [20, 19], [20, 21], [21, 15], [21, 16], [21, 18], [21, 20], [22, 17], [22, 23], [22, 24], [23, 1], [23, 17], [23, 22], [23, 24], [24, 2], [24, 3], [24, 17], [24, 22], [24, 23], [25, 4], [25, 5], [25, 26], [26, 4], [26, 5], [26, 25]], "target": 1, "label": {"0": "0", "1": "0", "2": "0", "3": "0", "4": "0", "5": "0", "6": "0", "7": "0", "8": "0", "9": "0", "10": "0", "11": "0", "12": "0", "13": "0", "14": "1", "15": "1", "16": "1", "17": "1", "18": "1", "19": "1", "20": "1", "21": "1", "22": "1", "23": "1", "24": "1", "25": "1", "26": "1"}}