{"edges": [[0, 1], [0, 2], [0, 3], [0, 14], [0, 15], [1, 0], [1, 2], [1, 3], [1, 14], [1, 15], [1, 18], [2, 0], [2, 1], [2, 3], [2, 4], [2, 20], [3, 0], [3, 1], [3, 2], [3, 4], [3, 5], [3, 19], [4, 2], [4, 3], [4, 5], [4, 21], [5, 3], [5, 4], [5, 6], [5, 7], [5, 21], [5, 23], [6, 5], [6, 7], [6, 8], [6, 22], [7, 5], [7, 6], [7, 8], [7, 9], [8, 6], [8, 7], [8, 9], [9, 7], [9, 8], [9, 10], [10, 9], [10, 11], [10, 12], [10, 13], [11, 10], [11, 12], [11, 13], [12, 10], [12, 11], [12, 13], [13, 10], [13, 11], [13, 12], [14, 0], [14, 1], [14, 15], [15, 0], [15, 1], [15, 14], [16, 17], [16, 18], [16, 20], [17, 16], [17, 18], [17, 20], [18, 1], [18, 16], [18, 17], [18, 19], [18, 20], [19, 3], [19, 18], [19, 20], [19, 21], [20, 2], [20, 16], [20, 17], [20, 18], [20, 19], [21, 4], [21, 5], [21, 19], [21, 22], [21, 23], [21, 24], [22, 6], [22, 21], [22, 23], [22, 24], [23, 5], [23, 21], [23, 22], [23, 24], [24, 21], [24, 22], [24, 23]], "target": 1, "label": {"0": "0", "1": "0", "2": "0", "3": "0", "4": "0", "5": "0", "6": "0", "7": "0", "8": "0", "9": "0", "10": "0", "11": "0", "12": "0", "13": "0", "14": "0", "15": "0", "16": "1", "17": "1", "18": "1", "19": "1", "20": "1", "21": "1", "22": "1", "23": "1", "24": "1"}}