{"edges": [[0, 1], [0, 21], [0, 22], [1, 0], [1, 22], [1, 23], [1, 25], [2, 3], [2, 4], [2, 24], [3, 2], [3, 4], [3, 24], [3, 26], [4, 2], [4, 3], [4, 5], [4, 6], [4, 26], [4, 27], [5, 4], [5, 6], [5, 7], [5, 8], [5, 27], [6, 4], [6, 5], [6, 7], [6, 8], [7, 5], [7, 6], [7, 8], [8, 5], [8, 6], [8, 7], [8, 9], [9, 8], [9, 10], [9, 11], [10, 9], [10, 11], [10, 12], [11, 9], [11, 10], [11, 12], [12, 10], [12, 11], [12, 13], [12, 14], [13, 12], [13, 14], [13, 15], [13, 16], [14, 12], [14, 13], [14, 15], [14, 16], [14, 17], [15, 13], [15, 14], [15, 16], [15, 17], [15, 18], [16, 13], [16, 14], [16, 15], [16, 17], [16, 18], [17, 14], [17, 15], [17, 16], [17, 18], [18, 15], [18, 16], [18, 17], [19, 20], [19, 21], [19, 22], [20, 19], [20, 21], [20, 22], [21, 0], [21, 19], [21, 20], [21, 22], [21, 23], [22, 0], [22, 1], [22, 19], [22, 20], [22, 21], [22, 23], [23, 1], [23, 21], [23, 22], [23, 25], [24, 2], [24, 3], [24, 25], [25, 1], [25, 23], [25, 24], [26, 3], [26, 4], [26, 27], [27, 4], [27, 5], [27, 26]], "target": 1, "label": {"0": "0", "1": "0", "2": "0", "3": "0", "4": "0", "5": "0", "6": "0", "7": "0", "8": "0", "9": "0", "10": "0", "11": "0", "12": "0", "13": "0", "14": "0", "15": "0", "16": "0", "17": "0", "18": "0", "19": "1", "20": "1", "21": "1", "22": "1", "23": "1", "24": "1", "25": "1", "26": "1", "27": "1"}}