{"edges": [[0, 2], [0, 6], [0, 10], [1, 4], [1, 8], [1, 10], [2, 0], [2, 6], [2, 10], [3, 4], [3, 5], [3, 7], [3, 8], [3, 9], [3, 11], [4, 1], [4, 3], [4, 7], [4, 8], [5, 3], [5, 7], [5, 9], [5, 11], [6, 0], [6, 2], [6, 10], [7, 3], [7, 4], [7, 5], [7, 8], [8, 1], [8, 3], [8, 4], [8, 7], [9, 3], [9, 5], [9, 11], [10, 0], [10, 1], [10, 2], [10, 6], [11, 3], [11, 5], [11, 9]], "target": 1, "label": {"0": "1", "1": "1", "2": "1", "3": "1", "4": "1", "5": "1", "6": "1", "7": "1", "8": "1", "9": "1", "10": "1", "11": "1"}}