{"edges": [[0, 1], [0, 16], [0, 17], [0, 18], [1, 0], [1, 2], [1, 16], [1, 17], [1, 18], [2, 1], [2, 3], [2, 19], [3, 2], [3, 19], [3, 20], [3, 21], [4, 5], [4, 6], [4, 20], [5, 4], [5, 6], [5, 20], [5, 22], [6, 4], [6, 5], [6, 7], [6, 22], [6, 24], [7, 6], [7, 8], [7, 9], [7, 23], [8, 7], [8, 9], [8, 10], [9, 7], [9, 8], [9, 10], [10, 8], [10, 9], [10, 11], [11, 10], [11, 12], [11, 13], [12, 11], [12, 13], [12, 14], [12, 15], [13, 11], [13, 12], [13, 14], [13, 15], [14, 12], [14, 13], [14, 15], [15, 12], [15, 13], [15, 14], [16, 0], [16, 1], [16, 17], [17, 0], [17, 1], [17, 16], [17, 18], [17, 19], [18, 0], [18, 1], [18, 17], [18, 19], [19, 2], [19, 3], [19, 17], [19, 18], [19, 21], [20, 3], [20, 4], [20, 5], [20, 21], [21, 3], [21, 19], [21, 20], [22, 5], [22, 6], [22, 23], [22, 24], [22, 25], [23, 7], [23, 22], [23, 24], [23, 25], [24, 6], [24, 22], [24, 23], [24, 25], [25, 22], [25, 23], [25, 24]], "target": 1, "label": {"0": "0", "1": "0", "2": "0", "3": "0", "4": "0", "5": "0", "6": "0", "7": "0", "8": "0", "9": "0", "10": "0", "11": "0", "12": "0", "13": "0", "14": "0", "15": "0", "16": "0", "17": "1", "18": "1", "19": "1", "20": "1", "21": "1", "22": "1", "23": "1", "24": "1", "25": "1"}}