{"edges": [[0, 1], [0, 2], [0, 3], [1, 0], [1, 2], [1, 3], [1, 4], [2, 0], [2, 1], [2, 3], [2, 4], [3, 0], [3, 1], [3, 2], [3, 4], [3, 5], [3, 17], [4, 1], [4, 2], [4, 3], [4, 5], [4, 17], [5, 3], [5, 4], [5, 6], [6, 5], [6, 7], [6, 19], [7, 6], [7, 18], [7, 24], [8, 9], [8, 10], [8, 25], [9, 8], [9, 10], [9, 11], [10, 8], [10, 9], [10, 11], [11, 9], [11, 10], [11, 23], [12, 13], [12, 14], [12, 15], [13, 12], [13, 14], [13, 15], [13, 16], [14, 12], [14, 13], [14, 15], [14, 16], [15, 12], [15, 13], [15, 14], [15, 16], [16, 13], [16, 14], [16, 15], [16, 17], [17, 3], [17, 4], [17, 16], [17, 18], [18, 7], [18, 17], [18, 19], [19, 6], [19, 18], [19, 26], [20, 21], [20, 22], [20, 27], [21, 20], [21, 22], [21, 23], [22, 20], [22, 21], [22, 23], [23, 11], [23, 21], [23, 22], [24, 7], [24, 25], [24, 27], [25, 8], [25, 24], [25, 26], [25, 27], [26, 19], [26, 25], [26, 27], [27, 20], [27, 24], [27, 25], [27, 26]], "target": 1, "label": {"0": "0", "1": "0", "2": "0", "3": "0", "4": "0", "5": "0", "6": "0", "7": "0", "8": "0", "9": "0", "10": "0", "11": "0", "12": "0", "13": "0", "14": "0", "15": "0", "16": "0", "17": "0", "18": "0", "19": "0", "20": "0", "21": "0", "22": "0", "23": "0", "24": "1", "25": "1", "26": "1", "27": "1"}}