{"edges": [[0, 10], [0, 12], [0, 13], [1, 2], [1, 10], [1, 11], [1, 14], [2, 1], [2, 14], [2, 15], [3, 15], [3, 16], [3, 18], [4, 5], [4, 17], [4, 20], [5, 4], [5, 6], [5, 19], [5, 20], [6, 5], [6, 7], [6, 19], [6, 21], [6, 22], [7, 6], [7, 8], [7, 9], [7, 21], [7, 22], [8, 7], [8, 9], [8, 22], [9, 7], [9, 8], [9, 22], [10, 0], [10, 1], [10, 11], [10, 12], [10, 13], [11, 1], [11, 10], [11, 12], [11, 14], [12, 0], [12, 10], [12, 11], [12, 13], [13, 0], [13, 10], [13, 12], [14, 1], [14, 2], [14, 11], [14, 15], [15, 2], [15, 3], [15, 14], [16, 3], [16, 17], [16, 18], [17, 4], [17, 16], [17, 18], [17, 20], [18, 3], [18, 16], [18, 17], [18, 20], [19, 5], [19, 6], [19, 20], [19, 21], [20, 4], [20, 5], [20, 17], [20, 18], [20, 19], [21, 6], [21, 7], [21, 19], [21, 22], [22, 6], [22, 7], [22, 8], [22, 9], [22, 21]], "target": 5, "label": {"0": "0", "1": "0", "2": "0", "3": "0", "4": "0", "5": "0", "6": "0", "7": "0", "8": "0", "9": "0", "10": "1", "11": "1", "12": "1", "13": "1", "14": "1", "15": "1", "16": "1", "17": "1", "18": "1", "19": "1", "20": "1", "21": "1", "22": "1"}}