{"edges": [[0, 21], [0, 22], [0, 24], [1, 2], [1, 23], [1, 25], [2, 1], [2, 3], [2, 23], [2, 25], [2, 26], [3, 2], [3, 4], [3, 5], [3, 26], [3, 27], [4, 3], [4, 5], [4, 6], [4, 7], [4, 27], [5, 3], [5, 4], [5, 6], [5, 7], [6, 4], [6, 5], [6, 7], [7, 4], [7, 5], [7, 6], [7, 8], [8, 7], [8, 9], [8, 10], [9, 8], [9, 10], [9, 11], [10, 8], [10, 9], [10, 11], [11, 9], [11, 10], [11, 12], [11, 13], [12, 11], [12, 13], [12, 14], [12, 15], [13, 11], [13, 12], [13, 14], [13, 15], [13, 16], [14, 12], [14, 13], [14, 15], [14, 16], [14, 17], [15, 12], [15, 13], [15, 14], [15, 16], [15, 17], [16, 13], [16, 14], [16, 15], [16, 17], [17, 14], [17, 15], [17, 16], [18, 19], [18, 20], [18, 21], [19, 18], [19, 20], [19, 21], [20, 18], [20, 19], [20, 21], [20, 22], [21, 0], [21, 18], [21, 19], [21, 20], [21, 22], [22, 0], [22, 20], [22, 21], [22, 24], [23, 1], [23, 2], [23, 24], [23, 25], [24, 0], [24, 22], [24, 23], [24, 25], [25, 1], [25, 2], [25, 23], [25, 24], [26, 2], [26, 3], [26, 27], [27, 3], [27, 4], [27, 26]], "target": 1, "label": {"0": "0", "1": "0", "2": "0", "3": "0", "4": "0", "5": "0", "6": "0", "7": "0", "8": "0", "9": "0", "10": "0", "11": "0", "12": "0", "13": "0", "14": "0", "15": "0", "16": "0", "17": "0", "18": "1", "19": "1", "20": "1", "21": "1", "22": "1", "23": "1", "24": "1", "25": "1", "26": "1", "27": "1"}}