{"edges": [[0, 16], [0, 17], [0, 18], [1, 2], [1, 17], [1, 18], [1, 19], [1, 21], [2, 1], [2, 19], [2, 20], [2, 21], [3, 4], [3, 5], [3, 20], [4, 3], [4, 5], [4, 20], [5, 3], [5, 4], [5, 22], [5, 23], [6, 7], [6, 8], [6, 23], [7, 6], [7, 8], [7, 9], [7, 22], [7, 23], [8, 6], [8, 7], [8, 9], [9, 7], [9, 8], [9, 10], [10, 9], [10, 11], [10, 12], [11, 10], [11, 12], [11, 13], [11, 14], [12, 10], [12, 11], [12, 13], [12, 14], [12, 15], [13, 11], [13, 12], [13, 14], [13, 15], [14, 11], [14, 12], [14, 13], [14, 15], [15, 12], [15, 13], [15, 14], [16, 0], [16, 17], [16, 18], [17, 0], [17, 1], [17, 16], [17, 18], [17, 19], [18, 0], [18, 1], [18, 16], [18, 17], [18, 19], [19, 1], [19, 2], [19, 17], [19, 18], [20, 2], [20, 3], [20, 4], [20, 21], [21, 1], [21, 2], [21, 20], [22, 5], [22, 7], [22, 23], [23, 5], [23, 6], [23, 7], [23, 22]], "target": 1, "label": {"0": "0", "1": "0", "2": "0", "3": "0", "4": "0", "5": "0", "6": "0", "7": "0", "8": "0", "9": "0", "10": "0", "11": "0", "12": "0", "13": "0", "14": "0", "15": "0", "16": "0", "17": "1", "18": "1", "19": "1", "20": "1", "21": "1", "22": "1", "23": "1"}}