{"edges": [[0, 1], [0, 15], [0, 20], [1, 0], [1, 15], [1, 19], [1, 20], [2, 3], [2, 18], [2, 19], [3, 2], [3, 16], [3, 18], [3, 19], [4, 5], [4, 16], [4, 17], [5, 4], [5, 6], [5, 17], [5, 21], [6, 5], [6, 21], [6, 22], [7, 8], [7, 9], [7, 22], [8, 7], [8, 9], [8, 10], [9, 7], [9, 8], [9, 10], [10, 8], [10, 9], [10, 11], [11, 10], [11, 12], [11, 13], [11, 14], [12, 11], [12, 13], [12, 14], [13, 11], [13, 12], [13, 14], [14, 11], [14, 12], [14, 13], [15, 0], [15, 1], [15, 20], [16, 3], [16, 4], [16, 17], [17, 4], [17, 5], [17, 16], [18, 2], [18, 3], [18, 19], [18, 20], [19, 1], [19, 2], [19, 3], [19, 18], [19, 20], [20, 0], [20, 1], [20, 15], [20, 18], [20, 19], [21, 5], [21, 6], [21, 22], [22, 6], [22, 7], [22, 21]], "target": 1, "label": {"0": "0", "1": "0", "2": "0", "3": "0", "4": "0", "5": "0", "6": "0", "7": "0", "8": "0", "9": "0", "10": "0", "11": "0", "12": "0", "13": "0", "14": "0", "15": "0", "16": "1", "17": "1", "18": "1", "19": "1", "20": "1", "21": "1", "22": "1"}}