{"edges": [[0, 1], [0, 15], [0, 20], [1, 0], [1, 2], [1, 3], [1, 14], [1, 18], [2, 1], [2, 3], [2, 4], [2, 5], [2, 19], [3, 1], [3, 2], [3, 4], [3, 5], [4, 2], [4, 3], [4, 5], [5, 2], [5, 3], [5, 4], [5, 6], [5, 21], [6, 5], [6, 7], [6, 8], [6, 21], [6, 22], [6, 25], [7, 6], [7, 8], [7, 9], [8, 6], [8, 7], [8, 9], [8, 10], [8, 11], [9, 7], [9, 8], [9, 10], [9, 11], [9, 12], [10, 8], [10, 9], [10, 11], [10, 12], [11, 8], [11, 9], [11, 10], [11, 12], [11, 23], [12, 9], [12, 10], [12, 11], [12, 24], [12, 26], [13, 14], [13, 15], [13, 16], [13, 18], [13, 19], [13, 20], [14, 1], [14, 13], [14, 18], [14, 19], [15, 0], [15, 13], [15, 16], [15, 18], [15, 20], [16, 13], [16, 15], [16, 20], [17, 23], [17, 24], [17, 26], [18, 1], [18, 13], [18, 14], [18, 15], [18, 19], [18, 20], [19, 2], [19, 13], [19, 14], [19, 18], [20, 0], [20, 13], [20, 15], [20, 16], [20, 18], [21, 5], [21, 6], [21, 22], [21, 25], [22, 6], [22, 21], [22, 25], [23, 11], [23, 17], [23, 24], [23, 26], [24, 12], [24, 17], [24, 23], [24, 26], [25, 6], [25, 21], [25, 22], [26, 12], [26, 17], [26, 23], [26, 24]], "target": 1, "label": {"0": "0", "1": "0", "2": "0", "3": "0", "4": "0", "5": "0", "6": "0", "7": "0", "8": "0", "9": "0", "10": "0", "11": "0", "12": "0", "13": "1", "14": "1", "15": "1", "16": "1", "17": "1", "18": "1", "19": "1", "20": "1", "21": "1", "22": "1", "23": "1", "24": "1", "25": "1", "26": "1"}}