{"edges": [[0, 1], [0, 2], [0, 17], [1, 0], [1, 2], [1, 17], [2, 0], [2, 1], [2, 3], [2, 17], [2, 18], [3, 2], [3, 18], [3, 19], [4, 27], [4, 28], [4, 29], [5, 6], [5, 29], [5, 30], [6, 5], [6, 7], [6, 30], [6, 31], [7, 6], [7, 8], [7, 30], [7, 31], [8, 7], [8, 9], [8, 31], [8, 32], [9, 8], [9, 31], [9, 32], [10, 11], [10, 32], [10, 33], [11, 10], [11, 12], [11, 33], [12, 11], [12, 13], [12, 33], [13, 12], [13, 14], [13, 34], [14, 13], [14, 15], [14, 34], [14, 35], [15, 14], [15, 16], [15, 35], [15, 36], [16, 15], [16, 36], [16, 37], [16, 38], [17, 0], [17, 1], [17, 2], [17, 18], [18, 2], [18, 3], [18, 17], [19, 3], [19, 20], [19, 21], [20, 19], [20, 21], [20, 22], [21, 19], [21, 20], [21, 22], [21, 23], [22, 20], [22, 21], [22, 23], [23, 21], [23, 22], [23, 24], [24, 23], [24, 25], [24, 26], [25, 24], [25, 26], [25, 27], [26, 24], [26, 25], [26, 27], [26, 28], [27, 4], [27, 25], [27, 26], [27, 28], [28, 4], [28, 26], [28, 27], [29, 4], [29, 5], [29, 30], [30, 5], [30, 6], [30, 7], [30, 29], [31, 6], [31, 7], [31, 8], [31, 9], [32, 8], [32, 9], [32, 10], [33, 10], [33, 11], [33, 12], [34, 13], [34, 14], [34, 35], [35, 14], [35, 15], [35, 34], [35, 36], [36, 15], [36, 16], [36, 35], [36, 37], [36, 38], [37, 16], [37, 36], [37, 38], [38, 16], [38, 36], [38, 37]], "target": 1, "label": {"0": "0", "1": "0", "2": "0", "3": "0", "4": "0", "5": "0", "6": "0", "7": "0", "8": "0", "9": "0", "10": "0", "11": "0", "12": "0", "13": "0", "14": "0", "15": "0", "16": "0", "17": "1", "18": "1", "19": "1", "20": "1", "21": "1", "22": "1", "23": "1", "24": "1", "25": "1", "26": "1", "27": "1", "28": "1", "29": "1", "30": "1", "31": "1", "32": "1", "33": "1", "34": "1", "35": "1", "36": "1", "37": "1", "38": "1"}}