{"edges": [[0, 1], [0, 25], [0, 34], [1, 0], [1, 24], [1, 25], [1, 33], [1, 34], [2, 3], [2, 15], [2, 24], [2, 26], [2, 33], [3, 2], [3, 26], [3, 27], [3, 35], [3, 36], [4, 5], [4, 27], [4, 28], [4, 36], [4, 37], [5, 4], [5, 6], [5, 28], [5, 37], [6, 5], [6, 29], [6, 38], [7, 8], [7, 9], [7, 31], [7, 40], [8, 7], [8, 9], [8, 19], [8, 31], [9, 7], [9, 8], [9, 10], [10, 9], [10, 11], [10, 32], [10, 41], [11, 10], [11, 23], [11, 32], [11, 41], [12, 13], [12, 14], [12, 34], [13, 12], [13, 14], [13, 15], [13, 33], [13, 34], [14, 12], [14, 13], [14, 15], [14, 33], [14, 35], [15, 2], [15, 13], [15, 14], [15, 16], [15, 35], [15, 36], [16, 15], [16, 17], [16, 18], [16, 36], [16, 37], [17, 16], [17, 18], [17, 37], [18, 16], [18, 17], [18, 19], [18, 38], [19, 8], [19, 18], [19, 20], [19, 21], [19, 40], [20, 19], [20, 21], [20, 22], [21, 19], [21, 20], [21, 22], [21, 23], [22, 20], [22, 21], [22, 23], [23, 11], [23, 21], [23, 22], [23, 41], [24, 1], [24, 2], [24, 25], [24, 26], [24, 34], [24, 35], [25, 0], [25, 1], [25, 24], [26, 2], [26, 3], [26, 24], [26, 33], [27, 3], [27, 4], [28, 4], [28, 5], [29, 6], [29, 30], [29, 39], [30, 29], [30, 31], [30, 38], [30, 40], [31, 7], [31, 8], [31, 30], [31, 39], [32, 10], [32, 11], [32, 41], [33, 1], [33, 2], [33, 13], [33, 14], [33, 26], [33, 35], [34, 0], [34, 1], [34, 12], [34, 13], [34, 24], [35, 3], [35, 14], [35, 15], [35, 24], [35, 33], [36, 3], [36, 4], [36, 15], [36, 16], [37, 4], [37, 5], [37, 16], [37, 17], [38, 6], [38, 18], [38, 30], [38, 39], [39, 29], [39, 31], [39, 38], [39, 40], [40, 7], [40, 19], [40, 30], [40, 39], [41, 10], [41, 11], [41, 23], [41, 32]], "target": 1, "label": {"0": "0", "1": "0", "2": "0", "3": "0", "4": "0", "5": "0", "6": "0", "7": "0", "8": "0", "9": "0", "10": "0", "11": "0", "12": "0", "13": "0", "14": "0", "15": "0", "16": "0", "17": "0", "18": "0", "19": "0", "20": "0", "21": "0", "22": "0", "23": "0", "24": "1", "25": "1", "26": "1", "27": "1", "28": "1", "29": "1", "30": "1", "31": "1", "32": "1", "33": "1", "34": "1", "35": "1", "36": "1", "37": "1", "38": "1", "39": "1", "40": "1", "41": "1"}}