{"edges": [[0, 1], [0, 2], [0, 23], [1, 0], [1, 2], [1, 16], [2, 0], [2, 1], [2, 3], [2, 15], [3, 2], [3, 16], [3, 17], [3, 30], [4, 5], [4, 18], [4, 20], [4, 21], [4, 31], [5, 4], [5, 6], [5, 11], [5, 13], [5, 18], [6, 5], [6, 28], [6, 29], [7, 8], [7, 9], [8, 7], [8, 9], [8, 22], [8, 24], [9, 7], [9, 8], [9, 10], [9, 23], [10, 9], [10, 17], [10, 25], [10, 30], [10, 32], [10, 34], [11, 5], [11, 12], [11, 13], [11, 26], [11, 31], [11, 33], [12, 11], [12, 13], [12, 27], [13, 5], [13, 11], [13, 12], [14, 15], [14, 16], [15, 2], [15, 14], [15, 16], [16, 1], [16, 3], [16, 14], [16, 15], [16, 17], [17, 3], [17, 10], [17, 16], [17, 34], [18, 4], [18, 5], [18, 19], [18, 35], [19, 18], [19, 20], [19, 21], [20, 4], [20, 19], [20, 21], [21, 4], [21, 19], [21, 20], [22, 8], [22, 23], [22, 24], [23, 0], [23, 9], [23, 22], [23, 24], [24, 8], [24, 22], [24, 23], [24, 25], [25, 10], [25, 24], [25, 30], [25, 32], [25, 36], [26, 11], [26, 27], [26, 31], [26, 37], [27, 12], [27, 26], [27, 28], [27, 29], [27, 31], [28, 6], [28, 27], [28, 29], [29, 6], [29, 27], [29, 28], [30, 3], [30, 10], [30, 25], [30, 31], [31, 4], [31, 11], [31, 26], [31, 27], [31, 30], [31, 37], [32, 10], [32, 25], [32, 33], [33, 11], [33, 32], [33, 37], [34, 10], [34, 17], [34, 35], [35, 18], [35, 34], [35, 37], [36, 25], [36, 37], [37, 26], [37, 31], [37, 33], [37, 35], [37, 36]], "target": 1, "label": {"0": "0", "1": "0", "2": "0", "3": "0", "4": "0", "5": "0", "6": "0", "7": "0", "8": "0", "9": "0", "10": "0", "11": "0", "12": "0", "13": "0", "14": "0", "15": "0", "16": "0", "17": "0", "18": "0", "19": "0", "20": "0", "21": "0", "22": "0", "23": "0", "24": "0", "25": "0", "26": "0", "27": "0", "28": "0", "29": "0", "30": "1", "31": "1", "32": "1", "33": "1", "34": "1", "35": "1", "36": "1", "37": "1"}}