{"edges": [[0, 1], [0, 10], [1, 0], [1, 2], [1, 9], [1, 11], [2, 1], [2, 3], [2, 10], [2, 12], [3, 2], [3, 4], [3, 11], [3, 12], [3, 16], [4, 3], [4, 5], [4, 16], [4, 18], [5, 4], [5, 6], [5, 13], [5, 14], [5, 17], [6, 5], [6, 7], [6, 8], [6, 14], [6, 15], [7, 6], [7, 8], [7, 13], [8, 6], [8, 7], [8, 15], [9, 1], [9, 10], [10, 0], [10, 2], [10, 9], [10, 11], [11, 1], [11, 3], [11, 10], [11, 12], [12, 2], [12, 3], [12, 11], [12, 19], [13, 5], [13, 7], [13, 14], [13, 20], [14, 5], [14, 6], [14, 13], [14, 15], [15, 6], [15, 8], [15, 14], [16, 3], [16, 4], [16, 18], [16, 21], [17, 5], [17, 18], [17, 21], [18, 4], [18, 16], [18, 17], [18, 19], [18, 20], [18, 21], [19, 12], [19, 18], [19, 21], [20, 13], [20, 18], [20, 21], [21, 16], [21, 17], [21, 18], [21, 19], [21, 20]], "target": 1, "label": {"0": "0", "1": "0", "2": "0", "3": "0", "4": "0", "5": "0", "6": "0", "7": "0", "8": "0", "9": "0", "10": "0", "11": "0", "12": "0", "13": "0", "14": "0", "15": "0", "16": "1", "17": "1", "18": "1", "19": "1", "20": "1", "21": "1"}}