{"edges": [[0, 1], [0, 8], [0, 17], [1, 0], [1, 16], [1, 17], [2, 3], [2, 4], [2, 14], [2, 21], [3, 2], [3, 4], [3, 15], [3, 20], [4, 2], [4, 3], [4, 10], [4, 15], [5, 6], [5, 22], [5, 24], [6, 5], [6, 7], [6, 23], [6, 25], [7, 6], [7, 23], [7, 25], [8, 0], [8, 16], [8, 17], [8, 19], [9, 10], [9, 15], [9, 18], [10, 4], [10, 9], [10, 15], [10, 18], [11, 15], [11, 20], [11, 21], [12, 13], [12, 14], [12, 16], [12, 19], [13, 12], [13, 14], [13, 19], [14, 2], [14, 12], [14, 13], [14, 21], [15, 3], [15, 4], [15, 9], [15, 10], [15, 11], [15, 18], [15, 20], [16, 1], [16, 8], [16, 12], [16, 17], [16, 19], [17, 0], [17, 1], [17, 8], [17, 16], [17, 19], [18, 9], [18, 10], [18, 15], [19, 8], [19, 12], [19, 13], [19, 16], [19, 17], [20, 3], [20, 11], [20, 15], [20, 21], [21, 2], [21, 11], [21, 14], [21, 20], [22, 5], [22, 24], [22, 25], [23, 6], [23, 7], [23, 24], [23, 25], [24, 5], [24, 22], [24, 23], [24, 25], [25, 6], [25, 7], [25, 22], [25, 23], [25, 24]], "target": 1, "label": {"0": "0", "1": "0", "2": "0", "3": "0", "4": "0", "5": "0", "6": "0", "7": "0", "8": "1", "9": "1", "10": "1", "11": "1", "12": "1", "13": "1", "14": "1", "15": "1", "16": "1", "17": "1", "18": "1", "19": "1", "20": "1", "21": "1", "22": "1", "23": "1", "24": "1", "25": "1"}}