{"edges": [[0, 1], [0, 6], [1, 0], [1, 2], [1, 6], [1, 11], [1, 13], [2, 1], [2, 3], [2, 4], [2, 13], [2, 14], [3, 2], [3, 4], [3, 14], [4, 2], [4, 3], [4, 9], [4, 10], [5, 11], [5, 12], [5, 15], [5, 16], [6, 0], [6, 1], [6, 7], [6, 8], [6, 15], [7, 6], [7, 8], [7, 13], [7, 17], [8, 6], [8, 7], [8, 9], [8, 17], [8, 18], [9, 4], [9, 8], [9, 10], [9, 14], [9, 18], [10, 4], [10, 9], [10, 18], [11, 1], [11, 5], [11, 12], [11, 13], [11, 16], [11, 17], [12, 5], [12, 11], [13, 1], [13, 2], [13, 7], [13, 11], [13, 14], [13, 15], [13, 18], [14, 2], [14, 3], [14, 9], [14, 13], [14, 17], [14, 18], [15, 5], [15, 6], [15, 13], [15, 17], [16, 5], [16, 11], [17, 7], [17, 8], [17, 11], [17, 14], [17, 15], [17, 18], [18, 8], [18, 9], [18, 10], [18, 13], [18, 14], [18, 17]], "target": 1, "label": {"0": "0", "1": "0", "2": "0", "3": "0", "4": "0", "5": "0", "6": "0", "7": "0", "8": "0", "9": "0", "10": "0", "11": "1", "12": "1", "13": "1", "14": "1", "15": "1", "16": "1", "17": "1", "18": "1"}}