{"edges": [[0, 35], [0, 43], [0, 52], [1, 2], [1, 18], [1, 33], [2, 1], [2, 17], [2, 32], [3, 4], [3, 20], [3, 32], [3, 40], [4, 3], [4, 19], [4, 21], [4, 34], [5, 34], [5, 36], [5, 42], [6, 37], [6, 39], [6, 48], [6, 56], [7, 37], [7, 46], [7, 63], [8, 9], [8, 25], [8, 41], [8, 43], [9, 8], [9, 10], [9, 26], [9, 41], [10, 9], [10, 25], [10, 40], [11, 12], [11, 28], [11, 40], [12, 11], [12, 27], [12, 42], [13, 27], [13, 28], [13, 42], [13, 44], [14, 39], [14, 45], [14, 48], [14, 56], [15, 31], [15, 46], [15, 63], [16, 17], [16, 35], [16, 50], [16, 52], [17, 2], [17, 16], [17, 18], [17, 50], [18, 1], [18, 17], [18, 49], [19, 4], [19, 20], [19, 49], [20, 3], [20, 19], [20, 51], [21, 4], [21, 34], [21, 51], [21, 53], [22, 39], [22, 54], [22, 56], [23, 46], [23, 54], [23, 63], [24, 35], [24, 58], [24, 60], [25, 8], [25, 10], [25, 26], [25, 33], [25, 58], [26, 9], [26, 25], [26, 57], [27, 12], [27, 13], [27, 28], [27, 32], [27, 57], [28, 11], [28, 13], [28, 27], [28, 59], [29, 34], [29, 42], [29, 59], [29, 61], [30, 39], [30, 56], [30, 62], [30, 65], [31, 15], [31, 46], [31, 63], [32, 2], [32, 3], [32, 27], [33, 1], [33, 25], [33, 35], [34, 4], [34, 5], [34, 21], [34, 29], [35, 0], [35, 16], [35, 24], [35, 33], [36, 5], [36, 38], [37, 6], [37, 7], [37, 45], [37, 62], [38, 36], [38, 39], [38, 55], [39, 6], [39, 14], [39, 22], [39, 30], [39, 38], [39, 65], [40, 3], [40, 10], [40, 11], [41, 8], [41, 9], [42, 5], [42, 12], [42, 13], [42, 29], [43, 0], [43, 8], [44, 13], [44, 47], [45, 14], [45, 37], [45, 46], [45, 54], [45, 63], [46, 7], [46, 15], [46, 23], [46, 31], [46, 45], [47, 44], [47, 48], [47, 55], [48, 6], [48, 14], [48, 47], [48, 65], [49, 18], [49, 19], [50, 16], [50, 17], [51, 20], [51, 21], [52, 0], [52, 16], [53, 21], [53, 55], [54, 22], [54, 23], [54, 45], [54, 62], [55, 38], [55, 47], [55, 53], [55, 56], [55, 64], [56, 6], [56, 14], [56, 22], [56, 30], [56, 55], [56, 65], [57, 26], [57, 27], [58, 24], [58, 25], [59, 28], [59, 29], [60, 24], [61, 29], [61, 64], [62, 30], [62, 37], [62, 54], [62, 63], [63, 7], [63, 15], [63, 23], [63, 31], [63, 45], [63, 62], [64, 55], [64, 61], [64, 65], [65, 30], [65, 39], [65, 48], [65, 56], [65, 64]], "target": 1, "label": {"0": "0", "1": "0", "2": "0", "3": "0", "4": "0", "5": "0", "6": "0", "7": "0", "8": "0", "9": "0", "10": "0", "11": "0", "12": "0", "13": "0", "14": "0", "15": "0", "16": "0", "17": "0", "18": "0", "19": "0", "20": "0", "21": "0", "22": "0", "23": "0", "24": "0", "25": "0", "26": "0", "27": "0", "28": "0", "29": "0", "30": "0", "31": "0", "32": "1", "33": "1", "34": "1", "35": "1", "36": "1", "37": "1", "38": "1", "39": "1", "40": "1", "41": "1", "42": "1", "43": "1", "44": "1", "45": "1", "46": "1", "47": "1", "48": "1", "49": "1", "50": "1", "51": "1", "52": "1", "53": "1", "54": "1", "55": "1", "56": "1", "57": "1", "58": "1", "59": "1", "60": "1", "61": "1", "62": "1", "63": "1", "64": "1", "65": "1"}}