{"edges": [[0, 1], [0, 9], [0, 18], [1, 0], [1, 17], [1, 18], [2, 3], [2, 4], [2, 15], [2, 22], [3, 2], [3, 4], [3, 16], [3, 21], [4, 2], [4, 3], [4, 11], [4, 16], [5, 6], [5, 7], [5, 23], [6, 5], [6, 7], [6, 8], [6, 23], [6, 24], [6, 25], [6, 26], [7, 5], [7, 6], [7, 8], [7, 24], [7, 26], [8, 6], [8, 7], [8, 25], [9, 0], [9, 17], [9, 18], [9, 20], [10, 11], [10, 16], [10, 19], [11, 4], [11, 10], [11, 16], [11, 19], [12, 16], [12, 21], [12, 22], [13, 14], [13, 15], [13, 17], [13, 20], [14, 13], [14, 15], [14, 20], [15, 2], [15, 13], [15, 14], [15, 22], [16, 3], [16, 4], [16, 10], [16, 11], [16, 12], [16, 19], [16, 21], [17, 1], [17, 9], [17, 13], [17, 18], [17, 20], [18, 0], [18, 1], [18, 9], [18, 17], [18, 20], [19, 10], [19, 11], [19, 16], [20, 9], [20, 13], [20, 14], [20, 17], [20, 18], [21, 3], [21, 12], [21, 16], [21, 22], [22, 2], [22, 12], [22, 15], [22, 21], [23, 5], [23, 6], [23, 24], [23, 26], [24, 6], [24, 7], [24, 23], [24, 25], [24, 26], [25, 6], [25, 8], [25, 24], [25, 26], [26, 6], [26, 7], [26, 23], [26, 24], [26, 25]], "target": 1, "label": {"0": "0", "1": "0", "2": "0", "3": "0", "4": "0", "5": "0", "6": "0", "7": "0", "8": "0", "9": "1", "10": "1", "11": "1", "12": "1", "13": "1", "14": "1", "15": "1", "16": "1", "17": "1", "18": "1", "19": "1", "20": "1", "21": "1", "22": "1", "23": "1", "24": "1", "25": "1", "26": "1"}}