{"edges": [[0, 1], [0, 6], [1, 0], [1, 5], [1, 10], [1, 11], [2, 13], [2, 16], [2, 28], [3, 12], [3, 17], [3, 24], [3, 29], [4, 9], [4, 12], [4, 19], [4, 31], [5, 1], [5, 6], [5, 10], [5, 22], [6, 0], [6, 5], [6, 23], [7, 13], [7, 16], [7, 25], [7, 28], [8, 17], [8, 24], [8, 29], [9, 4], [9, 19], [9, 24], [9, 31], [10, 1], [10, 5], [10, 21], [10, 33], [11, 1], [11, 18], [11, 23], [11, 30], [12, 3], [12, 4], [12, 19], [12, 31], [13, 2], [13, 7], [13, 14], [13, 26], [14, 13], [14, 15], [14, 25], [15, 14], [15, 18], [15, 30], [16, 2], [16, 7], [16, 17], [16, 29], [17, 3], [17, 8], [17, 16], [17, 28], [18, 11], [18, 15], [18, 23], [18, 27], [19, 4], [19, 9], [19, 12], [19, 20], [19, 24], [19, 32], [20, 19], [20, 31], [21, 10], [21, 22], [21, 33], [22, 5], [22, 21], [22, 33], [23, 6], [23, 11], [23, 18], [23, 30], [24, 3], [24, 8], [24, 9], [24, 19], [24, 31], [25, 7], [25, 14], [25, 26], [26, 13], [26, 25], [26, 27], [27, 18], [27, 26], [27, 30], [28, 2], [28, 7], [28, 17], [28, 29], [29, 3], [29, 8], [29, 16], [29, 28], [30, 11], [30, 15], [30, 23], [30, 27], [31, 4], [31, 9], [31, 12], [31, 20], [31, 24], [31, 32], [32, 19], [32, 31], [33, 10], [33, 21], [33, 22]], "target": 1, "label": {"0": "0", "1": "0", "2": "0", "3": "0", "4": "0", "5": "0", "6": "0", "7": "0", "8": "0", "9": "0", "10": "1", "11": "1", "12": "1", "13": "1", "14": "1", "15": "1", "16": "1", "17": "1", "18": "1", "19": "1", "20": "1", "21": "1", "22": "1", "23": "1", "24": "1", "25": "1", "26": "1", "27": "1", "28": "1", "29": "1", "30": "1", "31": "1", "32": "1", "33": "1"}}