{"edges": [[0, 18], [0, 20], [0, 23], [0, 25], [1, 2], [1, 3], [1, 9], [1, 11], [1, 18], [1, 23], [2, 1], [2, 3], [2, 18], [3, 1], [3, 2], [3, 19], [4, 5], [4, 19], [4, 21], [4, 24], [4, 26], [5, 4], [5, 19], [5, 21], [5, 24], [5, 26], [6, 7], [6, 13], [6, 14], [6, 16], [6, 21], [6, 26], [7, 6], [7, 15], [7, 22], [7, 27], [8, 17], [8, 22], [8, 27], [9, 1], [9, 10], [9, 23], [9, 25], [10, 9], [10, 11], [10, 12], [10, 23], [11, 1], [11, 10], [11, 12], [12, 10], [12, 11], [12, 13], [12, 24], [13, 6], [13, 12], [13, 14], [13, 24], [14, 6], [14, 13], [14, 15], [14, 26], [15, 7], [15, 14], [15, 16], [15, 21], [15, 26], [16, 6], [16, 15], [16, 17], [16, 27], [17, 8], [17, 16], [17, 27], [18, 0], [18, 1], [18, 2], [18, 20], [18, 25], [19, 3], [19, 4], [19, 5], [20, 0], [20, 18], [21, 4], [21, 5], [21, 6], [21, 15], [22, 7], [22, 8], [22, 27], [23, 0], [23, 1], [23, 9], [23, 10], [24, 4], [24, 5], [24, 12], [24, 13], [25, 0], [25, 9], [25, 18], [26, 4], [26, 5], [26, 6], [26, 14], [26, 15], [27, 7], [27, 8], [27, 16], [27, 17], [27, 22]], "target": 1, "label": {"0": "0", "1": "0", "2": "0", "3": "0", "4": "0", "5": "0", "6": "0", "7": "0", "8": "0", "9": "0", "10": "0", "11": "0", "12": "0", "13": "0", "14": "0", "15": "0", "16": "0", "17": "0", "18": "1", "19": "1", "20": "1", "21": "1", "22": "1", "23": "1", "24": "1", "25": "1", "26": "1", "27": "1"}}