{"edges": [[0, 1], [0, 2], [0, 9], [1, 0], [1, 2], [1, 8], [1, 10], [1, 16], [2, 0], [2, 1], [2, 9], [2, 10], [2, 17], [3, 4], [3, 13], [3, 17], [4, 3], [4, 5], [4, 13], [4, 19], [5, 4], [5, 6], [5, 11], [5, 12], [5, 13], [5, 14], [5, 19], [6, 5], [6, 7], [6, 13], [6, 15], [6, 20], [7, 6], [7, 14], [7, 15], [7, 20], [8, 1], [8, 9], [8, 21], [8, 23], [9, 0], [9, 2], [9, 8], [9, 10], [9, 21], [10, 1], [10, 2], [10, 9], [10, 22], [11, 5], [11, 12], [11, 22], [12, 5], [12, 11], [12, 19], [12, 24], [13, 3], [13, 4], [13, 5], [13, 6], [13, 14], [13, 24], [14, 5], [14, 7], [14, 13], [14, 15], [14, 20], [14, 25], [15, 6], [15, 7], [15, 14], [15, 25], [16, 1], [16, 18], [16, 23], [17, 2], [17, 3], [17, 19], [17, 24], [18, 16], [18, 21], [19, 4], [19, 5], [19, 12], [19, 17], [19, 22], [20, 6], [20, 7], [20, 14], [20, 25], [21, 8], [21, 9], [21, 18], [21, 23], [22, 10], [22, 11], [22, 19], [22, 24], [23, 8], [23, 16], [23, 21], [24, 12], [24, 13], [24, 17], [24, 22], [25, 14], [25, 15], [25, 20]], "target": 1, "label": {"0": "0", "1": "0", "2": "0", "3": "0", "4": "0", "5": "0", "6": "0", "7": "0", "8": "0", "9": "0", "10": "0", "11": "0", "12": "0", "13": "0", "14": "0", "15": "0", "16": "1", "17": "1", "18": "1", "19": "1", "20": "1", "21": "1", "22": "1", "23": "1", "24": "1", "25": "1"}}