{"edges": [[0, 11], [0, 22], [0, 32], [1, 23], [1, 31], [1, 41], [2, 24], [2, 29], [2, 34], [3, 4], [3, 28], [3, 29], [3, 38], [3, 39], [4, 3], [4, 14], [4, 28], [4, 29], [4, 38], [4, 39], [5, 6], [5, 7], [5, 26], [6, 5], [6, 7], [6, 8], [7, 5], [7, 6], [7, 19], [7, 25], [8, 6], [8, 9], [8, 10], [8, 25], [8, 35], [9, 8], [9, 10], [9, 21], [9, 25], [9, 35], [10, 8], [10, 9], [10, 20], [11, 0], [11, 22], [11, 32], [12, 31], [12, 33], [12, 41], [13, 14], [13, 15], [13, 34], [13, 39], [14, 4], [14, 13], [14, 15], [14, 39], [15, 13], [15, 14], [15, 38], [16, 17], [16, 18], [16, 19], [16, 36], [17, 16], [17, 18], [17, 19], [18, 16], [18, 17], [18, 19], [18, 35], [19, 7], [19, 16], [19, 17], [19, 18], [19, 20], [19, 21], [19, 35], [20, 10], [20, 19], [20, 21], [21, 9], [21, 19], [21, 20], [22, 0], [22, 11], [22, 30], [22, 40], [23, 1], [23, 24], [23, 31], [23, 34], [23, 41], [24, 2], [24, 23], [24, 33], [25, 7], [25, 8], [25, 9], [26, 5], [26, 27], [26, 37], [27, 26], [27, 28], [27, 36], [28, 3], [28, 4], [28, 27], [29, 2], [29, 3], [29, 4], [30, 22], [30, 31], [30, 32], [31, 1], [31, 12], [31, 23], [31, 30], [31, 33], [31, 41], [32, 0], [32, 11], [32, 30], [32, 40], [33, 12], [33, 24], [33, 31], [33, 34], [33, 41], [34, 2], [34, 13], [34, 23], [34, 33], [35, 8], [35, 9], [35, 18], [35, 19], [36, 16], [36, 27], [36, 37], [37, 26], [37, 36], [37, 38], [38, 3], [38, 4], [38, 15], [38, 37], [39, 3], [39, 4], [39, 13], [39, 14], [40, 22], [40, 32], [40, 41], [41, 1], [41, 12], [41, 23], [41, 31], [41, 33], [41, 40]], "target": 5, "label": {"0": "0", "1": "0", "2": "0", "3": "0", "4": "0", "5": "0", "6": "0", "7": "0", "8": "0", "9": "0", "10": "0", "11": "0", "12": "0", "13": "0", "14": "0", "15": "0", "16": "0", "17": "0", "18": "0", "19": "0", "20": "0", "21": "0", "22": "1", "23": "1", "24": "1", "25": "1", "26": "1", "27": "1", "28": "1", "29": "1", "30": "1", "31": "1", "32": "1", "33": "1", "34": "1", "35": "1", "36": "1", "37": "1", "38": "1", "39": "1", "40": "1", "41": "1"}}