{"edges": [[0, 1], [0, 11], [1, 0], [1, 2], [1, 3], [1, 10], [1, 12], [1, 18], [2, 1], [2, 3], [2, 11], [3, 1], [3, 2], [3, 4], [3, 12], [3, 19], [4, 3], [4, 5], [4, 6], [4, 19], [5, 4], [5, 7], [5, 8], [5, 13], [5, 21], [6, 4], [6, 7], [6, 8], [6, 21], [7, 5], [7, 6], [7, 8], [7, 16], [8, 5], [8, 6], [8, 7], [8, 9], [8, 17], [8, 22], [9, 8], [9, 16], [9, 17], [9, 22], [9, 27], [10, 1], [10, 11], [10, 23], [10, 25], [11, 0], [11, 2], [11, 10], [11, 12], [11, 23], [12, 1], [12, 3], [12, 11], [12, 24], [13, 5], [13, 14], [13, 15], [13, 24], [14, 13], [14, 15], [14, 16], [14, 26], [15, 13], [15, 14], [15, 16], [15, 26], [16, 7], [16, 9], [16, 14], [16, 15], [16, 17], [16, 27], [17, 8], [17, 9], [17, 16], [17, 27], [18, 1], [18, 20], [18, 25], [19, 3], [19, 4], [19, 21], [19, 26], [20, 18], [20, 23], [21, 5], [21, 6], [21, 19], [21, 22], [21, 24], [21, 27], [22, 8], [22, 9], [22, 21], [22, 27], [23, 10], [23, 11], [23, 20], [23, 25], [24, 12], [24, 13], [24, 21], [24, 26], [25, 10], [25, 18], [25, 23], [26, 14], [26, 15], [26, 19], [26, 24], [27, 9], [27, 16], [27, 17], [27, 21], [27, 22]], "target": 1, "label": {"0": "0", "1": "0", "2": "0", "3": "0", "4": "0", "5": "0", "6": "0", "7": "0", "8": "0", "9": "0", "10": "0", "11": "0", "12": "0", "13": "0", "14": "0", "15": "0", "16": "0", "17": "0", "18": "1", "19": "1", "20": "1", "21": "1", "22": "1", "23": "1", "24": "1", "25": "1", "26": "1", "27": "1"}}