{"edges": [[0, 1], [0, 2], [0, 3], [1, 0], [1, 2], [1, 3], [1, 14], [1, 16], [2, 0], [2, 1], [2, 3], [2, 4], [2, 14], [2, 16], [3, 0], [3, 1], [3, 2], [3, 4], [3, 5], [4, 2], [4, 3], [4, 5], [5, 3], [5, 4], [5, 6], [5, 7], [5, 8], [5, 15], [6, 5], [6, 7], [6, 8], [6, 15], [7, 5], [7, 6], [7, 8], [8, 5], [8, 6], [8, 7], [8, 9], [8, 15], [8, 17], [9, 8], [9, 10], [9, 11], [9, 17], [10, 9], [10, 11], [10, 12], [10, 13], [11, 9], [11, 10], [11, 12], [11, 13], [11, 18], [12, 10], [12, 11], [12, 13], [12, 18], [13, 10], [13, 11], [13, 12], [13, 18], [14, 1], [14, 2], [14, 15], [14, 16], [15, 5], [15, 6], [15, 8], [15, 14], [15, 17], [16, 1], [16, 2], [16, 14], [17, 8], [17, 9], [17, 15], [17, 18], [18, 11], [18, 12], [18, 13], [18, 17]], "target": 1, "label": {"0": "0", "1": "0", "2": "0", "3": "0", "4": "0", "5": "0", "6": "0", "7": "0", "8": "0", "9": "0", "10": "0", "11": "0", "12": "0", "13": "0", "14": "1", "15": "1", "16": "1", "17": "1", "18": "1"}}