{"edges": [[0, 1], [0, 11], [0, 13], [1, 0], [1, 2], [1, 11], [1, 13], [2, 1], [2, 11], [2, 12], [2, 13], [2, 14], [3, 4], [3, 5], [3, 6], [3, 12], [3, 14], [4, 3], [4, 5], [4, 6], [4, 14], [5, 3], [5, 4], [5, 6], [5, 7], [5, 17], [6, 3], [6, 4], [6, 5], [6, 7], [6, 17], [7, 5], [7, 6], [7, 8], [7, 9], [7, 16], [7, 17], [8, 7], [8, 9], [8, 10], [8, 15], [8, 16], [9, 7], [9, 8], [9, 10], [9, 15], [9, 18], [10, 8], [10, 9], [10, 18], [10, 19], [11, 0], [11, 1], [11, 2], [11, 12], [11, 13], [12, 2], [12, 3], [12, 11], [12, 14], [13, 0], [13, 1], [13, 2], [13, 11], [14, 2], [14, 3], [14, 4], [14, 12], [14, 17], [15, 8], [15, 9], [15, 16], [15, 18], [15, 19], [16, 7], [16, 8], [16, 15], [16, 17], [16, 18], [17, 5], [17, 6], [17, 7], [17, 14], [17, 16], [18, 9], [18, 10], [18, 15], [18, 16], [18, 19], [19, 10], [19, 15], [19, 18]], "target": 1, "label": {"0": "0", "1": "0", "2": "0", "3": "0", "4": "0", "5": "0", "6": "0", "7": "0", "8": "0", "9": "0", "10": "0", "11": "1", "12": "1", "13": "1", "14": "1", "15": "1", "16": "1", "17": "1", "18": "1", "19": "1"}}