{"edges": [[0, 22], [0, 23], [0, 32], [1, 2], [1, 13], [1, 24], [2, 1], [2, 12], [2, 26], [3, 4], [3, 15], [3, 27], [4, 3], [4, 5], [4, 14], [5, 4], [5, 6], [5, 7], [5, 16], [5, 17], [6, 5], [6, 7], [7, 5], [7, 6], [7, 30], [8, 9], [8, 10], [8, 20], [8, 31], [9, 8], [9, 10], [10, 8], [10, 9], [10, 20], [10, 21], [11, 22], [11, 23], [11, 32], [12, 2], [12, 13], [12, 24], [12, 34], [13, 1], [13, 12], [13, 36], [14, 4], [14, 15], [14, 37], [15, 3], [15, 14], [15, 16], [16, 5], [16, 15], [16, 17], [16, 18], [17, 5], [17, 16], [17, 18], [18, 16], [18, 17], [18, 30], [18, 40], [19, 20], [19, 21], [19, 31], [19, 41], [20, 8], [20, 10], [20, 19], [20, 21], [21, 10], [21, 19], [21, 20], [22, 0], [22, 11], [22, 23], [22, 33], [23, 0], [23, 11], [23, 22], [23, 24], [23, 32], [23, 34], [24, 1], [24, 12], [24, 23], [24, 33], [25, 26], [25, 27], [25, 36], [25, 37], [26, 2], [26, 25], [26, 35], [27, 3], [27, 25], [27, 35], [28, 29], [28, 30], [28, 39], [28, 40], [29, 28], [29, 31], [29, 38], [29, 41], [30, 7], [30, 18], [30, 28], [30, 38], [31, 8], [31, 19], [31, 29], [31, 39], [31, 41], [32, 0], [32, 11], [32, 23], [32, 33], [33, 22], [33, 24], [33, 32], [33, 34], [34, 12], [34, 23], [34, 33], [35, 26], [35, 27], [35, 36], [35, 37], [36, 13], [36, 25], [36, 35], [37, 14], [37, 25], [37, 35], [38, 29], [38, 30], [38, 39], [38, 40], [39, 28], [39, 31], [39, 38], [39, 41], [40, 18], [40, 28], [40, 38], [41, 19], [41, 29], [41, 31], [41, 39]], "target": 1, "label": {"0": "0", "1": "0", "2": "0", "3": "0", "4": "0", "5": "0", "6": "0", "7": "0", "8": "0", "9": "0", "10": "0", "11": "0", "12": "0", "13": "0", "14": "0", "15": "0", "16": "0", "17": "0", "18": "0", "19": "0", "20": "0", "21": "0", "22": "1", "23": "1", "24": "1", "25": "1", "26": "1", "27": "1", "28": "1", "29": "1", "30": "1", "31": "1", "32": "1", "33": "1", "34": "1", "35": "1", "36": "1", "37": "1", "38": "1", "39": "1", "40": "1", "41": "1"}}