{"edges": [[0, 1], [0, 3], [0, 5], [1, 0], [1, 5], [2, 4], [2, 9], [2, 14], [3, 0], [3, 5], [3, 10], [4, 2], [4, 14], [5, 0], [5, 1], [5, 3], [5, 6], [5, 11], [6, 5], [6, 7], [6, 10], [6, 12], [7, 6], [7, 8], [7, 11], [8, 7], [8, 9], [8, 14], [9, 2], [9, 8], [9, 13], [9, 14], [10, 3], [10, 6], [10, 11], [11, 5], [11, 7], [11, 10], [11, 12], [12, 6], [12, 11], [12, 13], [13, 9], [13, 12], [13, 14], [14, 2], [14, 4], [14, 8], [14, 9], [14, 13]], "target": 1, "label": {"0": "0", "1": "0", "2": "0", "3": "0", "4": "0", "5": "1", "6": "1", "7": "1", "8": "1", "9": "1", "10": "1", "11": "1", "12": "1", "13": "1", "14": "1"}}