{"edges": [[0, 1], [0, 2], [0, 6], [0, 7], [1, 0], [1, 2], [1, 7], [1, 11], [2, 0], [2, 1], [2, 6], [2, 11], [3, 4], [3, 9], [4, 3], [4, 5], [4, 8], [4, 10], [5, 4], [5, 6], [5, 9], [5, 11], [6, 0], [6, 2], [6, 5], [6, 7], [6, 10], [6, 11], [7, 0], [7, 1], [7, 6], [7, 11], [8, 4], [8, 9], [9, 3], [9, 5], [9, 8], [9, 10], [10, 4], [10, 6], [10, 9], [10, 11], [11, 1], [11, 2], [11, 5], [11, 6], [11, 7], [11, 10]], "target": 1, "label": {"0": "0", "1": "0", "2": "1", "3": "1", "4": "1", "5": "1", "6": "1", "7": "1", "8": "1", "9": "1", "10": "1", "11": "1"}}