{"edges": [[1, 2], [2, 1], [15, 16], [16, 15], [21, 22], [22, 21], [27, 91], [28, 29], [29, 28], [35, 36], [36, 35], [36, 37], [37, 36], [42, 81], [47, 71], [55, 56], [55, 76], [56, 55], [61, 62], [62, 61], [71, 47], [76, 55], [81, 42], [81, 82], [82, 81], [88, 89], [89, 88], [91, 27], [95, 96], [96, 95], [96, 97], [97, 96]], "target": 5, "label": {"0": "0", "1": "0", "2": "0", "3": "0", "4": "0", "5": "0", "6": "0", "7": "0", "8": "0", "9": "0", "10": "0", "11": "0", "12": "0", "13": "0", "14": "0", "15": "0", "16": "0", "17": "0", "18": "0", "19": "0", "20": "0", "21": "0", "22": "0", "23": "0", "24": "0", "25": "0", "26": "0", "27": "0", "28": "0", "29": "0", "30": "0", "31": "0", "32": "0", "33": "0", "34": "0", "35": "0", "36": "0", "37": "0", "38": "0", "39": "0", "40": "0", "41": "0", "42": "0", "43": "0", "44": "0", "45": "0", "46": "0", "47": "0", "48": "0", "49": "0", "50": "0", "51": "0", "52": "0", "53": "0", "54": "0", "55": "0", "56": "0", "57": "0", "58": "0", "59": "0", "60": "0", "61": "0", "62": "0", "63": "0", "64": "0", "65": "0", "66": "0", "67": "0", "68": "0", "69": "0", "70": "0", "71": "0", "72": "0", "73": "0", "74": "0", "75": "0", "76": "0", "77": "0", "78": "0", "79": "0", "80": "0", "81": "0", "82": "0", "83": "0", "84": "0", "85": "0", "86": "0", "87": "0", "88": "0", "89": "0", "90": "0", "91": "0", "92": "0", "93": "0", "94": "0", "95": "0", "96": "0", "97": "0", "98": "0", "99": "0"}}