{"edges": [[0, 1], [0, 5], [1, 0], [1, 4], [1, 8], [1, 9], [2, 3], [2, 7], [2, 10], [3, 2], [3, 6], [3, 7], [4, 1], [4, 5], [5, 0], [5, 4], [5, 8], [5, 11], [6, 3], [6, 7], [6, 12], [7, 2], [7, 3], [7, 6], [8, 1], [8, 5], [8, 14], [9, 1], [9, 10], [9, 12], [9, 13], [9, 14], [10, 2], [10, 9], [10, 11], [10, 12], [11, 5], [11, 10], [11, 12], [11, 13], [11, 14], [12, 6], [12, 9], [12, 10], [12, 11], [13, 9], [13, 11], [13, 14], [14, 8], [14, 9], [14, 11], [14, 13]], "target": 1, "label": {"0": "0", "1": "0", "2": "0", "3": "0", "4": "0", "5": "0", "6": "0", "7": "0", "8": "0", "9": "1", "10": "1", "11": "1", "12": "1", "13": "1", "14": "1"}}