{"edges": [[0, 1], [0, 3], [1, 0], [1, 3], [1, 8], [1, 9], [1, 17], [2, 3], [2, 9], [2, 15], [2, 16], [3, 0], [3, 1], [3, 2], [3, 17], [4, 5], [4, 12], [5, 4], [5, 6], [5, 11], [5, 13], [6, 5], [6, 7], [6, 12], [7, 6], [7, 10], [7, 14], [7, 15], [8, 1], [8, 9], [8, 16], [8, 17], [9, 1], [9, 2], [9, 8], [9, 10], [9, 16], [9, 17], [10, 7], [10, 9], [10, 14], [10, 15], [11, 5], [11, 12], [12, 4], [12, 6], [12, 11], [12, 13], [13, 5], [13, 12], [13, 14], [14, 7], [14, 10], [14, 13], [14, 15], [15, 2], [15, 7], [15, 10], [15, 14], [16, 2], [16, 8], [16, 9], [16, 17], [17, 1], [17, 3], [17, 8], [17, 9], [17, 16]], "target": 1, "label": {"0": "0", "1": "0", "2": "0", "3": "0", "4": "1", "5": "1", "6": "1", "7": "1", "8": "1", "9": "1", "10": "1", "11": "1", "12": "1", "13": "1", "14": "1", "15": "1", "16": "1", "17": "1"}}