{"edges": [[0, 5], [0, 14], [0, 21], [1, 2], [1, 4], [1, 6], [1, 14], [2, 1], [2, 5], [2, 13], [3, 7], [3, 12], [3, 19], [4, 1], [4, 14], [4, 18], [4, 21], [5, 0], [5, 2], [5, 6], [5, 21], [6, 1], [6, 5], [6, 20], [7, 3], [7, 12], [7, 19], [8, 9], [8, 16], [9, 8], [9, 10], [9, 15], [9, 17], [10, 9], [10, 11], [10, 16], [11, 10], [11, 14], [11, 18], [11, 21], [12, 3], [12, 7], [12, 13], [12, 20], [13, 2], [13, 12], [13, 19], [14, 0], [14, 1], [14, 4], [14, 11], [14, 18], [14, 21], [15, 9], [15, 16], [16, 8], [16, 10], [16, 15], [16, 17], [17, 9], [17, 16], [17, 18], [18, 4], [18, 11], [18, 14], [18, 17], [18, 21], [19, 3], [19, 7], [19, 13], [19, 20], [20, 6], [20, 12], [20, 19], [21, 0], [21, 4], [21, 5], [21, 11], [21, 14], [21, 18]], "target": 1, "label": {"0": "0", "1": "0", "2": "0", "3": "0", "4": "0", "5": "0", "6": "0", "7": "0", "8": "1", "9": "1", "10": "1", "11": "1", "12": "1", "13": "1", "14": "1", "15": "1", "16": "1", "17": "1", "18": "1", "19": "1", "20": "1", "21": "1"}}