{"edges": [[0, 4], [0, 8], [1, 3], [1, 7], [1, 11], [2, 4], [2, 8], [2, 9], [3, 1], [3, 11], [4, 0], [4, 2], [4, 5], [4, 9], [5, 4], [5, 6], [5, 8], [5, 10], [6, 5], [6, 7], [6, 9], [6, 11], [7, 1], [7, 6], [7, 10], [7, 11], [8, 0], [8, 2], [8, 5], [8, 9], [9, 2], [9, 4], [9, 6], [9, 8], [9, 10], [10, 5], [10, 7], [10, 9], [10, 11], [11, 1], [11, 3], [11, 6], [11, 7], [11, 10]], "target": 1, "label": {"0": "0", "1": "0", "2": "0", "3": "0", "4": "1", "5": "1", "6": "1", "7": "1", "8": "1", "9": "1", "10": "1", "11": "1"}}