{"edges": [[0, 1], [0, 5], [0, 6], [1, 0], [1, 2], [1, 13], [1, 16], [2, 1], [2, 11], [2, 15], [3, 21], [3, 23], [3, 25], [4, 5], [4, 6], [4, 32], [4, 35], [5, 0], [5, 4], [5, 6], [5, 33], [6, 0], [6, 4], [6, 5], [6, 29], [7, 9], [7, 14], [7, 29], [8, 9], [8, 12], [8, 13], [8, 14], [9, 7], [9, 8], [9, 14], [9, 29], [10, 11], [10, 15], [10, 17], [11, 2], [11, 10], [11, 15], [11, 16], [12, 8], [12, 13], [12, 14], [13, 1], [13, 8], [13, 12], [13, 15], [13, 16], [14, 7], [14, 8], [14, 9], [14, 12], [15, 2], [15, 10], [15, 11], [15, 13], [15, 16], [16, 1], [16, 11], [16, 13], [16, 15], [17, 10], [17, 19], [17, 24], [18, 19], [18, 22], [18, 23], [18, 24], [19, 17], [19, 18], [19, 22], [19, 24], [20, 21], [20, 23], [20, 25], [21, 3], [21, 20], [21, 23], [21, 25], [22, 18], [22, 19], [22, 23], [22, 24], [23, 3], [23, 18], [23, 20], [23, 21], [23, 22], [23, 25], [24, 17], [24, 18], [24, 19], [24, 22], [25, 3], [25, 20], [25, 21], [25, 23], [26, 27], [26, 28], [26, 30], [27, 26], [27, 28], [27, 30], [28, 26], [28, 27], [28, 30], [29, 6], [29, 7], [29, 9], [29, 33], [30, 26], [30, 27], [30, 28], [30, 31], [30, 34], [31, 30], [31, 34], [31, 35], [32, 4], [32, 33], [32, 34], [32, 35], [33, 5], [33, 29], [33, 32], [33, 34], [33, 35], [34, 30], [34, 31], [34, 32], [34, 33], [34, 35], [35, 4], [35, 31], [35, 32], [35, 33], [35, 34]], "target": 1, "label": {"0": "0", "1": "0", "2": "0", "3": "0", "4": "0", "5": "0", "6": "0", "7": "1", "8": "1", "9": "1", "10": "1", "11": "1", "12": "1", "13": "1", "14": "1", "15": "1", "16": "1", "17": "1", "18": "1", "19": "1", "20": "1", "21": "1", "22": "1", "23": "1", "24": "1", "25": "1", "26": "1", "27": "1", "28": "1", "29": "1", "30": "1", "31": "1", "32": "1", "33": "1", "34": "1", "35": "1"}}