{"edges": [[0, 16], [0, 18], [0, 25], [1, 2], [1, 8], [1, 10], [1, 16], [1, 17], [1, 24], [2, 1], [2, 9], [2, 21], [2, 28], [3, 4], [3, 12], [3, 22], [4, 3], [4, 5], [4, 11], [5, 4], [5, 6], [5, 14], [6, 5], [6, 7], [6, 15], [7, 6], [7, 14], [7, 15], [8, 1], [8, 9], [8, 23], [8, 25], [9, 2], [9, 8], [9, 10], [9, 24], [10, 1], [10, 9], [10, 28], [11, 4], [11, 12], [11, 29], [12, 3], [12, 11], [12, 13], [13, 12], [13, 14], [14, 5], [14, 7], [14, 13], [14, 15], [15, 6], [15, 7], [15, 14], [16, 0], [16, 1], [16, 17], [16, 18], [16, 24], [17, 1], [17, 16], [17, 23], [18, 0], [18, 16], [18, 19], [19, 18], [19, 20], [19, 25], [19, 27], [20, 19], [20, 26], [21, 2], [21, 22], [21, 29], [22, 3], [22, 21], [22, 28], [22, 29], [23, 8], [23, 17], [23, 24], [24, 1], [24, 9], [24, 16], [24, 23], [25, 0], [25, 8], [25, 19], [25, 26], [26, 20], [26, 25], [26, 27], [27, 19], [27, 26], [28, 2], [28, 10], [28, 22], [28, 29], [29, 11], [29, 21], [29, 22], [29, 28]], "target": 1, "label": {"0": "0", "1": "0", "2": "0", "3": "0", "4": "0", "5": "0", "6": "0", "7": "0", "8": "0", "9": "0", "10": "0", "11": "0", "12": "0", "13": "0", "14": "0", "15": "0", "16": "1", "17": "1", "18": "1", "19": "1", "20": "1", "21": "1", "22": "1", "23": "1", "24": "1", "25": "1", "26": "1", "27": "1", "28": "1", "29": "1"}}