{"edges": [[0, 3], [0, 6], [0, 13], [1, 2], [1, 6], [1, 8], [1, 13], [2, 1], [2, 6], [2, 13], [3, 0], [3, 6], [3, 13], [3, 15], [4, 20], [4, 24], [4, 30], [5, 20], [5, 24], [5, 30], [5, 34], [6, 0], [6, 1], [6, 2], [6, 3], [7, 8], [7, 11], [7, 14], [7, 15], [8, 1], [8, 7], [8, 14], [9, 10], [9, 11], [9, 26], [10, 9], [10, 12], [10, 17], [10, 27], [11, 7], [11, 9], [11, 16], [12, 10], [12, 17], [12, 27], [13, 0], [13, 1], [13, 2], [13, 3], [14, 7], [14, 8], [14, 15], [14, 26], [15, 3], [15, 7], [15, 14], [16, 11], [16, 17], [16, 26], [17, 10], [17, 12], [17, 16], [17, 27], [18, 23], [18, 33], [19, 20], [19, 29], [19, 30], [20, 4], [20, 5], [20, 19], [20, 29], [20, 30], [21, 22], [21, 23], [21, 32], [22, 21], [22, 25], [22, 31], [23, 18], [23, 21], [23, 28], [24, 4], [24, 5], [24, 25], [24, 35], [25, 22], [25, 24], [25, 34], [25, 35], [26, 9], [26, 14], [26, 16], [27, 10], [27, 12], [27, 17], [28, 23], [28, 33], [29, 19], [29, 20], [29, 30], [30, 4], [30, 5], [30, 19], [30, 20], [30, 29], [31, 22], [31, 32], [31, 33], [32, 21], [32, 31], [32, 35], [33, 18], [33, 28], [33, 31], [34, 5], [34, 25], [34, 35], [35, 24], [35, 25], [35, 32], [35, 34]], "target": 1, "label": {"0": "0", "1": "0", "2": "0", "3": "0", "4": "0", "5": "0", "6": "1", "7": "1", "8": "1", "9": "1", "10": "1", "11": "1", "12": "1", "13": "1", "14": "1", "15": "1", "16": "1", "17": "1", "18": "1", "19": "1", "20": "1", "21": "1", "22": "1", "23": "1", "24": "1", "25": "1", "26": "1", "27": "1", "28": "1", "29": "1", "30": "1", "31": "1", "32": "1", "33": "1", "34": "1", "35": "1"}}