{"edges": [[0, 1], [0, 20], [0, 21], [0, 22], [1, 0], [1, 2], [1, 20], [2, 1], [2, 20], [2, 23], [2, 24], [3, 4], [3, 24], [3, 25], [4, 3], [4, 28], [4, 29], [4, 30], [5, 26], [5, 28], [5, 29], [6, 7], [6, 8], [6, 26], [6, 27], [7, 6], [7, 8], [7, 27], [8, 6], [8, 7], [8, 9], [8, 27], [9, 8], [9, 10], [9, 31], [9, 32], [10, 9], [10, 31], [10, 32], [11, 12], [11, 13], [11, 32], [12, 11], [12, 13], [12, 32], [13, 11], [13, 12], [13, 14], [14, 13], [14, 15], [14, 16], [14, 17], [15, 14], [15, 16], [15, 17], [16, 14], [16, 15], [16, 17], [17, 14], [17, 15], [17, 16], [18, 19], [18, 21], [18, 22], [19, 18], [19, 21], [19, 22], [20, 0], [20, 1], [20, 2], [20, 22], [21, 0], [21, 18], [21, 19], [21, 22], [22, 0], [22, 18], [22, 19], [22, 20], [22, 21], [23, 2], [23, 24], [23, 25], [24, 2], [24, 3], [24, 23], [24, 25], [25, 3], [25, 23], [25, 24], [26, 5], [26, 6], [26, 27], [27, 6], [27, 7], [27, 8], [27, 26], [28, 4], [28, 5], [28, 29], [28, 30], [29, 4], [29, 5], [29, 28], [29, 30], [30, 4], [30, 28], [30, 29], [31, 9], [31, 10], [31, 32], [32, 9], [32, 10], [32, 11], [32, 12], [32, 31]], "target": 1, "label": {"0": "0", "1": "0", "2": "0", "3": "0", "4": "0", "5": "0", "6": "0", "7": "0", "8": "0", "9": "0", "10": "0", "11": "0", "12": "0", "13": "0", "14": "0", "15": "0", "16": "0", "17": "0", "18": "1", "19": "1", "20": "1", "21": "1", "22": "1", "23": "1", "24": "1", "25": "1", "26": "1", "27": "1", "28": "1", "29": "1", "30": "1", "31": "1", "32": "1"}}