{"edges": [[0, 1], [0, 2], [0, 16], [0, 30], [1, 0], [1, 2], [1, 17], [1, 31], [1, 32], [2, 0], [2, 1], [2, 32], [2, 34], [3, 4], [3, 19], [3, 33], [4, 3], [4, 5], [4, 6], [5, 4], [5, 6], [5, 7], [5, 35], [6, 4], [6, 5], [6, 7], [6, 8], [6, 35], [6, 36], [7, 5], [7, 6], [7, 8], [7, 9], [7, 36], [7, 37], [8, 6], [8, 7], [8, 9], [8, 10], [8, 23], [8, 24], [8, 38], [9, 7], [9, 8], [9, 10], [10, 8], [10, 9], [10, 11], [10, 23], [11, 10], [11, 12], [11, 26], [11, 27], [11, 29], [12, 11], [12, 13], [12, 25], [13, 12], [13, 14], [13, 15], [13, 26], [13, 28], [14, 13], [14, 15], [15, 13], [15, 14], [15, 28], [16, 0], [16, 17], [16, 39], [17, 1], [17, 16], [17, 18], [17, 41], [17, 43], [18, 17], [18, 19], [18, 20], [18, 42], [19, 3], [19, 18], [19, 20], [19, 21], [20, 18], [20, 19], [20, 21], [20, 44], [21, 19], [21, 20], [21, 22], [21, 44], [21, 45], [22, 21], [22, 23], [22, 24], [22, 47], [23, 8], [23, 10], [23, 22], [23, 24], [24, 8], [24, 22], [24, 23], [24, 25], [25, 12], [25, 24], [25, 26], [26, 11], [26, 13], [26, 25], [26, 27], [27, 11], [27, 26], [27, 28], [27, 29], [28, 13], [28, 15], [28, 27], [28, 29], [29, 11], [29, 27], [29, 28], [30, 0], [30, 31], [30, 40], [31, 1], [31, 30], [31, 32], [31, 39], [31, 41], [32, 1], [32, 2], [32, 31], [32, 40], [32, 41], [33, 3], [33, 34], [33, 43], [34, 2], [34, 33], [34, 42], [35, 5], [35, 6], [35, 36], [35, 45], [36, 6], [36, 7], [36, 35], [36, 44], [37, 7], [37, 38], [37, 47], [38, 8], [38, 37], [38, 46], [38, 47], [39, 16], [39, 31], [39, 40], [40, 30], [40, 32], [40, 39], [40, 41], [41, 17], [41, 31], [41, 32], [41, 40], [42, 18], [42, 34], [42, 43], [43, 17], [43, 33], [43, 42], [44, 20], [44, 21], [44, 36], [44, 45], [45, 21], [45, 35], [45, 44], [45, 46], [46, 38], [46, 45], [46, 47], [47, 22], [47, 37], [47, 38], [47, 46]], "target": 1, "label": {"0": "0", "1": "0", "2": "0", "3": "0", "4": "0", "5": "0", "6": "0", "7": "0", "8": "0", "9": "0", "10": "0", "11": "0", "12": "0", "13": "0", "14": "0", "15": "0", "16": "0", "17": "0", "18": "0", "19": "0", "20": "0", "21": "0", "22": "0", "23": "0", "24": "0", "25": "0", "26": "0", "27": "0", "28": "0", "29": "0", "30": "1", "31": "1", "32": "1", "33": "1", "34": "1", "35": "1", "36": "1", "37": "1", "38": "1", "39": "1", "40": "1", "41": "1", "42": "1", "43": "1", "44": "1", "45": "1", "46": "1", "47": "1"}}