{"edges": [[0, 1], [0, 2], [0, 15], [0, 16], [0, 26], [1, 0], [1, 2], [1, 15], [1, 16], [1, 17], [1, 26], [2, 0], [2, 1], [2, 3], [2, 18], [2, 20], [3, 2], [3, 4], [3, 19], [3, 20], [4, 3], [4, 5], [4, 21], [5, 4], [5, 6], [5, 21], [5, 23], [6, 5], [6, 7], [6, 8], [6, 25], [7, 6], [7, 8], [7, 9], [8, 6], [8, 7], [8, 9], [9, 7], [9, 8], [9, 10], [10, 9], [10, 11], [10, 12], [11, 10], [11, 12], [11, 13], [11, 14], [12, 10], [12, 11], [12, 13], [12, 14], [13, 11], [13, 12], [13, 14], [14, 11], [14, 12], [14, 13], [15, 0], [15, 1], [15, 26], [16, 0], [16, 1], [16, 17], [16, 18], [17, 1], [17, 16], [17, 18], [18, 2], [18, 16], [18, 17], [18, 19], [18, 20], [19, 3], [19, 18], [19, 20], [20, 2], [20, 3], [20, 18], [20, 19], [21, 4], [21, 5], [21, 22], [21, 23], [21, 24], [22, 21], [22, 23], [22, 24], [22, 25], [23, 5], [23, 21], [23, 22], [23, 24], [23, 25], [24, 21], [24, 22], [24, 23], [24, 25], [25, 6], [25, 22], [25, 23], [25, 24], [26, 0], [26, 1], [26, 15]], "target": 1, "label": {"0": "0", "1": "0", "2": "0", "3": "0", "4": "0", "5": "0", "6": "0", "7": "0", "8": "0", "9": "0", "10": "0", "11": "0", "12": "0", "13": "0", "14": "0", "15": "0", "16": "1", "17": "1", "18": "1", "19": "1", "20": "1", "21": "1", "22": "1", "23": "1", "24": "1", "25": "1", "26": "1"}}