{"edges": [[0, 1], [0, 2], [0, 18], [0, 26], [1, 0], [1, 2], [1, 17], [1, 18], [1, 26], [2, 0], [2, 1], [2, 3], [2, 14], [2, 16], [3, 2], [3, 4], [3, 14], [3, 15], [4, 3], [4, 5], [4, 21], [5, 4], [5, 6], [5, 19], [5, 21], [6, 5], [6, 7], [6, 8], [6, 25], [7, 6], [7, 8], [7, 9], [7, 24], [8, 6], [8, 7], [8, 9], [8, 24], [9, 7], [9, 8], [9, 10], [10, 9], [10, 11], [10, 12], [10, 13], [11, 10], [11, 12], [11, 13], [12, 10], [12, 11], [12, 13], [13, 10], [13, 11], [13, 12], [14, 2], [14, 3], [14, 15], [14, 16], [15, 3], [15, 14], [15, 16], [16, 2], [16, 14], [16, 15], [16, 17], [16, 18], [17, 1], [17, 16], [17, 18], [18, 0], [18, 1], [18, 16], [18, 17], [18, 26], [19, 5], [19, 20], [19, 21], [19, 22], [20, 19], [20, 21], [20, 22], [20, 23], [21, 4], [21, 5], [21, 19], [21, 20], [21, 22], [22, 19], [22, 20], [22, 21], [22, 23], [22, 24], [22, 25], [23, 20], [23, 22], [23, 24], [23, 25], [24, 7], [24, 8], [24, 22], [24, 23], [24, 25], [25, 6], [25, 22], [25, 23], [25, 24], [26, 0], [26, 1], [26, 18]], "target": 1, "label": {"0": "0", "1": "0", "2": "0", "3": "0", "4": "0", "5": "0", "6": "0", "7": "0", "8": "0", "9": "0", "10": "0", "11": "0", "12": "0", "13": "0", "14": "1", "15": "1", "16": "1", "17": "1", "18": "1", "19": "1", "20": "1", "21": "1", "22": "1", "23": "1", "24": "1", "25": "1", "26": "1"}}