{"edges": [[0, 1], [0, 6], [0, 13], [1, 0], [1, 6], [1, 13], [2, 3], [2, 8], [2, 15], [3, 2], [3, 4], [3, 11], [4, 3], [4, 5], [4, 10], [4, 11], [4, 12], [5, 4], [5, 11], [6, 0], [6, 1], [6, 7], [6, 14], [7, 6], [7, 8], [7, 13], [7, 15], [8, 2], [8, 7], [8, 9], [8, 14], [8, 15], [9, 8], [9, 10], [9, 15], [10, 4], [10, 9], [10, 11], [11, 3], [11, 4], [11, 5], [11, 10], [11, 12], [12, 4], [12, 11], [13, 0], [13, 1], [13, 7], [13, 14], [14, 6], [14, 8], [14, 13], [14, 15], [15, 2], [15, 7], [15, 8], [15, 9], [15, 14]], "target": 1, "label": {"0": "0", "1": "0", "2": "1", "3": "1", "4": "1", "5": "1", "6": "1", "7": "1", "8": "1", "9": "1", "10": "1", "11": "1", "12": "1", "13": "1", "14": "1", "15": "1"}}