{"edges": [[0, 1], [0, 5], [1, 0], [1, 2], [1, 3], [1, 8], [2, 1], [2, 3], [2, 4], [2, 9], [3, 1], [3, 2], [3, 4], [3, 8], [4, 2], [4, 3], [4, 8], [5, 0], [5, 6], [5, 7], [6, 5], [6, 7], [6, 11], [7, 5], [7, 6], [7, 8], [7, 9], [8, 1], [8, 3], [8, 4], [8, 7], [8, 9], [9, 2], [9, 7], [9, 8], [9, 10], [9, 14], [9, 15], [10, 9], [10, 14], [10, 15], [11, 6], [11, 12], [11, 13], [12, 11], [12, 13], [13, 11], [13, 12], [13, 14], [14, 9], [14, 10], [14, 13], [14, 15], [15, 9], [15, 10], [15, 14]], "target": 1, "label": {"0": "0", "1": "0", "2": "0", "3": "0", "4": "0", "5": "0", "6": "0", "7": "0", "8": "0", "9": "0", "10": "0", "11": "0", "12": "0", "13": "0", "14": "0", "15": "0"}}