{"edges": [[0, 12], [0, 25], [0, 32], [1, 2], [1, 3], [1, 12], [1, 13], [1, 14], [1, 26], [2, 1], [2, 3], [2, 14], [3, 1], [3, 2], [3, 4], [3, 13], [3, 15], [4, 3], [4, 14], [4, 15], [4, 27], [5, 6], [5, 7], [5, 16], [5, 28], [6, 5], [6, 7], [6, 17], [7, 5], [7, 6], [7, 8], [8, 7], [8, 9], [9, 8], [9, 10], [9, 11], [10, 9], [10, 11], [10, 21], [11, 9], [11, 10], [11, 21], [12, 0], [12, 1], [12, 25], [12, 30], [12, 32], [13, 1], [13, 3], [13, 14], [13, 31], [14, 1], [14, 2], [14, 4], [14, 13], [14, 15], [15, 3], [15, 4], [15, 14], [15, 33], [16, 5], [16, 17], [16, 34], [17, 6], [17, 16], [17, 18], [18, 17], [18, 19], [19, 18], [19, 20], [19, 21], [20, 19], [20, 21], [21, 10], [21, 11], [21, 19], [21, 20], [22, 23], [22, 29], [22, 30], [23, 22], [23, 25], [23, 29], [23, 30], [24, 25], [24, 26], [24, 32], [25, 0], [25, 12], [25, 23], [25, 24], [25, 26], [25, 31], [25, 32], [26, 1], [26, 24], [26, 25], [26, 31], [27, 4], [27, 28], [27, 34], [28, 5], [28, 27], [28, 33], [28, 34], [29, 22], [29, 23], [29, 30], [30, 12], [30, 22], [30, 23], [30, 29], [31, 13], [31, 25], [31, 26], [31, 32], [32, 0], [32, 12], [32, 24], [32, 25], [32, 31], [33, 15], [33, 28], [33, 34], [34, 16], [34, 27], [34, 28], [34, 33]], "target": 1, "label": {"0": "0", "1": "0", "2": "0", "3": "0", "4": "0", "5": "0", "6": "0", "7": "0", "8": "0", "9": "0", "10": "0", "11": "0", "12": "0", "13": "0", "14": "0", "15": "0", "16": "0", "17": "0", "18": "0", "19": "0", "20": "0", "21": "0", "22": "1", "23": "1", "24": "1", "25": "1", "26": "1", "27": "1", "28": "1", "29": "1", "30": "1", "31": "1", "32": "1", "33": "1", "34": "1"}}