{"edges": [[0, 20], [0, 25], [0, 26], [1, 2], [1, 21], [1, 22], [1, 27], [1, 32], [2, 1], [2, 3], [2, 32], [2, 33], [3, 2], [3, 4], [3, 35], [3, 37], [4, 3], [4, 5], [4, 6], [4, 36], [5, 4], [5, 6], [5, 36], [5, 38], [6, 4], [6, 5], [6, 7], [6, 8], [6, 38], [6, 39], [7, 6], [7, 8], [7, 9], [7, 39], [8, 6], [8, 7], [8, 9], [8, 10], [9, 7], [9, 8], [9, 10], [9, 11], [9, 39], [10, 8], [10, 9], [10, 11], [11, 9], [11, 10], [11, 12], [12, 11], [12, 13], [12, 14], [12, 15], [13, 12], [13, 14], [13, 15], [14, 12], [14, 13], [14, 15], [15, 12], [15, 13], [15, 14], [16, 17], [16, 18], [16, 19], [16, 20], [16, 26], [17, 16], [17, 18], [17, 19], [17, 20], [18, 16], [18, 17], [18, 19], [19, 16], [19, 17], [19, 18], [20, 0], [20, 16], [20, 17], [20, 26], [21, 1], [21, 22], [21, 27], [21, 28], [21, 32], [22, 1], [22, 21], [22, 27], [22, 28], [23, 24], [23, 29], [23, 30], [24, 23], [24, 25], [24, 29], [24, 30], [24, 31], [25, 0], [25, 24], [25, 26], [25, 30], [25, 31], [26, 0], [26, 16], [26, 20], [26, 25], [26, 31], [27, 1], [27, 21], [27, 22], [27, 28], [27, 32], [28, 21], [28, 22], [28, 27], [28, 29], [29, 23], [29, 24], [29, 28], [29, 30], [30, 23], [30, 24], [30, 25], [30, 29], [30, 31], [31, 24], [31, 25], [31, 26], [31, 30], [32, 1], [32, 2], [32, 21], [32, 27], [32, 33], [32, 34], [33, 2], [33, 32], [33, 34], [33, 35], [34, 32], [34, 33], [34, 35], [34, 37], [35, 3], [35, 33], [35, 34], [35, 37], [36, 4], [36, 5], [36, 37], [37, 3], [37, 34], [37, 35], [37, 36], [38, 5], [38, 6], [38, 39], [39, 6], [39, 7], [39, 9], [39, 38]], "target": 1, "label": {"0": "0", "1": "0", "2": "0", "3": "0", "4": "0", "5": "0", "6": "0", "7": "0", "8": "0", "9": "0", "10": "0", "11": "0", "12": "0", "13": "0", "14": "0", "15": "0", "16": "1", "17": "1", "18": "1", "19": "1", "20": "1", "21": "1", "22": "1", "23": "1", "24": "1", "25": "1", "26": "1", "27": "1", "28": "1", "29": "1", "30": "1", "31": "1", "32": "1", "33": "1", "34": "1", "35": "1", "36": "1", "37": "1", "38": "1", "39": "1"}}