{"edges": [[0, 10], [0, 11], [0, 12], [1, 2], [1, 14], [1, 15], [2, 1], [2, 3], [2, 17], [2, 18], [2, 19], [3, 2], [3, 4], [3, 5], [3, 19], [3, 20], [4, 3], [4, 5], [4, 6], [4, 20], [5, 3], [5, 4], [5, 6], [5, 21], [6, 4], [6, 5], [6, 7], [6, 8], [6, 9], [6, 23], [7, 6], [7, 8], [7, 9], [8, 6], [8, 7], [8, 9], [9, 6], [9, 7], [9, 8], [10, 0], [10, 11], [10, 12], [10, 13], [11, 0], [11, 10], [11, 12], [11, 13], [12, 0], [12, 10], [12, 11], [12, 13], [12, 14], [13, 10], [13, 11], [13, 12], [13, 14], [14, 1], [14, 12], [14, 13], [14, 15], [14, 16], [15, 1], [15, 14], [15, 16], [15, 17], [16, 14], [16, 15], [16, 17], [17, 2], [17, 15], [17, 16], [17, 18], [17, 19], [18, 2], [18, 17], [18, 19], [18, 20], [19, 2], [19, 3], [19, 17], [19, 18], [19, 20], [20, 3], [20, 4], [20, 18], [20, 19], [20, 21], [20, 22], [20, 23], [21, 5], [21, 20], [21, 22], [21, 23], [22, 20], [22, 21], [22, 23], [23, 6], [23, 20], [23, 21], [23, 22]], "target": 5, "label": {"0": "0", "1": "0", "2": "0", "3": "0", "4": "0", "5": "0", "6": "0", "7": "0", "8": "0", "9": "0", "10": "1", "11": "1", "12": "1", "13": "1", "14": "1", "15": "1", "16": "1", "17": "1", "18": "1", "19": "1", "20": "1", "21": "1", "22": "1", "23": "1"}}