{"edges": [[0, 1], [0, 15], [0, 16], [1, 0], [1, 16], [1, 17], [1, 19], [2, 3], [2, 4], [2, 18], [2, 19], [3, 2], [3, 4], [3, 18], [3, 19], [4, 2], [4, 3], [4, 5], [4, 20], [5, 4], [5, 20], [5, 22], [5, 23], [6, 7], [6, 8], [6, 24], [7, 6], [7, 8], [7, 9], [7, 25], [8, 6], [8, 7], [8, 9], [8, 25], [9, 7], [9, 8], [9, 10], [9, 11], [10, 9], [10, 11], [10, 12], [10, 13], [11, 9], [11, 10], [11, 12], [11, 13], [11, 14], [12, 10], [12, 11], [12, 13], [12, 14], [13, 10], [13, 11], [13, 12], [13, 14], [14, 11], [14, 12], [14, 13], [15, 0], [15, 16], [15, 17], [16, 0], [16, 1], [16, 15], [16, 17], [17, 1], [17, 15], [17, 16], [17, 19], [18, 2], [18, 3], [18, 19], [19, 1], [19, 2], [19, 3], [19, 17], [19, 18], [20, 4], [20, 5], [20, 22], [20, 23], [21, 22], [21, 23], [21, 24], [21, 25], [22, 5], [22, 20], [22, 21], [22, 23], [23, 5], [23, 20], [23, 21], [23, 22], [23, 24], [24, 6], [24, 21], [24, 23], [24, 25], [25, 7], [25, 8], [25, 21], [25, 24]], "target": 1, "label": {"0": "0", "1": "0", "2": "0", "3": "0", "4": "0", "5": "0", "6": "0", "7": "0", "8": "0", "9": "0", "10": "0", "11": "0", "12": "0", "13": "0", "14": "0", "15": "1", "16": "1", "17": "1", "18": "1", "19": "1", "20": "1", "21": "1", "22": "1", "23": "1", "24": "1", "25": "1"}}