{"edges": [[0, 30], [0, 31], [0, 39], [1, 16], [1, 32], [1, 34], [1, 41], [2, 3], [2, 19], [2, 33], [3, 2], [3, 4], [3, 18], [4, 3], [4, 5], [4, 21], [4, 35], [5, 4], [5, 6], [5, 20], [5, 21], [5, 22], [5, 36], [5, 37], [6, 5], [6, 7], [6, 8], [6, 37], [6, 38], [7, 6], [7, 8], [7, 9], [7, 21], [7, 23], [7, 38], [8, 6], [8, 7], [8, 9], [9, 7], [9, 8], [9, 10], [10, 9], [10, 11], [11, 10], [11, 12], [11, 13], [12, 11], [12, 13], [12, 14], [13, 11], [13, 12], [13, 14], [13, 29], [14, 12], [14, 13], [14, 28], [14, 29], [15, 30], [15, 31], [15, 39], [16, 1], [16, 17], [16, 32], [16, 41], [17, 16], [17, 34], [17, 43], [18, 3], [18, 19], [18, 42], [19, 2], [19, 18], [19, 20], [20, 5], [20, 19], [20, 21], [20, 44], [21, 4], [21, 5], [21, 7], [21, 20], [21, 45], [21, 46], [22, 5], [22, 23], [22, 24], [22, 47], [23, 7], [23, 22], [23, 24], [24, 22], [24, 23], [24, 25], [25, 24], [25, 26], [26, 25], [26, 27], [26, 28], [27, 26], [27, 28], [27, 29], [28, 14], [28, 26], [28, 27], [28, 29], [29, 13], [29, 14], [29, 27], [29, 28], [30, 0], [30, 15], [30, 31], [30, 40], [31, 0], [31, 15], [31, 30], [31, 32], [31, 39], [31, 40], [31, 41], [32, 1], [32, 16], [32, 31], [32, 40], [33, 2], [33, 34], [33, 43], [34, 1], [34, 17], [34, 33], [34, 42], [35, 4], [35, 36], [35, 45], [36, 5], [36, 35], [36, 44], [37, 5], [37, 6], [37, 38], [37, 47], [38, 6], [38, 7], [38, 37], [38, 46], [38, 47], [39, 0], [39, 15], [39, 31], [39, 40], [40, 30], [40, 31], [40, 32], [40, 39], [40, 41], [41, 1], [41, 16], [41, 31], [41, 40], [42, 18], [42, 34], [42, 43], [43, 17], [43, 33], [43, 42], [44, 20], [44, 36], [44, 45], [45, 21], [45, 35], [45, 44], [46, 21], [46, 38], [46, 47], [47, 22], [47, 37], [47, 38], [47, 46]], "target": 1, "label": {"0": "0", "1": "0", "2": "0", "3": "0", "4": "0", "5": "0", "6": "0", "7": "0", "8": "0", "9": "0", "10": "0", "11": "0", "12": "0", "13": "0", "14": "0", "15": "0", "16": "0", "17": "0", "18": "0", "19": "0", "20": "0", "21": "0", "22": "0", "23": "0", "24": "0", "25": "0", "26": "0", "27": "0", "28": "0", "29": "0", "30": "1", "31": "1", "32": "1", "33": "1", "34": "1", "35": "1", "36": "1", "37": "1", "38": "1", "39": "1", "40": "1", "41": "1", "42": "1", "43": "1", "44": "1", "45": "1", "46": "1", "47": "1"}}