{"edges": [[0, 5], [0, 6], [0, 7], [1, 2], [1, 4], [1, 5], [1, 8], [2, 1], [2, 8], [2, 13], [3, 9], [3, 10], [3, 14], [4, 1], [4, 5], [4, 6], [4, 8], [5, 0], [5, 1], [5, 4], [5, 6], [5, 7], [6, 0], [6, 4], [6, 5], [6, 7], [7, 0], [7, 5], [7, 6], [8, 1], [8, 2], [8, 4], [8, 13], [9, 3], [9, 10], [9, 11], [9, 14], [10, 3], [10, 9], [10, 11], [10, 12], [10, 14], [11, 9], [11, 10], [11, 12], [11, 13], [12, 10], [12, 11], [12, 13], [13, 2], [13, 8], [13, 11], [13, 12], [14, 3], [14, 9], [14, 10]], "target": 1, "label": {"0": "0", "1": "0", "2": "0", "3": "0", "4": "1", "5": "1", "6": "1", "7": "1", "8": "1", "9": "1", "10": "1", "11": "1", "12": "1", "13": "1", "14": "1"}}