{"edges": [[0, 1], [0, 3], [0, 8], [1, 0], [1, 3], [1, 4], [1, 8], [2, 6], [2, 7], [2, 10], [3, 0], [3, 1], [3, 4], [3, 8], [3, 9], [4, 1], [4, 3], [4, 5], [4, 6], [4, 8], [4, 9], [5, 4], [5, 6], [5, 7], [5, 9], [6, 2], [6, 4], [6, 5], [6, 7], [6, 10], [7, 2], [7, 5], [7, 6], [7, 10], [8, 0], [8, 1], [8, 3], [8, 4], [9, 3], [9, 4], [9, 5], [10, 2], [10, 6], [10, 7]], "target": 1, "label": {"0": "0", "1": "0", "2": "0", "3": "1", "4": "1", "5": "1", "6": "1", "7": "1", "8": "1", "9": "1", "10": "1"}}