{"edges": [[0, 1], [0, 32], [0, 41], [1, 0], [1, 2], [1, 16], [1, 33], [1, 34], [2, 1], [2, 34], [2, 36], [2, 43], [3, 4], [3, 20], [3, 35], [4, 3], [4, 5], [4, 19], [5, 4], [5, 6], [5, 22], [5, 37], [6, 5], [6, 21], [6, 37], [6, 38], [7, 8], [7, 9], [7, 24], [7, 40], [8, 7], [8, 9], [8, 25], [9, 7], [9, 8], [9, 10], [9, 24], [10, 9], [10, 11], [10, 28], [11, 10], [11, 12], [11, 29], [12, 11], [12, 13], [12, 30], [13, 12], [13, 14], [13, 28], [13, 29], [13, 31], [14, 13], [14, 29], [14, 30], [15, 16], [15, 17], [15, 18], [15, 41], [16, 1], [16, 15], [16, 17], [16, 18], [16, 41], [16, 42], [17, 15], [17, 16], [17, 18], [17, 42], [17, 43], [18, 15], [18, 16], [18, 17], [18, 43], [18, 45], [19, 4], [19, 20], [19, 44], [20, 3], [20, 19], [20, 21], [21, 6], [21, 20], [21, 22], [21, 46], [22, 5], [22, 21], [22, 46], [22, 47], [23, 24], [23, 25], [23, 49], [24, 7], [24, 9], [24, 23], [24, 25], [25, 8], [25, 23], [25, 24], [25, 26], [25, 27], [26, 25], [26, 27], [26, 28], [27, 25], [27, 26], [27, 28], [28, 10], [28, 13], [28, 26], [28, 27], [28, 29], [29, 11], [29, 13], [29, 14], [29, 28], [29, 30], [29, 31], [30, 12], [30, 14], [30, 29], [30, 31], [31, 13], [31, 29], [31, 30], [32, 0], [32, 33], [32, 42], [33, 1], [33, 32], [33, 34], [33, 41], [33, 42], [33, 43], [34, 1], [34, 2], [34, 33], [34, 42], [35, 3], [35, 36], [35, 45], [36, 2], [36, 35], [36, 44], [37, 5], [37, 6], [37, 38], [37, 47], [38, 6], [38, 37], [38, 39], [38, 46], [39, 38], [39, 40], [39, 49], [40, 7], [40, 39], [40, 48], [40, 49], [41, 0], [41, 15], [41, 16], [41, 33], [41, 42], [42, 16], [42, 17], [42, 32], [42, 33], [42, 34], [42, 41], [42, 43], [43, 2], [43, 17], [43, 18], [43, 33], [43, 42], [44, 19], [44, 36], [44, 45], [45, 18], [45, 35], [45, 44], [46, 21], [46, 22], [46, 38], [46, 47], [47, 22], [47, 37], [47, 46], [47, 48], [48, 40], [48, 47], [48, 49], [49, 23], [49, 39], [49, 40], [49, 48]], "target": 1, "label": {"0": "0", "1": "0", "2": "0", "3": "0", "4": "0", "5": "0", "6": "0", "7": "0", "8": "0", "9": "0", "10": "0", "11": "0", "12": "0", "13": "0", "14": "0", "15": "0", "16": "0", "17": "0", "18": "0", "19": "0", "20": "0", "21": "0", "22": "0", "23": "0", "24": "0", "25": "0", "26": "0", "27": "0", "28": "0", "29": "0", "30": "0", "31": "0", "32": "1", "33": "1", "34": "1", "35": "1", "36": "1", "37": "1", "38": "1", "39": "1", "40": "1", "41": "1", "42": "1", "43": "1", "44": "1", "45": "1", "46": "1", "47": "1", "48": "1", "49": "1"}}