{"edges": [[0, 1], [0, 6], [0, 15], [1, 0], [1, 2], [1, 3], [1, 7], [2, 1], [2, 3], [2, 4], [2, 7], [3, 1], [3, 2], [3, 4], [3, 7], [3, 8], [4, 2], [4, 3], [4, 8], [5, 6], [5, 12], [5, 16], [6, 0], [6, 5], [6, 7], [6, 9], [6, 11], [6, 12], [7, 1], [7, 2], [7, 3], [7, 6], [7, 8], [7, 9], [8, 3], [8, 4], [8, 7], [8, 9], [9, 6], [9, 7], [9, 8], [9, 10], [9, 13], [9, 14], [10, 9], [10, 13], [10, 14], [11, 6], [11, 12], [11, 17], [12, 5], [12, 6], [12, 11], [12, 13], [13, 9], [13, 10], [13, 12], [13, 14], [14, 9], [14, 10], [14, 13], [15, 0], [15, 16], [15, 17], [16, 5], [16, 15], [16, 17], [17, 11], [17, 15], [17, 16]], "target": 1, "label": {"0": "0", "1": "0", "2": "0", "3": "0", "4": "0", "5": "0", "6": "0", "7": "0", "8": "0", "9": "0", "10": "0", "11": "0", "12": "0", "13": "0", "14": "0", "15": "0", "16": "0", "17": "0"}}