{"edges": [[0, 1], [0, 7], [0, 17], [1, 0], [1, 2], [1, 4], [1, 8], [2, 1], [2, 3], [2, 4], [2, 5], [2, 9], [3, 2], [3, 4], [3, 5], [3, 8], [4, 1], [4, 2], [4, 3], [4, 5], [4, 8], [5, 2], [5, 3], [5, 4], [6, 7], [6, 13], [6, 17], [6, 18], [7, 0], [7, 6], [7, 8], [7, 12], [7, 13], [8, 1], [8, 3], [8, 4], [8, 7], [8, 9], [8, 10], [9, 2], [9, 8], [9, 10], [10, 8], [10, 9], [10, 11], [10, 14], [10, 15], [10, 16], [11, 10], [11, 15], [11, 16], [12, 7], [12, 13], [12, 18], [13, 6], [13, 7], [13, 12], [13, 14], [13, 15], [14, 10], [14, 13], [14, 15], [14, 16], [15, 10], [15, 11], [15, 13], [15, 14], [15, 16], [16, 10], [16, 11], [16, 14], [16, 15], [17, 0], [17, 6], [17, 18], [18, 6], [18, 12], [18, 17]], "target": 1, "label": {"0": "0", "1": "0", "2": "0", "3": "0", "4": "0", "5": "0", "6": "0", "7": "0", "8": "0", "9": "0", "10": "0", "11": "0", "12": "0", "13": "0", "14": "0", "15": "0", "16": "0", "17": "0", "18": "0"}}