{"edges": [[0, 4], [0, 9], [1, 3], [1, 8], [1, 13], [2, 4], [2, 9], [3, 1], [3, 13], [4, 0], [4, 2], [4, 5], [4, 10], [5, 4], [5, 6], [5, 9], [5, 11], [6, 5], [6, 7], [6, 10], [7, 6], [7, 8], [7, 13], [8, 1], [8, 7], [8, 12], [8, 13], [9, 0], [9, 2], [9, 5], [9, 10], [10, 4], [10, 6], [10, 9], [10, 11], [11, 5], [11, 10], [11, 12], [12, 8], [12, 11], [12, 13], [13, 1], [13, 3], [13, 7], [13, 8], [13, 12]], "target": 1, "label": {"0": "0", "1": "0", "2": "0", "3": "0", "4": "1", "5": "1", "6": "1", "7": "1", "8": "1", "9": "1", "10": "1", "11": "1", "12": "1", "13": "1"}}