{"edges": [[0, 1], [0, 12], [0, 13], [0, 14], [1, 0], [1, 2], [1, 14], [1, 16], [2, 1], [2, 3], [2, 4], [2, 5], [2, 15], [3, 2], [3, 4], [3, 5], [4, 2], [4, 3], [4, 5], [4, 17], [5, 2], [5, 3], [5, 4], [5, 6], [5, 17], [5, 19], [6, 5], [6, 7], [6, 8], [6, 18], [7, 6], [7, 8], [7, 9], [8, 6], [8, 7], [8, 9], [8, 10], [8, 11], [9, 7], [9, 8], [9, 10], [9, 11], [10, 8], [10, 9], [10, 11], [11, 8], [11, 9], [11, 10], [12, 0], [12, 13], [12, 14], [13, 0], [13, 12], [13, 14], [13, 16], [14, 0], [14, 1], [14, 12], [14, 13], [14, 15], [14, 16], [15, 2], [15, 14], [15, 16], [15, 17], [16, 1], [16, 13], [16, 14], [16, 15], [17, 4], [17, 5], [17, 15], [17, 18], [17, 19], [17, 20], [18, 6], [18, 17], [18, 19], [18, 20], [19, 5], [19, 17], [19, 18], [19, 20], [20, 17], [20, 18], [20, 19]], "target": 1, "label": {"0": "0", "1": "0", "2": "0", "3": "0", "4": "0", "5": "0", "6": "0", "7": "0", "8": "0", "9": "0", "10": "0", "11": "0", "12": "1", "13": "1", "14": "1", "15": "1", "16": "1", "17": "1", "18": "1", "19": "1", "20": "1"}}