{"edges": [[0, 4], [0, 5], [1, 2], [1, 5], [1, 10], [2, 1], [2, 4], [2, 11], [3, 10], [3, 14], [4, 0], [4, 2], [4, 5], [4, 14], [5, 0], [5, 1], [5, 4], [5, 16], [6, 10], [6, 14], [6, 19], [7, 9], [7, 10], [7, 14], [7, 19], [7, 21], [8, 10], [8, 14], [8, 24], [9, 7], [9, 10], [9, 14], [9, 24], [9, 26], [10, 1], [10, 3], [10, 6], [10, 7], [10, 8], [10, 9], [11, 2], [11, 15], [11, 20], [11, 25], [11, 29], [12, 13], [12, 22], [12, 29], [13, 12], [13, 28], [13, 30], [14, 3], [14, 4], [14, 6], [14, 7], [14, 8], [14, 9], [15, 11], [15, 16], [15, 31], [16, 5], [16, 15], [17, 18], [17, 22], [17, 31], [18, 17], [18, 28], [18, 32], [19, 6], [19, 7], [20, 11], [20, 21], [20, 33], [21, 7], [21, 20], [22, 12], [22, 17], [22, 23], [22, 27], [22, 33], [23, 22], [23, 28], [23, 34], [24, 8], [24, 9], [25, 11], [25, 26], [25, 35], [26, 9], [26, 25], [27, 22], [27, 28], [27, 35], [28, 13], [28, 18], [28, 23], [28, 27], [28, 36], [29, 11], [29, 12], [30, 13], [30, 36], [31, 15], [31, 17], [32, 18], [32, 36], [33, 20], [33, 22], [34, 23], [34, 36], [35, 25], [35, 27], [36, 28], [36, 30], [36, 32], [36, 34]], "target": 1, "label": {"0": "0", "1": "0", "2": "0", "3": "0", "4": "0", "5": "0", "6": "0", "7": "0", "8": "0", "9": "0", "10": "1", "11": "1", "12": "1", "13": "1", "14": "1", "15": "1", "16": "1", "17": "1", "18": "1", "19": "1", "20": "1", "21": "1", "22": "1", "23": "1", "24": "1", "25": "1", "26": "1", "27": "1", "28": "1", "29": "1", "30": "1", "31": "1", "32": "1", "33": "1", "34": "1", "35": "1", "36": "1"}}