{"edges": [[0, 1], [0, 2], [0, 20], [1, 0], [1, 2], [1, 20], [2, 0], [2, 1], [2, 3], [2, 4], [2, 19], [2, 20], [3, 2], [3, 4], [3, 19], [4, 2], [4, 3], [4, 5], [4, 18], [5, 4], [5, 6], [5, 7], [5, 18], [6, 5], [6, 7], [6, 8], [6, 18], [7, 5], [7, 6], [7, 8], [7, 9], [7, 10], [7, 18], [8, 6], [8, 7], [8, 9], [8, 10], [9, 7], [9, 8], [9, 10], [10, 7], [10, 8], [10, 9], [10, 11], [10, 21], [10, 22], [11, 10], [11, 21], [11, 22], [12, 13], [12, 14], [12, 15], [12, 22], [13, 12], [13, 14], [13, 15], [14, 12], [14, 13], [14, 15], [14, 16], [14, 17], [15, 12], [15, 13], [15, 14], [15, 16], [15, 17], [16, 14], [16, 15], [16, 17], [17, 14], [17, 15], [17, 16], [18, 4], [18, 5], [18, 6], [18, 7], [19, 2], [19, 3], [19, 20], [20, 0], [20, 1], [20, 2], [20, 19], [21, 10], [21, 11], [21, 22], [22, 10], [22, 11], [22, 12], [22, 21]], "target": 5, "label": {"0": "0", "1": "0", "2": "0", "3": "0", "4": "0", "5": "0", "6": "0", "7": "0", "8": "0", "9": "0", "10": "0", "11": "0", "12": "0", "13": "0", "14": "0", "15": "0", "16": "0", "17": "0", "18": "1", "19": "1", "20": "1", "21": "1", "22": "1"}}