{"edges": [[0, 1], [0, 27], [1, 0], [1, 14], [1, 29], [1, 30], [1, 41], [2, 3], [2, 4], [2, 29], [3, 2], [3, 4], [3, 5], [4, 2], [4, 3], [4, 5], [4, 28], [5, 3], [5, 4], [5, 6], [5, 7], [5, 28], [5, 33], [6, 5], [6, 7], [6, 8], [6, 20], [6, 21], [6, 33], [7, 5], [7, 6], [7, 8], [8, 6], [8, 7], [8, 9], [8, 22], [8, 31], [9, 8], [9, 21], [9, 31], [9, 32], [10, 11], [10, 12], [10, 13], [10, 32], [11, 10], [11, 12], [11, 13], [12, 10], [12, 11], [12, 13], [13, 10], [13, 11], [13, 12], [13, 26], [13, 35], [14, 1], [14, 15], [14, 38], [14, 41], [15, 14], [15, 16], [15, 40], [15, 41], [16, 15], [16, 17], [16, 18], [16, 40], [17, 16], [17, 18], [17, 19], [18, 16], [18, 17], [18, 19], [18, 39], [19, 17], [19, 18], [19, 20], [19, 34], [19, 39], [20, 6], [20, 19], [20, 21], [20, 34], [21, 6], [21, 9], [21, 20], [21, 22], [21, 42], [22, 8], [22, 21], [22, 42], [22, 43], [23, 24], [23, 25], [23, 26], [23, 43], [24, 23], [24, 25], [24, 26], [25, 23], [25, 24], [25, 26], [26, 13], [26, 23], [26, 24], [26, 25], [26, 44], [27, 0], [27, 30], [27, 41], [28, 4], [28, 5], [28, 33], [28, 34], [29, 1], [29, 2], [29, 30], [29, 41], [30, 1], [30, 27], [30, 29], [30, 38], [30, 40], [31, 8], [31, 9], [31, 32], [31, 43], [32, 9], [32, 10], [32, 31], [32, 42], [32, 43], [33, 5], [33, 6], [33, 28], [33, 34], [33, 39], [34, 19], [34, 20], [34, 28], [34, 33], [34, 39], [35, 13], [35, 36], [35, 45], [36, 35], [36, 37], [36, 44], [36, 46], [37, 36], [37, 45], [37, 46], [38, 14], [38, 30], [38, 41], [39, 18], [39, 19], [39, 33], [39, 34], [40, 15], [40, 16], [40, 30], [40, 41], [41, 1], [41, 14], [41, 15], [41, 27], [41, 29], [41, 38], [41, 40], [42, 21], [42, 22], [42, 32], [42, 43], [43, 22], [43, 23], [43, 31], [43, 32], [43, 42], [44, 26], [44, 36], [44, 45], [45, 35], [45, 37], [45, 44], [45, 46], [46, 36], [46, 37], [46, 45]], "target": 5, "label": {"0": "0", "1": "0", "2": "0", "3": "0", "4": "0", "5": "0", "6": "0", "7": "0", "8": "0", "9": "0", "10": "0", "11": "0", "12": "0", "13": "0", "14": "0", "15": "0", "16": "0", "17": "0", "18": "0", "19": "0", "20": "0", "21": "0", "22": "0", "23": "0", "24": "0", "25": "0", "26": "0", "27": "1", "28": "1", "29": "1", "30": "1", "31": "1", "32": "1", "33": "1", "34": "1", "35": "1", "36": "1", "37": "1", "38": "1", "39": "1", "40": "1", "41": "1", "42": "1", "43": "1", "44": "1", "45": "1", "46": "1"}}