{"edges": [[0, 6], [1, 30], [1, 31], [2, 3], [2, 29], [2, 30], [3, 2], [3, 4], [3, 12], [3, 16], [3, 18], [3, 29], [4, 3], [4, 12], [4, 13], [5, 33], [6, 0], [6, 7], [6, 21], [6, 22], [7, 6], [7, 8], [7, 9], [7, 13], [7, 22], [7, 23], [8, 7], [8, 9], [8, 13], [8, 23], [9, 7], [9, 8], [9, 13], [9, 26], [10, 15], [10, 34], [11, 14], [11, 45], [11, 46], [12, 3], [12, 4], [12, 13], [12, 46], [12, 47], [13, 4], [13, 7], [13, 8], [13, 9], [13, 12], [13, 47], [14, 11], [14, 43], [15, 10], [15, 16], [15, 36], [15, 37], [16, 3], [16, 15], [16, 17], [16, 18], [16, 37], [16, 38], [17, 16], [17, 18], [17, 38], [18, 3], [18, 16], [18, 17], [18, 41], [19, 25], [19, 33], [20, 21], [20, 24], [20, 32], [20, 35], [20, 44], [21, 6], [21, 20], [21, 31], [21, 36], [21, 45], [22, 6], [22, 7], [22, 30], [22, 46], [23, 7], [23, 8], [23, 29], [23, 47], [24, 20], [24, 27], [24, 28], [24, 42], [25, 19], [25, 27], [25, 28], [25, 33], [25, 34], [25, 43], [26, 9], [26, 29], [27, 24], [27, 25], [27, 32], [27, 39], [28, 24], [28, 25], [28, 33], [28, 40], [28, 43], [29, 2], [29, 3], [29, 23], [29, 26], [29, 38], [29, 41], [29, 47], [30, 1], [30, 2], [30, 22], [30, 37], [30, 46], [31, 1], [31, 21], [31, 32], [31, 36], [31, 45], [32, 20], [32, 27], [32, 31], [32, 35], [32, 44], [33, 5], [33, 19], [33, 25], [33, 28], [33, 34], [34, 10], [34, 25], [34, 33], [34, 40], [35, 20], [35, 32], [35, 36], [35, 39], [36, 15], [36, 21], [36, 31], [36, 35], [37, 15], [37, 16], [37, 30], [37, 46], [38, 16], [38, 17], [38, 29], [38, 47], [39, 27], [39, 35], [39, 42], [39, 43], [40, 28], [40, 34], [40, 42], [40, 43], [41, 18], [41, 29], [42, 24], [42, 39], [42, 40], [42, 44], [43, 14], [43, 25], [43, 28], [43, 39], [43, 40], [44, 20], [44, 32], [44, 42], [44, 45], [45, 11], [45, 21], [45, 31], [45, 44], [46, 11], [46, 12], [46, 22], [46, 30], [46, 37], [47, 12], [47, 13], [47, 23], [47, 29], [47, 38]], "target": 2, "label": {"0": "0", "1": "0", "2": "0", "3": "0", "4": "0", "5": "0", "6": "0", "7": "0", "8": "0", "9": "0", "10": "0", "11": "0", "12": "0", "13": "0", "14": "0", "15": "0", "16": "0", "17": "0", "18": "0", "19": "1", "20": "1", "21": "1", "22": "1", "23": "1", "24": "1", "25": "1", "26": "1", "27": "1", "28": "1", "29": "1", "30": "1", "31": "1", "32": "1", "33": "1", "34": "1", "35": "1", "36": "1", "37": "1", "38": "1", "39": "1", "40": "1", "41": "1", "42": "1", "43": "1", "44": "1", "45": "1", "46": "1", "47": "1"}}