{"edges": [[0, 1], [0, 7], [0, 8], [1, 0], [1, 7], [1, 8], [1, 15], [1, 20], [2, 3], [2, 9], [2, 10], [2, 17], [2, 18], [3, 2], [3, 4], [3, 9], [3, 10], [3, 11], [3, 18], [3, 19], [4, 3], [4, 5], [4, 6], [4, 19], [4, 24], [5, 4], [5, 6], [5, 19], [6, 4], [6, 5], [6, 13], [6, 14], [7, 0], [7, 1], [7, 8], [8, 0], [8, 1], [8, 7], [8, 20], [9, 2], [9, 3], [9, 10], [9, 22], [10, 2], [10, 3], [10, 9], [10, 23], [11, 3], [11, 12], [11, 13], [11, 24], [12, 11], [12, 13], [12, 14], [13, 6], [13, 11], [13, 12], [13, 14], [14, 6], [14, 12], [14, 13], [15, 1], [15, 16], [15, 21], [16, 15], [16, 17], [16, 20], [16, 22], [17, 2], [17, 16], [17, 21], [18, 2], [18, 3], [18, 19], [18, 23], [18, 24], [19, 3], [19, 4], [19, 5], [19, 18], [19, 23], [19, 24], [20, 1], [20, 8], [20, 16], [20, 21], [21, 15], [21, 17], [21, 20], [21, 22], [22, 9], [22, 16], [22, 21], [23, 10], [23, 18], [23, 19], [23, 24], [24, 4], [24, 11], [24, 18], [24, 19], [24, 23]], "target": 2, "label": {"0": "0", "1": "0", "2": "0", "3": "0", "4": "0", "5": "0", "6": "0", "7": "0", "8": "0", "9": "0", "10": "0", "11": "0", "12": "0", "13": "0", "14": "0", "15": "1", "16": "1", "17": "1", "18": "1", "19": "1", "20": "1", "21": "1", "22": "1", "23": "1", "24": "1"}}