{"edges": [[0, 1], [0, 6], [0, 7], [0, 14], [0, 21], [1, 0], [1, 6], [1, 15], [1, 16], [2, 3], [2, 8], [2, 9], [2, 18], [2, 19], [3, 2], [3, 8], [3, 9], [3, 19], [3, 20], [4, 5], [4, 20], [4, 27], [5, 4], [5, 12], [5, 13], [5, 20], [6, 0], [6, 1], [6, 7], [6, 21], [7, 0], [7, 6], [7, 22], [7, 23], [8, 2], [8, 3], [8, 10], [8, 25], [8, 26], [9, 2], [9, 3], [9, 10], [9, 26], [9, 27], [10, 8], [10, 9], [10, 11], [10, 12], [10, 27], [11, 10], [11, 12], [11, 13], [12, 5], [12, 10], [12, 11], [12, 13], [13, 5], [13, 11], [13, 12], [14, 0], [14, 15], [14, 22], [15, 1], [15, 14], [15, 21], [15, 22], [16, 1], [16, 17], [16, 24], [17, 16], [17, 18], [17, 23], [17, 25], [18, 2], [18, 17], [18, 24], [19, 2], [19, 3], [19, 20], [19, 27], [20, 3], [20, 4], [20, 5], [20, 19], [20, 26], [20, 27], [21, 0], [21, 6], [21, 15], [21, 22], [22, 7], [22, 14], [22, 15], [22, 21], [23, 7], [23, 17], [23, 24], [24, 16], [24, 18], [24, 23], [24, 25], [25, 8], [25, 17], [25, 24], [26, 8], [26, 9], [26, 20], [26, 27], [27, 4], [27, 9], [27, 10], [27, 19], [27, 20], [27, 26]], "target": 2, "label": {"0": "0", "1": "0", "2": "0", "3": "0", "4": "0", "5": "0", "6": "0", "7": "0", "8": "0", "9": "0", "10": "0", "11": "0", "12": "0", "13": "0", "14": "1", "15": "1", "16": "1", "17": "1", "18": "1", "19": "1", "20": "1", "21": "1", "22": "1", "23": "1", "24": "1", "25": "1", "26": "1", "27": "1"}}