{"edges": [[0, 19], [0, 26], [1, 20], [1, 21], [1, 27], [2, 12], [2, 23], [2, 24], [2, 31], [3, 4], [3, 13], [3, 24], [4, 3], [4, 25], [4, 32], [5, 6], [5, 25], [5, 32], [6, 5], [6, 7], [6, 16], [7, 6], [7, 8], [7, 15], [7, 17], [8, 7], [8, 9], [8, 18], [9, 8], [9, 17], [9, 18], [10, 19], [10, 26], [11, 20], [11, 27], [11, 28], [12, 2], [12, 24], [12, 30], [12, 31], [13, 3], [13, 31], [13, 32], [14, 15], [14, 25], [14, 32], [15, 7], [15, 14], [15, 16], [16, 6], [16, 15], [16, 17], [17, 7], [17, 9], [17, 16], [17, 18], [18, 8], [18, 9], [18, 17], [19, 0], [19, 10], [19, 20], [19, 27], [20, 1], [20, 11], [20, 19], [20, 26], [21, 1], [21, 22], [21, 29], [22, 21], [22, 23], [22, 28], [22, 30], [23, 2], [23, 22], [23, 29], [24, 2], [24, 3], [24, 12], [24, 31], [25, 4], [25, 5], [25, 14], [25, 32], [26, 0], [26, 10], [26, 20], [26, 27], [27, 1], [27, 11], [27, 19], [27, 26], [28, 11], [28, 22], [28, 29], [29, 21], [29, 23], [29, 28], [29, 30], [30, 12], [30, 22], [30, 29], [31, 2], [31, 12], [31, 13], [31, 24], [32, 4], [32, 5], [32, 13], [32, 14], [32, 25]], "target": 2, "label": {"0": "0", "1": "0", "2": "0", "3": "0", "4": "0", "5": "0", "6": "0", "7": "0", "8": "0", "9": "0", "10": "0", "11": "0", "12": "0", "13": "0", "14": "0", "15": "0", "16": "0", "17": "0", "18": "0", "19": "1", "20": "1", "21": "1", "22": "1", "23": "1", "24": "1", "25": "1", "26": "1", "27": "1", "28": "1", "29": "1", "30": "1", "31": "1", "32": "1"}}