{"edges": [[0, 1], [0, 11], [1, 0], [1, 10], [1, 19], [1, 24], [2, 12], [2, 21], [2, 22], [2, 27], [3, 4], [3, 13], [3, 22], [4, 3], [4, 23], [4, 28], [5, 6], [5, 23], [5, 28], [6, 5], [6, 7], [6, 16], [7, 6], [7, 8], [7, 15], [7, 17], [8, 7], [8, 9], [8, 18], [9, 8], [9, 17], [9, 18], [10, 1], [10, 11], [11, 0], [11, 10], [11, 19], [11, 24], [12, 2], [12, 22], [12, 26], [12, 27], [13, 3], [13, 27], [13, 28], [14, 15], [14, 23], [14, 28], [15, 7], [15, 14], [15, 16], [16, 6], [16, 15], [16, 17], [17, 7], [17, 9], [17, 16], [17, 18], [18, 8], [18, 9], [18, 17], [19, 1], [19, 11], [19, 20], [19, 25], [20, 19], [20, 21], [20, 24], [20, 26], [21, 2], [21, 20], [21, 25], [22, 2], [22, 3], [22, 12], [22, 27], [23, 4], [23, 5], [23, 14], [23, 28], [24, 1], [24, 11], [24, 20], [24, 25], [25, 19], [25, 21], [25, 24], [25, 26], [26, 12], [26, 20], [26, 25], [27, 2], [27, 12], [27, 13], [27, 22], [28, 4], [28, 5], [28, 13], [28, 14], [28, 23]], "target": 2, "label": {"0": "0", "1": "0", "2": "0", "3": "0", "4": "0", "5": "0", "6": "0", "7": "0", "8": "0", "9": "0", "10": "0", "11": "0", "12": "0", "13": "0", "14": "0", "15": "0", "16": "0", "17": "0", "18": "0", "19": "1", "20": "1", "21": "1", "22": "1", "23": "1", "24": "1", "25": "1", "26": "1", "27": "1", "28": "1"}}