{"edges": [[0, 18], [0, 19], [1, 11], [1, 18], [1, 19], [1, 21], [1, 26], [2, 22], [2, 23], [2, 29], [3, 12], [3, 23], [3, 24], [3, 31], [4, 20], [4, 25], [4, 27], [4, 32], [5, 6], [5, 25], [5, 32], [6, 5], [6, 7], [6, 15], [7, 6], [7, 8], [7, 14], [7, 16], [8, 7], [8, 9], [8, 15], [8, 17], [9, 8], [9, 16], [9, 17], [10, 18], [10, 19], [10, 26], [11, 1], [11, 19], [11, 26], [11, 28], [12, 3], [12, 24], [12, 30], [12, 31], [13, 14], [13, 25], [13, 32], [14, 7], [14, 13], [14, 15], [15, 6], [15, 8], [15, 14], [15, 16], [16, 7], [16, 9], [16, 15], [16, 17], [17, 8], [17, 9], [17, 16], [18, 0], [18, 1], [18, 10], [18, 19], [18, 26], [19, 0], [19, 1], [19, 10], [19, 11], [19, 18], [20, 4], [20, 24], [20, 25], [20, 32], [21, 1], [21, 22], [21, 29], [22, 2], [22, 21], [22, 23], [22, 28], [22, 30], [23, 2], [23, 3], [23, 22], [23, 29], [24, 3], [24, 12], [24, 20], [24, 31], [25, 4], [25, 5], [25, 13], [25, 20], [25, 27], [25, 32], [26, 1], [26, 10], [26, 11], [26, 18], [27, 4], [27, 25], [27, 31], [27, 32], [28, 11], [28, 22], [28, 29], [29, 2], [29, 21], [29, 23], [29, 28], [29, 30], [30, 12], [30, 22], [30, 29], [31, 3], [31, 12], [31, 24], [31, 27], [32, 4], [32, 5], [32, 13], [32, 20], [32, 25], [32, 27]], "target": 2, "label": {"0": "0", "1": "0", "2": "0", "3": "0", "4": "0", "5": "0", "6": "0", "7": "0", "8": "0", "9": "0", "10": "0", "11": "0", "12": "0", "13": "0", "14": "0", "15": "0", "16": "0", "17": "0", "18": "1", "19": "1", "20": "1", "21": "1", "22": "1", "23": "1", "24": "1", "25": "1", "26": "1", "27": "1", "28": "1", "29": "1", "30": "1", "31": "1", "32": "1"}}