{"edges": [[0, 1], [0, 2], [0, 3], [0, 10], [1, 0], [1, 2], [1, 3], [1, 20], [2, 0], [2, 1], [2, 14], [2, 20], [3, 0], [3, 1], [3, 19], [4, 5], [4, 12], [4, 16], [4, 17], [5, 4], [5, 6], [5, 11], [5, 13], [5, 17], [6, 5], [6, 12], [6, 13], [6, 18], [7, 8], [7, 9], [7, 10], [7, 19], [7, 27], [8, 7], [8, 9], [8, 10], [8, 28], [9, 7], [9, 8], [9, 22], [9, 28], [10, 0], [10, 7], [10, 8], [10, 19], [10, 27], [11, 5], [11, 12], [11, 24], [11, 25], [12, 4], [12, 6], [12, 11], [12, 13], [12, 25], [13, 5], [13, 6], [13, 12], [13, 26], [14, 2], [14, 15], [14, 20], [14, 23], [14, 28], [15, 14], [15, 16], [15, 22], [15, 24], [16, 4], [16, 15], [16, 17], [16, 23], [16, 25], [17, 4], [17, 5], [17, 16], [17, 24], [18, 6], [18, 21], [18, 29], [19, 3], [19, 7], [19, 10], [20, 1], [20, 2], [20, 14], [20, 22], [21, 18], [21, 26], [21, 29], [22, 9], [22, 15], [22, 20], [22, 23], [22, 28], [23, 14], [23, 16], [23, 22], [23, 24], [24, 11], [24, 15], [24, 17], [24, 23], [24, 25], [25, 11], [25, 12], [25, 16], [25, 24], [26, 13], [26, 21], [26, 29], [27, 7], [27, 10], [28, 8], [28, 9], [28, 14], [28, 22], [29, 18], [29, 21], [29, 26]], "target": 2, "label": {"0": "0", "1": "0", "2": "0", "3": "0", "4": "0", "5": "0", "6": "0", "7": "0", "8": "0", "9": "0", "10": "0", "11": "0", "12": "0", "13": "0", "14": "1", "15": "1", "16": "1", "17": "1", "18": "1", "19": "1", "20": "1", "21": "1", "22": "1", "23": "1", "24": "1", "25": "1", "26": "1", "27": "1", "28": "1", "29": "1"}}