{"edges": [[0, 18], [0, 19], [0, 25], [1, 18], [1, 20], [1, 25], [1, 26], [2, 22], [2, 23], [2, 27], [2, 31], [3, 23], [3, 24], [3, 27], [3, 32], [4, 5], [4, 24], [4, 32], [5, 4], [5, 6], [5, 7], [6, 5], [6, 7], [6, 8], [7, 5], [7, 6], [7, 8], [8, 6], [8, 7], [8, 16], [9, 18], [9, 19], [9, 25], [10, 18], [10, 26], [10, 28], [11, 23], [11, 27], [11, 30], [11, 31], [12, 24], [12, 27], [12, 32], [13, 14], [13, 24], [13, 32], [14, 13], [14, 15], [14, 16], [14, 17], [15, 14], [15, 16], [15, 17], [16, 8], [16, 14], [16, 15], [16, 17], [17, 14], [17, 15], [17, 16], [18, 0], [18, 1], [18, 9], [18, 10], [18, 19], [18, 25], [18, 26], [19, 0], [19, 9], [19, 18], [19, 25], [19, 26], [20, 1], [20, 21], [20, 29], [21, 20], [21, 22], [21, 28], [21, 30], [22, 2], [22, 21], [22, 29], [23, 2], [23, 3], [23, 11], [23, 27], [23, 31], [24, 3], [24, 4], [24, 12], [24, 13], [24, 27], [24, 32], [25, 0], [25, 1], [25, 9], [25, 18], [25, 19], [25, 26], [26, 1], [26, 10], [26, 18], [26, 19], [26, 25], [27, 2], [27, 3], [27, 11], [27, 12], [27, 23], [27, 24], [27, 31], [27, 32], [28, 10], [28, 21], [28, 29], [29, 20], [29, 22], [29, 28], [29, 30], [30, 11], [30, 21], [30, 29], [31, 2], [31, 11], [31, 23], [31, 27], [32, 3], [32, 4], [32, 12], [32, 13], [32, 24], [32, 27]], "target": 2, "label": {"0": "0", "1": "0", "2": "0", "3": "0", "4": "0", "5": "0", "6": "0", "7": "0", "8": "0", "9": "0", "10": "0", "11": "0", "12": "0", "13": "0", "14": "0", "15": "0", "16": "0", "17": "0", "18": "1", "19": "1", "20": "1", "21": "1", "22": "1", "23": "1", "24": "1", "25": "1", "26": "1", "27": "1", "28": "1", "29": "1", "30": "1", "31": "1", "32": "1"}}