{"edges": [[0, 17], [0, 24], [0, 25], [1, 17], [1, 19], [1, 24], [1, 25], [2, 18], [2, 21], [2, 22], [2, 30], [3, 18], [3, 23], [3, 26], [4, 5], [4, 23], [4, 31], [5, 4], [5, 6], [5, 7], [6, 5], [6, 7], [6, 8], [7, 5], [7, 6], [7, 8], [8, 6], [8, 7], [8, 15], [9, 10], [9, 17], [9, 24], [10, 9], [10, 17], [10, 24], [10, 25], [10, 27], [11, 22], [11, 29], [11, 30], [12, 13], [12, 23], [12, 31], [13, 12], [13, 14], [13, 15], [13, 16], [14, 13], [14, 15], [14, 16], [15, 8], [15, 13], [15, 14], [15, 16], [16, 13], [16, 14], [16, 15], [17, 0], [17, 1], [17, 9], [17, 10], [17, 24], [18, 2], [18, 3], [18, 22], [18, 23], [18, 30], [18, 31], [19, 1], [19, 20], [19, 28], [20, 19], [20, 21], [20, 27], [20, 29], [21, 2], [21, 20], [21, 28], [22, 2], [22, 11], [22, 18], [23, 3], [23, 4], [23, 12], [23, 18], [23, 26], [23, 31], [24, 0], [24, 1], [24, 9], [24, 10], [24, 17], [24, 25], [25, 0], [25, 1], [25, 10], [25, 24], [26, 3], [26, 23], [26, 30], [26, 31], [27, 10], [27, 20], [27, 28], [28, 19], [28, 21], [28, 27], [28, 29], [29, 11], [29, 20], [29, 28], [30, 2], [30, 11], [30, 18], [30, 26], [31, 4], [31, 12], [31, 18], [31, 23], [31, 26]], "target": 2, "label": {"0": "0", "1": "0", "2": "0", "3": "0", "4": "0", "5": "0", "6": "0", "7": "0", "8": "0", "9": "0", "10": "0", "11": "0", "12": "0", "13": "0", "14": "0", "15": "0", "16": "0", "17": "1", "18": "1", "19": "1", "20": "1", "21": "1", "22": "1", "23": "1", "24": "1", "25": "1", "26": "1", "27": "1", "28": "1", "29": "1", "30": "1", "31": "1"}}