{"edges": [[0, 1], [0, 2], [0, 3], [1, 0], [1, 2], [1, 3], [2, 0], [2, 1], [2, 3], [2, 4], [3, 0], [3, 1], [3, 2], [3, 4], [3, 5], [4, 2], [4, 3], [4, 5], [4, 6], [5, 3], [5, 4], [5, 6], [5, 18], [6, 4], [6, 5], [6, 7], [6, 16], [6, 17], [7, 6], [7, 16], [7, 23], [7, 26], [8, 9], [8, 10], [8, 11], [8, 14], [8, 15], [9, 8], [9, 10], [9, 11], [9, 12], [9, 20], [10, 8], [10, 9], [10, 11], [10, 12], [11, 8], [11, 9], [11, 10], [11, 12], [11, 25], [12, 9], [12, 10], [12, 11], [12, 13], [12, 24], [13, 12], [13, 19], [13, 24], [13, 25], [14, 8], [14, 15], [14, 20], [14, 21], [15, 8], [15, 14], [15, 20], [15, 21], [15, 22], [15, 26], [15, 27], [16, 6], [16, 7], [16, 17], [16, 18], [16, 23], [17, 6], [17, 16], [17, 18], [17, 23], [18, 5], [18, 16], [18, 17], [18, 23], [19, 13], [19, 24], [19, 25], [20, 9], [20, 14], [20, 15], [20, 21], [21, 14], [21, 15], [21, 20], [21, 22], [21, 27], [22, 15], [22, 21], [22, 26], [22, 27], [23, 7], [23, 16], [23, 17], [23, 18], [23, 26], [23, 27], [24, 12], [24, 13], [24, 19], [24, 25], [25, 11], [25, 13], [25, 19], [25, 24], [26, 7], [26, 15], [26, 22], [26, 23], [26, 27], [27, 15], [27, 21], [27, 22], [27, 23], [27, 26]], "target": 2, "label": {"0": "0", "1": "0", "2": "0", "3": "0", "4": "0", "5": "0", "6": "0", "7": "0", "8": "0", "9": "0", "10": "0", "11": "0", "12": "0", "13": "1", "14": "1", "15": "1", "16": "1", "17": "1", "18": "1", "19": "1", "20": "1", "21": "1", "22": "1", "23": "1", "24": "1", "25": "1", "26": "1", "27": "1"}}