{"edges": [[0, 1], [0, 14], [1, 0], [1, 2], [1, 27], [1, 28], [2, 1], [2, 3], [2, 4], [2, 15], [2, 27], [3, 2], [3, 4], [3, 5], [4, 2], [4, 3], [4, 5], [4, 26], [5, 3], [5, 4], [5, 6], [5, 18], [5, 26], [5, 31], [6, 5], [6, 7], [6, 19], [6, 31], [7, 6], [7, 8], [7, 18], [7, 20], [7, 29], [8, 7], [8, 19], [8, 20], [8, 29], [8, 30], [9, 10], [9, 11], [9, 23], [9, 30], [10, 9], [10, 11], [10, 23], [11, 9], [11, 10], [11, 12], [11, 22], [11, 24], [12, 11], [12, 23], [12, 24], [12, 33], [13, 25], [13, 36], [13, 39], [14, 0], [14, 15], [14, 28], [14, 38], [14, 39], [15, 2], [15, 14], [15, 16], [15, 38], [16, 15], [16, 17], [16, 26], [16, 27], [16, 37], [16, 38], [17, 16], [17, 26], [17, 31], [17, 32], [17, 37], [18, 5], [18, 7], [18, 19], [18, 32], [19, 6], [19, 8], [19, 18], [19, 20], [19, 40], [20, 7], [20, 8], [20, 19], [20, 40], [20, 41], [21, 22], [21, 23], [21, 30], [21, 41], [22, 11], [22, 21], [22, 23], [23, 9], [23, 10], [23, 12], [23, 21], [23, 22], [23, 24], [24, 11], [24, 12], [24, 23], [24, 42], [25, 13], [25, 28], [25, 39], [26, 4], [26, 5], [26, 16], [26, 17], [26, 31], [26, 32], [27, 1], [27, 2], [27, 16], [27, 28], [28, 1], [28, 14], [28, 25], [28, 27], [28, 36], [28, 38], [29, 7], [29, 8], [29, 30], [29, 41], [30, 8], [30, 9], [30, 21], [30, 29], [30, 40], [30, 41], [31, 5], [31, 6], [31, 17], [31, 26], [31, 32], [31, 37], [32, 17], [32, 18], [32, 26], [32, 31], [32, 37], [33, 12], [33, 34], [33, 42], [33, 43], [34, 33], [34, 35], [34, 42], [34, 44], [35, 34], [35, 43], [35, 44], [36, 13], [36, 28], [36, 39], [37, 16], [37, 17], [37, 31], [37, 32], [38, 14], [38, 15], [38, 16], [38, 28], [39, 13], [39, 14], [39, 25], [39, 36], [40, 19], [40, 20], [40, 30], [40, 41], [41, 20], [41, 21], [41, 29], [41, 30], [41, 40], [42, 24], [42, 33], [42, 34], [42, 43], [43, 33], [43, 35], [43, 42], [43, 44], [44, 34], [44, 35], [44, 43]], "target": 5, "label": {"0": "0", "1": "0", "2": "0", "3": "0", "4": "0", "5": "0", "6": "0", "7": "0", "8": "0", "9": "0", "10": "0", "11": "0", "12": "0", "13": "0", "14": "0", "15": "0", "16": "0", "17": "0", "18": "0", "19": "0", "20": "0", "21": "0", "22": "0", "23": "0", "24": "0", "25": "1", "26": "1", "27": "1", "28": "1", "29": "1", "30": "1", "31": "1", "32": "1", "33": "1", "34": "1", "35": "1", "36": "1", "37": "1", "38": "1", "39": "1", "40": "1", "41": "1", "42": "1", "43": "1", "44": "1"}}