{"edges": [[0, 19], [0, 20], [1, 18], [1, 21], [1, 22], [2, 25], [2, 27], [2, 32], [3, 17], [3, 25], [4, 26], [4, 28], [4, 36], [5, 6], [5, 14], [5, 28], [5, 35], [6, 5], [6, 7], [6, 14], [6, 16], [7, 6], [7, 15], [7, 16], [8, 19], [8, 20], [9, 18], [9, 21], [9, 29], [10, 25], [10, 27], [10, 32], [10, 34], [11, 17], [11, 26], [11, 32], [11, 33], [12, 26], [12, 28], [12, 33], [12, 35], [12, 36], [13, 14], [13, 28], [13, 35], [13, 36], [14, 5], [14, 6], [14, 13], [14, 15], [15, 7], [15, 14], [15, 16], [16, 6], [16, 7], [16, 15], [17, 3], [17, 11], [17, 26], [17, 33], [18, 1], [18, 9], [18, 19], [18, 20], [18, 21], [19, 0], [19, 8], [19, 18], [19, 20], [19, 21], [20, 0], [20, 8], [20, 18], [20, 19], [20, 21], [21, 1], [21, 9], [21, 18], [21, 19], [21, 20], [22, 1], [22, 23], [22, 30], [23, 22], [23, 24], [23, 29], [23, 31], [24, 23], [24, 27], [24, 30], [24, 34], [25, 2], [25, 3], [25, 10], [26, 4], [26, 11], [26, 12], [26, 17], [27, 2], [27, 10], [27, 24], [27, 31], [28, 4], [28, 5], [28, 12], [28, 13], [28, 35], [28, 36], [29, 9], [29, 23], [29, 30], [30, 22], [30, 24], [30, 29], [30, 31], [31, 23], [31, 27], [31, 30], [31, 34], [32, 2], [32, 10], [32, 11], [33, 11], [33, 12], [33, 17], [34, 10], [34, 24], [34, 31], [35, 5], [35, 12], [35, 13], [35, 28], [35, 36], [36, 4], [36, 12], [36, 13], [36, 28], [36, 35]], "target": 2, "label": {"0": "0", "1": "0", "2": "0", "3": "0", "4": "0", "5": "0", "6": "0", "7": "0", "8": "0", "9": "0", "10": "0", "11": "0", "12": "0", "13": "0", "14": "0", "15": "0", "16": "0", "17": "1", "18": "1", "19": "1", "20": "1", "21": "1", "22": "1", "23": "1", "24": "1", "25": "1", "26": "1", "27": "1", "28": "1", "29": "1", "30": "1", "31": "1", "32": "1", "33": "1", "34": "1", "35": "1", "36": "1"}}