{"edges": [[0, 19], [0, 20], [1, 18], [1, 21], [1, 22], [2, 25], [2, 27], [2, 32], [3, 25], [3, 26], [3, 32], [4, 26], [4, 28], [4, 33], [5, 6], [5, 15], [5, 28], [5, 35], [6, 5], [6, 7], [6, 16], [7, 6], [7, 8], [7, 15], [7, 17], [8, 7], [8, 16], [8, 17], [9, 19], [9, 20], [10, 18], [10, 21], [10, 29], [11, 25], [11, 27], [11, 32], [11, 34], [12, 26], [12, 32], [12, 33], [13, 14], [13, 26], [13, 33], [13, 35], [14, 13], [14, 15], [14, 28], [14, 35], [15, 5], [15, 7], [15, 14], [15, 16], [16, 6], [16, 8], [16, 15], [16, 17], [17, 7], [17, 8], [17, 16], [18, 1], [18, 10], [18, 19], [18, 20], [18, 21], [19, 0], [19, 9], [19, 18], [19, 20], [19, 21], [20, 0], [20, 9], [20, 18], [20, 19], [20, 21], [21, 1], [21, 10], [21, 18], [21, 19], [21, 20], [22, 1], [22, 23], [22, 30], [23, 22], [23, 24], [23, 29], [23, 30], [23, 31], [24, 23], [24, 27], [24, 30], [24, 34], [25, 2], [25, 3], [25, 11], [25, 27], [25, 32], [25, 34], [26, 3], [26, 4], [26, 12], [26, 13], [27, 2], [27, 11], [27, 24], [27, 25], [28, 4], [28, 5], [28, 14], [28, 35], [29, 10], [29, 23], [29, 30], [30, 22], [30, 23], [30, 24], [30, 29], [30, 31], [31, 23], [31, 30], [31, 34], [32, 2], [32, 3], [32, 11], [32, 12], [32, 25], [33, 4], [33, 12], [33, 13], [34, 11], [34, 24], [34, 25], [34, 31], [35, 5], [35, 13], [35, 14], [35, 28]], "target": 2, "label": {"0": "0", "1": "0", "2": "0", "3": "0", "4": "0", "5": "0", "6": "0", "7": "0", "8": "0", "9": "0", "10": "0", "11": "0", "12": "0", "13": "0", "14": "0", "15": "0", "16": "0", "17": "0", "18": "1", "19": "1", "20": "1", "21": "1", "22": "1", "23": "1", "24": "1", "25": "1", "26": "1", "27": "1", "28": "1", "29": "1", "30": "1", "31": "1", "32": "1", "33": "1", "34": "1", "35": "1"}}