{"edges": [[0, 1], [0, 11], [1, 0], [1, 10], [1, 19], [1, 23], [2, 3], [2, 4], [2, 13], [2, 26], [2, 28], [3, 2], [3, 4], [3, 13], [3, 26], [4, 2], [4, 3], [4, 5], [4, 12], [4, 14], [4, 27], [5, 4], [5, 6], [5, 13], [5, 27], [5, 30], [6, 5], [6, 7], [6, 8], [6, 9], [6, 29], [7, 6], [7, 8], [7, 9], [8, 6], [8, 7], [8, 9], [9, 6], [9, 7], [9, 8], [10, 1], [10, 11], [10, 20], [10, 21], [11, 0], [11, 10], [11, 22], [11, 31], [12, 4], [12, 13], [12, 34], [12, 36], [13, 2], [13, 3], [13, 5], [13, 12], [13, 14], [13, 34], [13, 35], [14, 4], [14, 13], [14, 15], [14, 35], [14, 37], [15, 14], [15, 16], [15, 17], [15, 18], [15, 37], [16, 15], [16, 17], [16, 18], [17, 15], [17, 16], [17, 18], [18, 15], [18, 16], [18, 17], [19, 1], [19, 20], [19, 21], [19, 22], [20, 10], [20, 19], [20, 21], [20, 22], [21, 10], [21, 19], [21, 20], [21, 22], [22, 11], [22, 19], [22, 20], [22, 21], [23, 1], [23, 24], [23, 32], [24, 23], [24, 25], [24, 31], [24, 33], [25, 24], [25, 28], [25, 32], [25, 36], [26, 2], [26, 3], [26, 28], [26, 36], [27, 4], [27, 5], [27, 29], [27, 30], [27, 37], [28, 2], [28, 25], [28, 26], [28, 33], [28, 34], [29, 6], [29, 27], [29, 30], [29, 35], [29, 37], [30, 5], [30, 27], [30, 29], [30, 35], [30, 37], [31, 11], [31, 24], [31, 32], [32, 23], [32, 25], [32, 31], [32, 33], [33, 24], [33, 28], [33, 32], [33, 36], [34, 12], [34, 13], [34, 28], [34, 36], [35, 13], [35, 14], [35, 29], [35, 30], [36, 12], [36, 25], [36, 26], [36, 33], [36, 34], [37, 14], [37, 15], [37, 27], [37, 29], [37, 30]], "target": 2, "label": {"0": "0", "1": "0", "2": "0", "3": "0", "4": "0", "5": "0", "6": "0", "7": "0", "8": "0", "9": "0", "10": "0", "11": "0", "12": "0", "13": "0", "14": "0", "15": "0", "16": "0", "17": "0", "18": "0", "19": "1", "20": "1", "21": "1", "22": "1", "23": "1", "24": "1", "25": "1", "26": "1", "27": "1", "28": "1", "29": "1", "30": "1", "31": "1", "32": "1", "33": "1", "34": "1", "35": "1", "36": "1", "37": "1"}}