{"edges": [[0, 1], [0, 11], [1, 0], [1, 19], [1, 23], [2, 12], [2, 26], [2, 28], [2, 32], [3, 4], [3, 5], [3, 13], [3, 26], [4, 3], [4, 5], [4, 27], [5, 3], [5, 4], [5, 6], [5, 13], [5, 27], [5, 29], [5, 36], [6, 5], [6, 7], [6, 29], [7, 6], [7, 8], [7, 9], [7, 15], [8, 7], [8, 9], [8, 16], [8, 18], [9, 7], [9, 8], [9, 17], [10, 20], [10, 21], [11, 0], [11, 19], [11, 22], [11, 30], [12, 2], [12, 26], [12, 28], [12, 32], [12, 34], [13, 3], [13, 5], [13, 32], [13, 33], [14, 27], [14, 29], [14, 33], [14, 35], [14, 36], [15, 7], [15, 16], [15, 29], [15, 35], [16, 8], [16, 15], [16, 17], [16, 18], [17, 9], [17, 16], [17, 18], [18, 8], [18, 16], [18, 17], [19, 1], [19, 11], [19, 20], [19, 21], [19, 22], [20, 10], [20, 19], [20, 21], [20, 22], [21, 10], [21, 19], [21, 20], [21, 22], [22, 11], [22, 19], [22, 20], [22, 21], [23, 1], [23, 24], [23, 25], [23, 30], [24, 23], [24, 25], [24, 31], [25, 23], [25, 24], [25, 28], [25, 30], [25, 34], [26, 2], [26, 3], [26, 12], [26, 28], [27, 4], [27, 5], [27, 14], [27, 36], [28, 2], [28, 12], [28, 25], [28, 26], [28, 32], [29, 5], [29, 6], [29, 14], [29, 15], [29, 35], [29, 36], [30, 11], [30, 23], [30, 25], [30, 31], [31, 24], [31, 30], [31, 34], [32, 2], [32, 12], [32, 13], [32, 28], [33, 13], [33, 14], [33, 36], [34, 12], [34, 25], [34, 31], [35, 14], [35, 15], [35, 29], [35, 36], [36, 5], [36, 14], [36, 27], [36, 29], [36, 33], [36, 35]], "target": 2, "label": {"0": "0", "1": "0", "2": "0", "3": "0", "4": "0", "5": "0", "6": "0", "7": "0", "8": "0", "9": "0", "10": "0", "11": "0", "12": "0", "13": "0", "14": "0", "15": "0", "16": "0", "17": "0", "18": "0", "19": "1", "20": "1", "21": "1", "22": "1", "23": "1", "24": "1", "25": "1", "26": "1", "27": "1", "28": "1", "29": "1", "30": "1", "31": "1", "32": "1", "33": "1", "34": "1", "35": "1", "36": "1"}}