{"edges": [[0, 1], [0, 10], [0, 18], [0, 26], [1, 0], [1, 2], [1, 9], [1, 18], [1, 24], [1, 26], [2, 1], [2, 3], [2, 12], [2, 23], [2, 24], [3, 2], [3, 4], [3, 11], [3, 22], [3, 23], [4, 3], [4, 5], [4, 14], [4, 20], [4, 21], [5, 4], [5, 6], [5, 13], [5, 15], [5, 20], [6, 5], [6, 7], [6, 8], [6, 14], [6, 16], [7, 6], [7, 8], [7, 15], [7, 16], [7, 17], [7, 19], [8, 6], [8, 7], [8, 16], [8, 25], [9, 1], [9, 10], [9, 26], [10, 0], [10, 9], [10, 11], [10, 32], [11, 3], [11, 10], [11, 12], [11, 31], [11, 32], [12, 2], [12, 11], [12, 30], [12, 31], [13, 5], [13, 14], [13, 28], [13, 29], [14, 4], [14, 6], [14, 13], [14, 15], [14, 28], [15, 5], [15, 7], [15, 14], [15, 16], [15, 17], [16, 6], [16, 7], [16, 8], [16, 15], [16, 17], [16, 27], [17, 7], [17, 15], [17, 16], [17, 33], [18, 0], [18, 1], [19, 7], [19, 25], [19, 33], [20, 4], [20, 5], [20, 21], [20, 29], [21, 4], [21, 20], [21, 22], [21, 28], [21, 30], [22, 3], [22, 21], [22, 23], [22, 29], [22, 31], [23, 2], [23, 3], [23, 22], [23, 24], [23, 30], [23, 32], [24, 1], [24, 2], [24, 23], [24, 31], [25, 8], [25, 19], [25, 27], [25, 33], [26, 0], [26, 1], [26, 9], [27, 16], [27, 25], [27, 33], [28, 13], [28, 14], [28, 21], [28, 29], [29, 13], [29, 20], [29, 22], [29, 28], [29, 30], [30, 12], [30, 21], [30, 23], [30, 29], [30, 31], [31, 11], [31, 12], [31, 22], [31, 24], [31, 30], [31, 32], [32, 10], [32, 11], [32, 23], [32, 31], [33, 17], [33, 19], [33, 25], [33, 27]], "target": 2, "label": {"0": "0", "1": "0", "2": "0", "3": "0", "4": "0", "5": "0", "6": "0", "7": "0", "8": "0", "9": "0", "10": "0", "11": "0", "12": "0", "13": "0", "14": "0", "15": "0", "16": "0", "17": "0", "18": "1", "19": "1", "20": "1", "21": "1", "22": "1", "23": "1", "24": "1", "25": "1", "26": "1", "27": "1", "28": "1", "29": "1", "30": "1", "31": "1", "32": "1", "33": "1"}}