{"edges": [[0, 1], [0, 6], [1, 0], [1, 5], [1, 10], [2, 3], [2, 8], [2, 12], [2, 15], [3, 2], [3, 4], [3, 13], [3, 16], [4, 3], [4, 9], [4, 14], [4, 16], [5, 1], [5, 6], [6, 0], [6, 5], [6, 10], [6, 17], [7, 12], [7, 15], [7, 19], [7, 22], [8, 2], [8, 12], [8, 13], [8, 20], [8, 23], [9, 4], [9, 14], [9, 16], [9, 21], [9, 23], [10, 1], [10, 6], [10, 11], [10, 18], [11, 10], [11, 15], [11, 17], [11, 22], [12, 2], [12, 7], [12, 8], [12, 13], [12, 20], [13, 3], [13, 8], [13, 12], [13, 19], [14, 4], [14, 9], [14, 16], [14, 23], [15, 2], [15, 7], [15, 11], [15, 18], [16, 3], [16, 4], [16, 9], [16, 14], [16, 21], [16, 23], [17, 6], [17, 11], [17, 18], [18, 10], [18, 15], [18, 17], [18, 22], [19, 7], [19, 13], [19, 20], [20, 8], [20, 12], [20, 19], [21, 9], [21, 16], [21, 23], [22, 7], [22, 11], [22, 18], [23, 8], [23, 9], [23, 14], [23, 16], [23, 21]], "target": 2, "label": {"0": "0", "1": "0", "2": "0", "3": "0", "4": "0", "5": "0", "6": "0", "7": "0", "8": "0", "9": "0", "10": "1", "11": "1", "12": "1", "13": "1", "14": "1", "15": "1", "16": "1", "17": "1", "18": "1", "19": "1", "20": "1", "21": "1", "22": "1", "23": "1"}}