{"edges": [[0, 1], [0, 2], [0, 3], [1, 0], [1, 2], [1, 3], [2, 0], [2, 1], [2, 3], [3, 0], [3, 1], [3, 2], [3, 4], [4, 3], [4, 5], [4, 6], [5, 4], [5, 6], [5, 7], [6, 4], [6, 5], [6, 7], [7, 5], [7, 6], [7, 8], [7, 28], [8, 7], [8, 9], [8, 10], [8, 29], [9, 8], [9, 10], [9, 11], [9, 28], [9, 29], [10, 8], [10, 9], [10, 11], [10, 28], [10, 29], [11, 9], [11, 10], [11, 12], [11, 13], [11, 14], [12, 11], [12, 13], [12, 14], [13, 11], [13, 12], [13, 14], [14, 11], [14, 12], [14, 13], [14, 30], [15, 16], [15, 31], [15, 33], [16, 15], [16, 17], [16, 18], [17, 16], [17, 18], [17, 19], [18, 16], [18, 17], [18, 19], [19, 17], [19, 18], [19, 20], [19, 34], [19, 35], [20, 19], [20, 21], [20, 22], [20, 35], [21, 20], [21, 22], [21, 23], [21, 34], [21, 35], [22, 20], [22, 21], [22, 23], [23, 21], [23, 22], [23, 36], [23, 37], [24, 25], [24, 26], [24, 38], [25, 24], [25, 26], [25, 27], [25, 39], [25, 40], [26, 24], [26, 25], [26, 27], [26, 39], [26, 40], [27, 25], [27, 26], [27, 40], [28, 7], [28, 9], [28, 10], [28, 29], [29, 8], [29, 9], [29, 10], [29, 28], [30, 14], [30, 31], [30, 32], [30, 33], [31, 15], [31, 30], [31, 32], [31, 33], [32, 30], [32, 31], [32, 33], [33, 15], [33, 30], [33, 31], [33, 32], [34, 19], [34, 21], [34, 35], [35, 19], [35, 20], [35, 21], [35, 34], [36, 23], [36, 37], [36, 38], [37, 23], [37, 36], [37, 38], [38, 24], [38, 36], [38, 37], [38, 39], [39, 25], [39, 26], [39, 38], [39, 40], [40, 25], [40, 26], [40, 27], [40, 39]], "target": 2, "label": {"0": "0", "1": "0", "2": "0", "3": "0", "4": "0", "5": "0", "6": "0", "7": "0", "8": "0", "9": "0", "10": "0", "11": "0", "12": "0", "13": "0", "14": "0", "15": "0", "16": "0", "17": "0", "18": "0", "19": "0", "20": "0", "21": "0", "22": "0", "23": "0", "24": "0", "25": "0", "26": "0", "27": "0", "28": "1", "29": "1", "30": "1", "31": "1", "32": "1", "33": "1", "34": "1", "35": "1", "36": "1", "37": "1", "38": "1", "39": "1", "40": "1"}}