{"edges": [[0, 1], [0, 7], [1, 0], [1, 6], [1, 11], [2, 3], [2, 4], [2, 14], [2, 17], [3, 2], [3, 4], [3, 5], [3, 8], [3, 9], [3, 10], [3, 15], [4, 2], [4, 3], [4, 5], [4, 18], [5, 3], [5, 4], [5, 10], [5, 16], [5, 18], [6, 1], [6, 7], [7, 0], [7, 6], [7, 19], [8, 3], [8, 9], [8, 22], [8, 25], [9, 3], [9, 8], [9, 10], [9, 23], [9, 26], [10, 3], [10, 5], [10, 9], [10, 24], [10, 26], [11, 1], [11, 12], [11, 20], [12, 11], [12, 13], [12, 19], [12, 20], [12, 21], [13, 12], [13, 17], [13, 20], [13, 25], [14, 2], [14, 15], [14, 23], [15, 3], [15, 14], [15, 22], [16, 5], [16, 18], [16, 26], [17, 2], [17, 13], [17, 21], [18, 4], [18, 5], [18, 16], [18, 24], [18, 26], [19, 7], [19, 12], [19, 20], [20, 11], [20, 12], [20, 13], [20, 19], [20, 21], [21, 12], [21, 17], [21, 20], [21, 25], [22, 8], [22, 15], [22, 23], [23, 9], [23, 14], [23, 22], [24, 10], [24, 18], [24, 26], [25, 8], [25, 13], [25, 21], [26, 9], [26, 10], [26, 16], [26, 18], [26, 24]], "target": 2, "label": {"0": "0", "1": "0", "2": "0", "3": "0", "4": "0", "5": "0", "6": "0", "7": "0", "8": "0", "9": "0", "10": "0", "11": "1", "12": "1", "13": "1", "14": "1", "15": "1", "16": "1", "17": "1", "18": "1", "19": "1", "20": "1", "21": "1", "22": "1", "23": "1", "24": "1", "25": "1", "26": "1"}}