{"edges": [[0, 1], [0, 6], [1, 0], [1, 5], [1, 10], [2, 3], [2, 13], [2, 16], [3, 2], [3, 4], [3, 7], [3, 9], [3, 14], [3, 17], [4, 3], [4, 9], [4, 15], [4, 17], [4, 25], [5, 1], [5, 6], [6, 0], [6, 5], [6, 18], [7, 3], [7, 8], [7, 21], [7, 24], [8, 7], [8, 9], [8, 22], [8, 25], [9, 3], [9, 4], [9, 8], [9, 23], [9, 25], [10, 1], [10, 11], [10, 19], [11, 10], [11, 12], [11, 18], [11, 20], [12, 11], [12, 16], [12, 19], [12, 24], [13, 2], [13, 14], [13, 22], [14, 3], [14, 13], [14, 21], [15, 4], [15, 17], [15, 25], [16, 2], [16, 12], [16, 20], [17, 3], [17, 4], [17, 15], [17, 23], [17, 25], [18, 6], [18, 11], [18, 19], [19, 10], [19, 12], [19, 18], [19, 20], [20, 11], [20, 16], [20, 19], [20, 24], [21, 7], [21, 14], [21, 22], [22, 8], [22, 13], [22, 21], [23, 9], [23, 17], [23, 25], [24, 7], [24, 12], [24, 20], [25, 4], [25, 8], [25, 9], [25, 15], [25, 17], [25, 23]], "target": 2, "label": {"0": "0", "1": "0", "2": "0", "3": "0", "4": "0", "5": "0", "6": "0", "7": "0", "8": "0", "9": "0", "10": "1", "11": "1", "12": "1", "13": "1", "14": "1", "15": "1", "16": "1", "17": "1", "18": "1", "19": "1", "20": "1", "21": "1", "22": "1", "23": "1", "24": "1", "25": "1"}}