{"edges": [[0, 1], [0, 6], [1, 0], [1, 5], [1, 10], [2, 3], [2, 8], [2, 12], [2, 15], [3, 2], [3, 4], [3, 13], [3, 16], [4, 3], [4, 9], [4, 14], [4, 16], [5, 1], [5, 6], [6, 0], [6, 5], [6, 10], [6, 17], [7, 12], [7, 15], [7, 20], [7, 23], [8, 2], [8, 12], [8, 13], [8, 21], [8, 24], [9, 4], [9, 14], [9, 16], [9, 22], [9, 24], [10, 1], [10, 6], [10, 11], [10, 17], [10, 19], [11, 10], [11, 15], [11, 17], [11, 18], [11, 23], [12, 2], [12, 7], [12, 8], [12, 13], [12, 21], [13, 3], [13, 8], [13, 12], [13, 20], [14, 4], [14, 9], [14, 16], [14, 24], [15, 2], [15, 7], [15, 11], [15, 19], [16, 3], [16, 4], [16, 9], [16, 14], [16, 22], [16, 24], [17, 6], [17, 10], [17, 11], [17, 18], [18, 11], [18, 17], [18, 19], [19, 10], [19, 15], [19, 18], [19, 23], [20, 7], [20, 13], [20, 21], [21, 8], [21, 12], [21, 20], [22, 9], [22, 16], [22, 24], [23, 7], [23, 11], [23, 19], [24, 8], [24, 9], [24, 14], [24, 16], [24, 22]], "target": 2, "label": {"0": "0", "1": "0", "2": "0", "3": "0", "4": "0", "5": "0", "6": "0", "7": "0", "8": "0", "9": "0", "10": "1", "11": "1", "12": "1", "13": "1", "14": "1", "15": "1", "16": "1", "17": "1", "18": "1", "19": "1", "20": "1", "21": "1", "22": "1", "23": "1", "24": "1"}}