{"edges": [[0, 1], [0, 8], [1, 0], [1, 2], [1, 7], [1, 15], [1, 21], [2, 1], [2, 3], [2, 10], [2, 15], [3, 2], [3, 9], [3, 17], [4, 5], [4, 12], [4, 18], [4, 19], [5, 4], [5, 6], [5, 13], [5, 19], [6, 5], [6, 12], [6, 13], [6, 14], [6, 20], [7, 1], [7, 8], [7, 21], [7, 26], [8, 0], [8, 7], [8, 9], [8, 15], [8, 21], [8, 26], [9, 3], [9, 8], [9, 10], [10, 2], [10, 9], [10, 11], [10, 22], [11, 10], [11, 12], [11, 23], [11, 24], [12, 4], [12, 6], [12, 11], [12, 13], [12, 14], [12, 24], [13, 5], [13, 6], [13, 12], [13, 14], [13, 25], [14, 6], [14, 12], [14, 13], [14, 25], [15, 1], [15, 2], [15, 8], [15, 21], [15, 26], [16, 19], [16, 20], [16, 25], [17, 3], [17, 18], [17, 23], [18, 4], [18, 17], [18, 19], [18, 22], [18, 24], [19, 4], [19, 5], [19, 16], [19, 18], [19, 20], [19, 23], [19, 25], [20, 6], [20, 16], [20, 19], [21, 1], [21, 7], [21, 8], [21, 15], [21, 26], [22, 10], [22, 18], [22, 23], [23, 11], [23, 17], [23, 19], [23, 22], [23, 24], [24, 11], [24, 12], [24, 18], [24, 23], [25, 13], [25, 14], [25, 16], [25, 19], [26, 7], [26, 8], [26, 15], [26, 21]], "target": 2, "label": {"0": "0", "1": "0", "2": "0", "3": "0", "4": "0", "5": "0", "6": "0", "7": "0", "8": "0", "9": "0", "10": "0", "11": "0", "12": "0", "13": "0", "14": "0", "15": "1", "16": "1", "17": "1", "18": "1", "19": "1", "20": "1", "21": "1", "22": "1", "23": "1", "24": "1", "25": "1", "26": "1"}}