{"edges": [[0, 1], [0, 9], [1, 0], [1, 2], [1, 10], [1, 16], [2, 1], [2, 3], [2, 10], [2, 11], [2, 17], [3, 2], [3, 4], [3, 10], [3, 12], [4, 3], [4, 5], [4, 11], [5, 4], [5, 6], [5, 14], [6, 5], [6, 7], [6, 13], [6, 15], [7, 6], [7, 14], [7, 15], [8, 9], [8, 16], [8, 18], [9, 0], [9, 8], [9, 16], [9, 17], [9, 18], [10, 1], [10, 2], [10, 3], [10, 11], [10, 19], [11, 2], [11, 4], [11, 10], [11, 12], [12, 3], [12, 11], [12, 13], [13, 6], [13, 12], [13, 14], [14, 5], [14, 7], [14, 13], [14, 15], [15, 6], [15, 7], [15, 14], [16, 1], [16, 8], [16, 9], [16, 17], [16, 19], [17, 2], [17, 9], [17, 16], [17, 18], [17, 19], [18, 8], [18, 9], [18, 17], [18, 19], [19, 10], [19, 16], [19, 17], [19, 18]], "target": 2, "label": {"0": "0", "1": "0", "2": "0", "3": "0", "4": "0", "5": "0", "6": "0", "7": "0", "8": "0", "9": "0", "10": "0", "11": "0", "12": "0", "13": "0", "14": "0", "15": "0", "16": "1", "17": "1", "18": "1", "19": "1"}}