{"edges": [[0, 20], [0, 25], [1, 23], [1, 24], [1, 28], [2, 3], [2, 8], [2, 24], [2, 29], [2, 34], [3, 2], [3, 4], [3, 7], [3, 9], [3, 24], [3, 29], [4, 3], [4, 8], [5, 6], [5, 16], [5, 25], [5, 28], [6, 5], [6, 7], [6, 15], [6, 28], [6, 29], [7, 3], [7, 6], [7, 8], [7, 16], [7, 29], [8, 2], [8, 4], [8, 7], [8, 9], [9, 3], [9, 8], [9, 19], [10, 20], [10, 25], [10, 30], [10, 33], [11, 12], [11, 13], [11, 23], [11, 28], [11, 33], [11, 34], [12, 11], [12, 13], [12, 14], [12, 34], [13, 11], [13, 12], [13, 14], [14, 12], [14, 13], [15, 6], [15, 16], [15, 35], [15, 38], [16, 5], [16, 7], [16, 15], [16, 17], [16, 18], [16, 38], [16, 39], [17, 16], [17, 18], [17, 19], [17, 39], [18, 16], [18, 17], [18, 19], [19, 9], [19, 17], [19, 18], [20, 0], [20, 10], [20, 21], [20, 23], [21, 20], [21, 22], [22, 21], [23, 1], [23, 11], [23, 20], [24, 1], [24, 2], [24, 3], [24, 39], [25, 0], [25, 5], [25, 10], [25, 26], [26, 25], [26, 27], [27, 26], [28, 1], [28, 5], [28, 6], [28, 11], [29, 2], [29, 3], [29, 6], [29, 7], [29, 39], [30, 10], [30, 31], [31, 30], [31, 32], [32, 31], [33, 10], [33, 11], [34, 2], [34, 11], [34, 12], [34, 39], [35, 15], [35, 36], [36, 35], [36, 37], [37, 36], [38, 15], [38, 16], [39, 16], [39, 17], [39, 24], [39, 29], [39, 34]], "target": 2, "label": {"0": "0", "1": "0", "2": "0", "3": "0", "4": "0", "5": "0", "6": "0", "7": "0", "8": "0", "9": "0", "10": "0", "11": "0", "12": "0", "13": "0", "14": "0", "15": "0", "16": "0", "17": "0", "18": "0", "19": "0", "20": "1", "21": "1", "22": "1", "23": "1", "24": "1", "25": "1", "26": "1", "27": "1", "28": "1", "29": "1", "30": "1", "31": "1", "32": "1", "33": "1", "34": "1", "35": "1", "36": "1", "37": "1", "38": "1", "39": "1"}}