{"edges": [[0, 7], [0, 14], [1, 3], [1, 4], [1, 10], [1, 12], [1, 19], [2, 5], [2, 6], [2, 13], [3, 1], [3, 4], [3, 14], [4, 1], [4, 3], [4, 5], [4, 6], [4, 17], [4, 19], [5, 2], [5, 4], [5, 6], [5, 20], [6, 2], [6, 4], [6, 5], [7, 0], [7, 8], [7, 15], [8, 7], [8, 9], [8, 14], [8, 16], [9, 8], [9, 12], [9, 15], [9, 19], [10, 1], [10, 11], [10, 18], [11, 10], [11, 13], [11, 17], [11, 20], [12, 1], [12, 9], [12, 16], [13, 2], [13, 11], [13, 18], [13, 20], [14, 0], [14, 3], [14, 8], [14, 15], [15, 7], [15, 9], [15, 14], [15, 16], [16, 8], [16, 12], [16, 15], [16, 19], [17, 4], [17, 11], [17, 18], [18, 10], [18, 13], [18, 17], [18, 20], [19, 1], [19, 4], [19, 9], [19, 16], [20, 5], [20, 11], [20, 13], [20, 18]], "target": 2, "label": {"0": "0", "1": "0", "2": "0", "3": "0", "4": "0", "5": "0", "6": "0", "7": "1", "8": "1", "9": "1", "10": "1", "11": "1", "12": "1", "13": "1", "14": "1", "15": "1", "16": "1", "17": "1", "18": "1", "19": "1", "20": "1"}}