{"edges": [[0, 1], [0, 2], [0, 3], [1, 0], [1, 2], [1, 3], [2, 0], [2, 1], [2, 3], [3, 0], [3, 1], [3, 2], [3, 4], [3, 5], [4, 3], [4, 5], [4, 6], [5, 3], [5, 4], [5, 6], [5, 7], [5, 8], [6, 4], [6, 5], [6, 7], [6, 8], [7, 5], [7, 6], [7, 8], [8, 5], [8, 6], [8, 7], [9, 10], [9, 11], [9, 12], [10, 9], [10, 11], [10, 12], [11, 9], [11, 10], [11, 12], [12, 9], [12, 10], [12, 11], [12, 13], [13, 12], [13, 14], [13, 15], [14, 13], [14, 15], [14, 16], [15, 13], [15, 14], [15, 16], [15, 17], [15, 18], [16, 14], [16, 15], [16, 17], [16, 18], [17, 15], [17, 16], [17, 18], [18, 15], [18, 16], [18, 17]], "target": 2, "label": {"0": "0", "1": "0", "2": "0", "3": "0", "4": "0", "5": "0", "6": "0", "7": "0", "8": "0", "9": "0", "10": "0", "11": "0", "12": "0", "13": "0", "14": "0", "15": "0", "16": "0", "17": "0", "18": "0"}}