{"edges": [[0, 1], [0, 2], [0, 3], [1, 0], [1, 2], [1, 3], [2, 0], [2, 1], [2, 3], [3, 0], [3, 1], [3, 2], [3, 4], [3, 5], [4, 3], [4, 5], [4, 6], [5, 3], [5, 4], [5, 6], [5, 7], [5, 8], [6, 4], [6, 5], [6, 7], [6, 8], [7, 5], [7, 6], [7, 8], [8, 5], [8, 6], [8, 7], [9, 10], [9, 11], [9, 12], [10, 9], [10, 11], [10, 12], [11, 9], [11, 10], [11, 12], [12, 9], [12, 10], [12, 11], [12, 13], [12, 14], [13, 12], [13, 14], [13, 15], [14, 12], [14, 13], [14, 15], [14, 16], [14, 17], [15, 13], [15, 14], [15, 16], [15, 17], [16, 14], [16, 15], [16, 17], [17, 14], [17, 15], [17, 16], [18, 19], [18, 20], [18, 21], [19, 18], [19, 20], [19, 21], [20, 18], [20, 19], [20, 21], [21, 18], [21, 19], [21, 20], [21, 22], [21, 23], [22, 21], [22, 23], [22, 24], [23, 21], [23, 22], [23, 24], [23, 25], [23, 26], [24, 22], [24, 23], [24, 25], [24, 26], [25, 23], [25, 24], [25, 26], [26, 23], [26, 24], [26, 25], [27, 28], [27, 29], [27, 30], [28, 27], [28, 29], [28, 30], [29, 27], [29, 28], [29, 30], [30, 27], [30, 28], [30, 29], [30, 31], [30, 32], [31, 30], [31, 32], [31, 33], [32, 30], [32, 31], [32, 33], [32, 34], [32, 35], [33, 31], [33, 32], [33, 34], [33, 35], [34, 32], [34, 33], [34, 35], [35, 32], [35, 33], [35, 34]], "target": 2, "label": {"0": "0", "1": "0", "2": "0", "3": "0", "4": "0", "5": "0", "6": "0", "7": "0", "8": "0", "9": "0", "10": "0", "11": "0", "12": "0", "13": "0", "14": "0", "15": "0", "16": "0", "17": "0", "18": "0", "19": "0", "20": "0", "21": "0", "22": "0", "23": "0", "24": "0", "25": "0", "26": "0", "27": "0", "28": "0", "29": "0", "30": "0", "31": "0", "32": "0", "33": "0", "34": "0", "35": "0"}}