{"edges": [[0, 1], [0, 14], [1, 0], [1, 2], [1, 13], [1, 16], [2, 1], [2, 3], [2, 16], [3, 2], [3, 4], [3, 15], [4, 3], [4, 5], [4, 18], [5, 4], [5, 6], [5, 17], [6, 5], [6, 7], [6, 8], [6, 18], [7, 6], [7, 8], [7, 9], [8, 6], [8, 7], [8, 9], [9, 7], [9, 8], [9, 10], [9, 21], [9, 23], [10, 9], [10, 11], [10, 21], [10, 22], [11, 10], [11, 26], [11, 29], [12, 27], [12, 28], [12, 31], [13, 1], [13, 14], [14, 0], [14, 13], [14, 15], [15, 3], [15, 14], [15, 16], [16, 1], [16, 2], [16, 15], [16, 17], [17, 5], [17, 16], [17, 18], [18, 4], [18, 6], [18, 17], [18, 19], [19, 18], [19, 20], [19, 21], [20, 19], [20, 21], [20, 22], [21, 9], [21, 10], [21, 19], [21, 20], [21, 22], [22, 10], [22, 20], [22, 21], [22, 23], [23, 9], [23, 22], [23, 24], [24, 23], [24, 26], [24, 29], [25, 27], [25, 31], [26, 11], [26, 24], [26, 27], [26, 29], [26, 30], [27, 12], [27, 25], [27, 26], [27, 28], [27, 29], [27, 31], [28, 12], [28, 27], [28, 30], [28, 31], [29, 11], [29, 24], [29, 26], [29, 27], [29, 30], [30, 26], [30, 28], [30, 29], [30, 31], [31, 12], [31, 25], [31, 27], [31, 28], [31, 30]], "target": 2, "label": {"0": "0", "1": "0", "2": "0", "3": "0", "4": "0", "5": "0", "6": "0", "7": "0", "8": "0", "9": "0", "10": "0", "11": "0", "12": "0", "13": "0", "14": "0", "15": "0", "16": "0", "17": "0", "18": "0", "19": "0", "20": "0", "21": "0", "22": "0", "23": "0", "24": "0", "25": "0", "26": "1", "27": "1", "28": "1", "29": "1", "30": "1", "31": "1"}}