{"edges": [[0, 1], [0, 19], [1, 0], [1, 2], [1, 9], [1, 18], [1, 19], [1, 23], [2, 1], [2, 3], [2, 10], [2, 12], [2, 18], [3, 2], [3, 18], [3, 21], [4, 5], [4, 21], [4, 22], [4, 26], [5, 4], [5, 6], [5, 15], [5, 22], [6, 5], [6, 7], [6, 14], [6, 22], [6, 27], [7, 6], [7, 8], [7, 15], [7, 17], [8, 7], [8, 16], [8, 17], [9, 1], [9, 10], [9, 19], [9, 24], [10, 2], [10, 9], [10, 11], [10, 18], [10, 23], [11, 10], [11, 12], [11, 23], [12, 2], [12, 11], [12, 26], [13, 14], [13, 21], [13, 26], [13, 27], [14, 6], [14, 13], [14, 15], [14, 22], [14, 27], [15, 5], [15, 7], [15, 14], [15, 16], [16, 8], [16, 15], [16, 17], [17, 7], [17, 8], [17, 16], [18, 1], [18, 2], [18, 3], [18, 10], [19, 0], [19, 1], [19, 9], [19, 20], [19, 25], [20, 19], [20, 24], [20, 25], [21, 3], [21, 4], [21, 13], [21, 26], [22, 4], [22, 5], [22, 6], [22, 14], [22, 27], [23, 1], [23, 10], [23, 11], [24, 9], [24, 20], [24, 25], [25, 19], [25, 20], [25, 24], [26, 4], [26, 12], [26, 13], [26, 21], [27, 6], [27, 13], [27, 14], [27, 22]], "target": 2, "label": {"0": "0", "1": "0", "2": "0", "3": "0", "4": "0", "5": "0", "6": "0", "7": "0", "8": "0", "9": "0", "10": "0", "11": "0", "12": "0", "13": "0", "14": "0", "15": "0", "16": "0", "17": "0", "18": "1", "19": "1", "20": "1", "21": "1", "22": "1", "23": "1", "24": "1", "25": "1", "26": "1", "27": "1"}}