{"edges": [[0, 17], [0, 27], [1, 2], [1, 10], [1, 20], [1, 25], [2, 1], [2, 3], [2, 7], [3, 2], [3, 16], [3, 21], [4, 16], [4, 21], [4, 26], [4, 31], [5, 14], [5, 22], [5, 25], [6, 7], [6, 13], [6, 15], [6, 25], [7, 2], [7, 6], [7, 12], [7, 26], [8, 15], [8, 16], [8, 26], [9, 17], [9, 27], [9, 30], [10, 1], [10, 11], [10, 20], [10, 30], [11, 10], [11, 21], [11, 26], [11, 31], [12, 7], [12, 16], [12, 31], [13, 6], [13, 32], [13, 35], [14, 5], [14, 15], [14, 35], [15, 6], [15, 8], [15, 14], [15, 36], [16, 3], [16, 4], [16, 8], [16, 12], [16, 36], [17, 0], [17, 9], [17, 18], [17, 20], [18, 17], [18, 19], [19, 18], [20, 1], [20, 10], [20, 17], [21, 3], [21, 4], [21, 11], [21, 26], [21, 36], [22, 5], [22, 23], [23, 22], [23, 24], [24, 23], [25, 1], [25, 5], [25, 6], [26, 4], [26, 7], [26, 8], [26, 11], [26, 21], [26, 31], [26, 36], [27, 0], [27, 9], [27, 28], [28, 27], [28, 29], [29, 28], [30, 9], [30, 10], [31, 4], [31, 11], [31, 12], [31, 26], [31, 36], [32, 13], [32, 33], [33, 32], [33, 34], [34, 33], [35, 13], [35, 14], [36, 15], [36, 16], [36, 21], [36, 26], [36, 31]], "target": 2, "label": {"0": "0", "1": "0", "2": "0", "3": "0", "4": "0", "5": "0", "6": "0", "7": "0", "8": "0", "9": "0", "10": "0", "11": "0", "12": "0", "13": "0", "14": "0", "15": "0", "16": "0", "17": "1", "18": "1", "19": "1", "20": "1", "21": "1", "22": "1", "23": "1", "24": "1", "25": "1", "26": "1", "27": "1", "28": "1", "29": "1", "30": "1", "31": "1", "32": "1", "33": "1", "34": "1", "35": "1", "36": "1"}}