{"edges": [[0, 1], [0, 10], [0, 11], [1, 0], [1, 2], [1, 3], [1, 10], [1, 11], [1, 12], [2, 1], [2, 3], [2, 4], [2, 12], [3, 1], [3, 2], [3, 4], [3, 5], [4, 2], [4, 3], [4, 5], [4, 6], [5, 3], [5, 4], [5, 6], [6, 4], [6, 5], [6, 7], [6, 8], [6, 9], [7, 6], [7, 8], [7, 9], [8, 6], [8, 7], [8, 9], [8, 13], [9, 6], [9, 7], [9, 8], [9, 13], [9, 14], [10, 0], [10, 1], [10, 11], [10, 12], [11, 0], [11, 1], [11, 10], [11, 12], [12, 1], [12, 2], [12, 10], [12, 11], [13, 8], [13, 9], [13, 14], [13, 15], [13, 16], [14, 9], [14, 13], [14, 15], [14, 16], [14, 17], [15, 13], [15, 14], [15, 16], [15, 17], [16, 13], [16, 14], [16, 15], [16, 17], [17, 14], [17, 15], [17, 16]], "target": 2, "label": {"0": "0", "1": "0", "2": "0", "3": "0", "4": "0", "5": "0", "6": "0", "7": "0", "8": "0", "9": "0", "10": "1", "11": "1", "12": "1", "13": "1", "14": "1", "15": "1", "16": "1", "17": "1"}}