{"edges": [[0, 1], [0, 10], [0, 14], [1, 0], [1, 2], [1, 3], [1, 4], [1, 13], [2, 1], [2, 3], [2, 4], [3, 1], [3, 2], [3, 4], [3, 5], [4, 1], [4, 2], [4, 3], [4, 5], [4, 6], [5, 3], [5, 4], [5, 6], [5, 7], [5, 8], [6, 4], [6, 5], [6, 7], [6, 8], [7, 5], [7, 6], [7, 8], [7, 17], [8, 5], [8, 6], [8, 7], [8, 12], [8, 17], [9, 10], [9, 13], [9, 14], [10, 0], [10, 9], [10, 13], [10, 14], [11, 12], [11, 15], [11, 16], [11, 17], [11, 18], [12, 8], [12, 11], [12, 15], [12, 17], [13, 1], [13, 9], [13, 10], [13, 14], [14, 0], [14, 9], [14, 10], [14, 13], [15, 11], [15, 12], [15, 16], [15, 17], [15, 18], [16, 11], [16, 15], [16, 18], [17, 7], [17, 8], [17, 11], [17, 12], [17, 15], [18, 11], [18, 15], [18, 16]], "target": 2, "label": {"0": "0", "1": "0", "2": "0", "3": "0", "4": "0", "5": "0", "6": "0", "7": "0", "8": "0", "9": "1", "10": "1", "11": "1", "12": "1", "13": "1", "14": "1", "15": "1", "16": "1", "17": "1", "18": "1"}}