{"edges": [[0, 1], [0, 12], [0, 17], [1, 0], [1, 2], [1, 3], [1, 16], [1, 17], [2, 1], [2, 3], [2, 4], [2, 10], [3, 1], [3, 2], [3, 4], [3, 5], [4, 2], [4, 3], [4, 5], [4, 6], [5, 3], [5, 4], [5, 6], [6, 4], [6, 5], [6, 7], [6, 8], [6, 9], [7, 6], [7, 8], [7, 9], [8, 6], [8, 7], [8, 9], [8, 20], [9, 6], [9, 7], [9, 8], [9, 14], [9, 20], [10, 2], [10, 11], [10, 15], [10, 16], [11, 10], [11, 12], [11, 15], [11, 16], [11, 17], [12, 0], [12, 11], [12, 16], [12, 17], [13, 14], [13, 18], [13, 19], [13, 20], [13, 21], [14, 9], [14, 13], [14, 18], [14, 20], [15, 10], [15, 11], [15, 16], [16, 1], [16, 10], [16, 11], [16, 12], [16, 15], [16, 17], [17, 0], [17, 1], [17, 11], [17, 12], [17, 16], [18, 13], [18, 14], [18, 19], [18, 20], [18, 21], [19, 13], [19, 18], [19, 21], [20, 8], [20, 9], [20, 13], [20, 14], [20, 18], [21, 13], [21, 18], [21, 19]], "target": 2, "label": {"0": "0", "1": "0", "2": "0", "3": "0", "4": "0", "5": "0", "6": "0", "7": "0", "8": "0", "9": "0", "10": "1", "11": "1", "12": "1", "13": "1", "14": "1", "15": "1", "16": "1", "17": "1", "18": "1", "19": "1", "20": "1", "21": "1"}}