{"edges": [[0, 1], [0, 10], [0, 21], [1, 0], [1, 20], [1, 25], [1, 26], [2, 3], [2, 4], [2, 13], [2, 19], [3, 2], [3, 4], [3, 5], [4, 2], [4, 3], [4, 5], [4, 6], [4, 11], [5, 3], [5, 4], [5, 6], [6, 4], [6, 5], [6, 7], [7, 6], [7, 8], [7, 29], [7, 41], [8, 7], [8, 9], [8, 29], [8, 41], [9, 8], [9, 23], [9, 29], [9, 41], [10, 0], [10, 21], [10, 37], [10, 38], [11, 4], [11, 12], [11, 13], [11, 31], [12, 11], [12, 13], [12, 14], [13, 2], [13, 11], [13, 12], [13, 14], [13, 15], [14, 12], [14, 13], [14, 15], [15, 13], [15, 14], [15, 16], [15, 17], [15, 18], [16, 15], [16, 17], [16, 18], [17, 15], [17, 16], [17, 18], [17, 41], [18, 15], [18, 16], [18, 17], [18, 35], [18, 41], [19, 2], [19, 24], [20, 1], [20, 24], [20, 25], [21, 0], [21, 10], [21, 26], [22, 23], [22, 27], [22, 28], [22, 35], [22, 39], [23, 9], [23, 22], [23, 27], [24, 19], [24, 20], [25, 1], [25, 20], [26, 1], [26, 21], [27, 22], [27, 23], [27, 34], [27, 35], [28, 22], [28, 30], [28, 42], [29, 7], [29, 8], [29, 9], [30, 28], [30, 40], [30, 42], [31, 11], [31, 36], [32, 36], [32, 37], [33, 38], [34, 27], [34, 39], [34, 40], [35, 18], [35, 22], [35, 27], [35, 39], [36, 31], [36, 32], [37, 10], [37, 32], [38, 10], [38, 33], [39, 22], [39, 34], [39, 35], [40, 30], [40, 34], [40, 42], [41, 7], [41, 8], [41, 9], [41, 17], [41, 18], [42, 28], [42, 30], [42, 40]], "target": 2, "label": {"0": "0", "1": "0", "2": "0", "3": "0", "4": "0", "5": "0", "6": "0", "7": "0", "8": "0", "9": "0", "10": "0", "11": "0", "12": "0", "13": "0", "14": "0", "15": "0", "16": "0", "17": "0", "18": "0", "19": "1", "20": "1", "21": "1", "22": "1", "23": "1", "24": "1", "25": "1", "26": "1", "27": "1", "28": "1", "29": "1", "30": "1", "31": "1", "32": "1", "33": "1", "34": "1", "35": "1", "36": "1", "37": "1", "38": "1", "39": "1", "40": "1", "41": "1", "42": "1"}}