{"edges": [[0, 1], [0, 3], [0, 7], [0, 12], [1, 0], [1, 2], [1, 3], [1, 4], [1, 7], [1, 9], [1, 12], [2, 1], [2, 3], [2, 12], [3, 0], [3, 1], [3, 2], [3, 4], [4, 1], [4, 3], [4, 5], [4, 6], [4, 13], [5, 4], [5, 6], [5, 9], [5, 13], [6, 4], [6, 5], [6, 10], [6, 14], [7, 0], [7, 1], [7, 12], [8, 10], [8, 11], [8, 14], [9, 1], [9, 5], [9, 10], [9, 11], [9, 13], [10, 6], [10, 8], [10, 9], [10, 11], [10, 13], [10, 14], [11, 8], [11, 9], [11, 10], [11, 13], [11, 14], [12, 0], [12, 1], [12, 2], [12, 7], [13, 4], [13, 5], [13, 9], [13, 10], [13, 11], [14, 6], [14, 8], [14, 10], [14, 11]], "target": 2, "label": {"0": "0", "1": "0", "2": "0", "3": "0", "4": "0", "5": "0", "6": "0", "7": "1", "8": "1", "9": "1", "10": "1", "11": "1", "12": "1", "13": "1", "14": "1"}}