{"edges": [[0, 1], [0, 2], [0, 3], [0, 9], [1, 0], [1, 3], [1, 9], [1, 10], [2, 0], [2, 3], [2, 9], [3, 0], [3, 1], [3, 2], [3, 4], [3, 8], [4, 3], [4, 5], [4, 11], [5, 4], [5, 6], [5, 10], [6, 5], [6, 7], [6, 13], [7, 6], [7, 12], [7, 13], [8, 3], [8, 9], [9, 0], [9, 1], [9, 2], [9, 8], [10, 1], [10, 5], [10, 11], [11, 4], [11, 10], [11, 12], [12, 7], [12, 11], [12, 13], [13, 6], [13, 7], [13, 12]], "target": 2, "label": {"0": "0", "1": "0", "2": "1", "3": "1", "4": "1", "5": "1", "6": "1", "7": "1", "8": "1", "9": "1", "10": "1", "11": "1", "12": "1", "13": "1"}}