{"edges": [[0, 22], [0, 23], [1, 2], [1, 10], [1, 14], [1, 23], [2, 1], [2, 3], [2, 11], [2, 14], [2, 15], [3, 2], [3, 10], [3, 14], [3, 24], [3, 25], [3, 26], [3, 30], [4, 5], [4, 17], [5, 4], [5, 6], [5, 7], [5, 19], [6, 5], [6, 7], [6, 19], [7, 5], [7, 6], [7, 19], [7, 20], [7, 34], [7, 40], [8, 9], [8, 22], [9, 8], [9, 10], [9, 12], [9, 13], [9, 14], [10, 1], [10, 3], [10, 9], [10, 11], [10, 14], [10, 24], [11, 2], [11, 10], [11, 14], [11, 15], [11, 38], [12, 9], [12, 13], [12, 14], [12, 39], [13, 9], [13, 12], [13, 14], [14, 1], [14, 2], [14, 3], [14, 9], [14, 10], [14, 11], [14, 12], [14, 13], [14, 40], [15, 2], [15, 11], [15, 16], [15, 40], [16, 15], [16, 26], [16, 41], [17, 4], [17, 18], [17, 39], [17, 42], [17, 45], [18, 17], [18, 19], [18, 42], [18, 45], [19, 5], [19, 6], [19, 7], [19, 18], [19, 43], [20, 7], [20, 21], [20, 30], [20, 43], [21, 20], [21, 29], [21, 33], [21, 44], [22, 0], [22, 8], [22, 23], [22, 45], [23, 0], [23, 1], [23, 22], [23, 24], [24, 3], [24, 10], [24, 23], [24, 25], [24, 46], [25, 3], [25, 24], [25, 26], [25, 46], [26, 3], [26, 16], [26, 25], [26, 47], [27, 28], [28, 27], [28, 29], [28, 31], [28, 35], [28, 41], [28, 44], [28, 47], [29, 21], [29, 28], [29, 30], [29, 41], [30, 3], [30, 20], [30, 29], [30, 38], [30, 40], [30, 43], [30, 46], [31, 28], [31, 32], [32, 31], [32, 33], [32, 41], [33, 21], [33, 32], [33, 34], [33, 41], [34, 7], [34, 33], [34, 38], [34, 40], [35, 28], [35, 36], [36, 35], [36, 37], [36, 41], [37, 36], [37, 38], [37, 41], [38, 11], [38, 30], [38, 34], [38, 37], [38, 40], [39, 12], [39, 17], [40, 7], [40, 14], [40, 15], [40, 30], [40, 34], [40, 38], [41, 16], [41, 28], [41, 29], [41, 32], [41, 33], [41, 36], [41, 37], [41, 44], [41, 47], [42, 17], [42, 18], [43, 19], [43, 20], [43, 30], [44, 21], [44, 28], [44, 41], [44, 47], [45, 17], [45, 18], [45, 22], [46, 24], [46, 25], [46, 30], [47, 26], [47, 28], [47, 41], [47, 44]], "target": 2, "label": {"0": "0", "1": "0", "2": "0", "3": "0", "4": "0", "5": "0", "6": "0", "7": "0", "8": "0", "9": "0", "10": "0", "11": "0", "12": "0", "13": "0", "14": "0", "15": "0", "16": "0", "17": "0", "18": "0", "19": "0", "20": "0", "21": "0", "22": "0", "23": "0", "24": "0", "25": "0", "26": "0", "27": "1", "28": "1", "29": "1", "30": "1", "31": "1", "32": "1", "33": "1", "34": "1", "35": "1", "36": "1", "37": "1", "38": "1", "39": "1", "40": "1", "41": "1", "42": "1", "43": "1", "44": "1", "45": "1", "46": "1", "47": "1"}}