{"edges": [[0, 19], [0, 20], [1, 2], [1, 3], [1, 9], [1, 13], [1, 20], [2, 1], [2, 3], [2, 10], [2, 13], [2, 14], [3, 1], [3, 2], [3, 9], [3, 13], [3, 22], [3, 28], [4, 5], [4, 16], [5, 4], [5, 6], [5, 16], [5, 17], [6, 5], [6, 17], [6, 32], [6, 38], [6, 41], [7, 8], [7, 19], [8, 7], [8, 9], [8, 10], [8, 11], [8, 12], [8, 13], [8, 21], [9, 1], [9, 3], [9, 8], [9, 10], [9, 13], [9, 21], [10, 2], [10, 8], [10, 9], [10, 13], [10, 14], [10, 15], [10, 36], [11, 8], [11, 12], [11, 13], [11, 37], [12, 8], [12, 11], [12, 13], [13, 1], [13, 2], [13, 3], [13, 8], [13, 9], [13, 10], [13, 11], [13, 12], [13, 38], [14, 2], [14, 10], [14, 15], [14, 38], [15, 10], [15, 14], [15, 23], [15, 39], [16, 4], [16, 5], [16, 17], [16, 37], [16, 40], [16, 43], [17, 5], [17, 6], [17, 16], [17, 41], [18, 23], [18, 27], [18, 31], [18, 35], [18, 41], [18, 42], [19, 0], [19, 7], [19, 20], [19, 43], [20, 0], [20, 1], [20, 19], [20, 21], [21, 8], [21, 9], [21, 20], [21, 22], [21, 44], [22, 3], [22, 21], [22, 23], [22, 44], [23, 15], [23, 18], [23, 22], [23, 45], [24, 25], [24, 29], [24, 33], [25, 24], [25, 26], [26, 25], [26, 27], [26, 29], [26, 33], [26, 39], [26, 42], [26, 45], [27, 18], [27, 26], [27, 28], [27, 39], [28, 3], [28, 27], [28, 36], [28, 38], [28, 41], [28, 44], [29, 24], [29, 26], [29, 30], [30, 29], [30, 31], [30, 39], [31, 18], [31, 30], [31, 32], [31, 39], [32, 6], [32, 31], [32, 36], [32, 38], [33, 24], [33, 26], [33, 34], [34, 33], [34, 35], [34, 39], [35, 18], [35, 34], [35, 36], [35, 39], [36, 10], [36, 28], [36, 32], [36, 35], [36, 38], [37, 11], [37, 16], [38, 6], [38, 13], [38, 14], [38, 28], [38, 32], [38, 36], [39, 15], [39, 26], [39, 27], [39, 30], [39, 31], [39, 34], [39, 35], [39, 42], [39, 45], [40, 16], [41, 6], [41, 17], [41, 18], [41, 28], [42, 18], [42, 26], [42, 39], [42, 45], [43, 16], [43, 19], [44, 21], [44, 22], [44, 28], [45, 23], [45, 26], [45, 39], [45, 42]], "target": 2, "label": {"0": "0", "1": "0", "2": "0", "3": "0", "4": "0", "5": "0", "6": "0", "7": "0", "8": "0", "9": "0", "10": "0", "11": "0", "12": "0", "13": "0", "14": "0", "15": "0", "16": "0", "17": "0", "18": "0", "19": "0", "20": "0", "21": "0", "22": "0", "23": "0", "24": "1", "25": "1", "26": "1", "27": "1", "28": "1", "29": "1", "30": "1", "31": "1", "32": "1", "33": "1", "34": "1", "35": "1", "36": "1", "37": "1", "38": "1", "39": "1", "40": "1", "41": "1", "42": "1", "43": "1", "44": "1", "45": "1"}}