{"edges": [[0, 1], [0, 14], [1, 0], [1, 2], [1, 28], [1, 29], [2, 1], [2, 3], [2, 4], [2, 15], [2, 28], [3, 2], [3, 4], [3, 5], [4, 2], [4, 3], [4, 5], [4, 27], [5, 3], [5, 4], [5, 6], [5, 19], [5, 27], [5, 32], [6, 5], [6, 7], [6, 20], [6, 32], [7, 6], [7, 8], [7, 19], [7, 21], [7, 30], [8, 7], [8, 20], [8, 30], [8, 31], [9, 10], [9, 11], [9, 24], [9, 31], [10, 9], [10, 11], [10, 24], [11, 9], [11, 10], [11, 12], [11, 23], [11, 25], [12, 11], [12, 24], [12, 25], [12, 34], [13, 26], [13, 37], [13, 40], [14, 0], [14, 29], [14, 39], [14, 40], [15, 2], [15, 16], [15, 17], [15, 39], [16, 15], [16, 17], [16, 18], [17, 15], [17, 16], [17, 27], [17, 28], [17, 38], [17, 39], [18, 16], [18, 27], [18, 32], [18, 33], [18, 38], [19, 5], [19, 7], [19, 20], [19, 33], [20, 6], [20, 8], [20, 19], [20, 21], [20, 41], [21, 7], [21, 20], [21, 41], [21, 42], [22, 23], [22, 24], [22, 31], [22, 42], [23, 11], [23, 22], [23, 24], [24, 9], [24, 10], [24, 12], [24, 22], [24, 23], [24, 25], [25, 11], [25, 12], [25, 24], [25, 43], [26, 13], [26, 29], [26, 40], [27, 4], [27, 5], [27, 17], [27, 18], [27, 32], [27, 33], [28, 1], [28, 2], [28, 17], [28, 29], [29, 1], [29, 14], [29, 26], [29, 28], [29, 37], [29, 39], [30, 7], [30, 8], [30, 31], [30, 42], [31, 8], [31, 9], [31, 22], [31, 30], [31, 41], [31, 42], [32, 5], [32, 6], [32, 18], [32, 27], [32, 33], [32, 38], [33, 18], [33, 19], [33, 27], [33, 32], [33, 38], [34, 12], [34, 35], [34, 43], [34, 44], [35, 34], [35, 36], [35, 43], [35, 45], [36, 35], [36, 44], [36, 45], [37, 13], [37, 29], [37, 40], [38, 17], [38, 18], [38, 32], [38, 33], [39, 14], [39, 15], [39, 17], [39, 29], [40, 13], [40, 14], [40, 26], [40, 37], [41, 20], [41, 21], [41, 31], [41, 42], [42, 21], [42, 22], [42, 30], [42, 31], [42, 41], [43, 25], [43, 34], [43, 35], [43, 44], [44, 34], [44, 36], [44, 43], [44, 45], [45, 35], [45, 36], [45, 44]], "target": 5, "label": {"0": "0", "1": "0", "2": "0", "3": "0", "4": "0", "5": "0", "6": "0", "7": "0", "8": "0", "9": "0", "10": "0", "11": "0", "12": "0", "13": "0", "14": "0", "15": "0", "16": "0", "17": "0", "18": "0", "19": "0", "20": "0", "21": "0", "22": "0", "23": "0", "24": "0", "25": "0", "26": "1", "27": "1", "28": "1", "29": "1", "30": "1", "31": "1", "32": "1", "33": "1", "34": "1", "35": "1", "36": "1", "37": "1", "38": "1", "39": "1", "40": "1", "41": "1", "42": "1", "43": "1", "44": "1", "45": "1"}}