{"edges": [[0, 18], [0, 19], [1, 2], [1, 12], [1, 19], [2, 1], [2, 9], [2, 12], [2, 20], [2, 21], [2, 23], [3, 4], [3, 15], [4, 3], [4, 5], [4, 6], [4, 16], [5, 4], [5, 6], [5, 16], [5, 36], [6, 4], [6, 5], [6, 16], [6, 27], [6, 36], [7, 8], [7, 18], [8, 7], [8, 9], [8, 10], [8, 11], [8, 12], [8, 20], [9, 2], [9, 8], [9, 12], [9, 13], [9, 14], [9, 34], [10, 8], [10, 11], [10, 12], [10, 35], [11, 8], [11, 10], [11, 12], [12, 1], [12, 2], [12, 8], [12, 9], [12, 10], [12, 11], [12, 13], [12, 36], [13, 9], [13, 12], [13, 14], [13, 36], [14, 9], [14, 13], [14, 22], [14, 37], [15, 3], [15, 16], [15, 35], [15, 38], [15, 41], [16, 4], [16, 5], [16, 6], [16, 15], [16, 39], [17, 22], [17, 23], [17, 27], [17, 33], [17, 39], [17, 40], [18, 0], [18, 7], [18, 19], [18, 41], [19, 0], [19, 1], [19, 18], [19, 20], [20, 2], [20, 8], [20, 19], [20, 21], [20, 42], [21, 2], [21, 20], [21, 22], [21, 42], [22, 14], [22, 17], [22, 21], [22, 43], [23, 2], [23, 17], [23, 24], [23, 33], [23, 37], [24, 23], [24, 25], [24, 29], [24, 31], [24, 32], [24, 37], [24, 40], [24, 43], [25, 24], [25, 26], [25, 30], [25, 31], [26, 25], [26, 29], [26, 30], [27, 6], [27, 17], [27, 28], [27, 33], [27, 37], [28, 27], [28, 29], [28, 32], [28, 37], [29, 24], [29, 26], [29, 28], [29, 30], [29, 31], [30, 25], [30, 26], [30, 29], [31, 24], [31, 25], [31, 29], [31, 32], [32, 24], [32, 28], [32, 31], [32, 33], [32, 37], [33, 17], [33, 23], [33, 27], [33, 32], [33, 34], [33, 37], [34, 9], [34, 33], [34, 36], [34, 39], [34, 42], [35, 10], [35, 15], [36, 5], [36, 6], [36, 12], [36, 13], [36, 34], [37, 14], [37, 23], [37, 24], [37, 27], [37, 28], [37, 32], [37, 33], [37, 40], [37, 43], [38, 15], [39, 16], [39, 17], [39, 34], [40, 17], [40, 24], [40, 37], [40, 43], [41, 15], [41, 18], [42, 20], [42, 21], [42, 34], [43, 22], [43, 24], [43, 37], [43, 40]], "target": 2, "label": {"0": "0", "1": "0", "2": "0", "3": "0", "4": "0", "5": "0", "6": "0", "7": "0", "8": "0", "9": "0", "10": "0", "11": "0", "12": "0", "13": "0", "14": "0", "15": "0", "16": "0", "17": "0", "18": "0", "19": "0", "20": "0", "21": "0", "22": "0", "23": "1", "24": "1", "25": "1", "26": "1", "27": "1", "28": "1", "29": "1", "30": "1", "31": "1", "32": "1", "33": "1", "34": "1", "35": "1", "36": "1", "37": "1", "38": "1", "39": "1", "40": "1", "41": "1", "42": "1", "43": "1"}}