{"edges": [[0, 1], [0, 7], [0, 24], [1, 0], [1, 2], [1, 24], [2, 1], [2, 7], [2, 25], [2, 31], [2, 32], [2, 36], [3, 4], [3, 29], [3, 34], [4, 3], [4, 5], [4, 29], [4, 30], [5, 4], [5, 29], [5, 30], [6, 7], [6, 24], [6, 34], [7, 0], [7, 2], [7, 6], [7, 8], [7, 24], [7, 34], [8, 7], [8, 25], [8, 35], [9, 10], [9, 25], [9, 26], [9, 35], [10, 9], [10, 11], [10, 14], [10, 19], [10, 27], [11, 10], [11, 12], [11, 15], [11, 17], [11, 20], [11, 22], [11, 28], [12, 11], [12, 13], [12, 16], [12, 18], [12, 21], [12, 23], [12, 28], [13, 12], [13, 23], [14, 10], [14, 30], [14, 31], [15, 11], [15, 16], [15, 32], [16, 12], [16, 15], [16, 33], [17, 11], [17, 18], [17, 33], [18, 12], [18, 17], [18, 23], [19, 10], [19, 35], [19, 36], [20, 11], [20, 21], [20, 37], [21, 12], [21, 20], [21, 38], [22, 11], [22, 23], [22, 38], [23, 12], [23, 13], [23, 18], [23, 22], [24, 0], [24, 1], [24, 6], [24, 7], [25, 2], [25, 8], [25, 9], [25, 31], [25, 32], [25, 36], [26, 9], [26, 27], [26, 32], [26, 37], [27, 10], [27, 26], [27, 28], [28, 11], [28, 12], [28, 27], [28, 38], [29, 3], [29, 4], [29, 5], [29, 30], [30, 4], [30, 5], [30, 14], [30, 29], [31, 2], [31, 14], [31, 25], [31, 32], [32, 2], [32, 15], [32, 25], [32, 26], [32, 31], [32, 33], [33, 16], [33, 17], [33, 32], [33, 38], [34, 3], [34, 6], [34, 7], [35, 8], [35, 9], [35, 19], [36, 2], [36, 19], [36, 25], [36, 37], [37, 20], [37, 26], [37, 36], [37, 38], [38, 21], [38, 22], [38, 28], [38, 33], [38, 37]], "target": 2, "label": {"0": "0", "1": "0", "2": "0", "3": "0", "4": "0", "5": "0", "6": "0", "7": "0", "8": "0", "9": "1", "10": "1", "11": "1", "12": "1", "13": "1", "14": "1", "15": "1", "16": "1", "17": "1", "18": "1", "19": "1", "20": "1", "21": "1", "22": "1", "23": "1", "24": "2", "25": "2", "26": "2", "27": "2", "28": "2", "29": "2", "30": "2", "31": "2", "32": "2", "33": "2", "34": "2", "35": "2", "36": "2", "37": "2", "38": "2"}}