{"edges": [[0, 1], [0, 24], [0, 29], [1, 0], [1, 2], [1, 24], [1, 25], [2, 1], [2, 24], [2, 25], [3, 7], [3, 29], [3, 34], [4, 5], [4, 29], [4, 34], [5, 4], [5, 8], [5, 30], [5, 35], [6, 7], [6, 34], [7, 3], [7, 6], [7, 8], [7, 29], [7, 34], [8, 5], [8, 7], [8, 30], [8, 35], [9, 10], [9, 25], [9, 26], [10, 9], [10, 11], [10, 14], [10, 19], [10, 27], [10, 32], [11, 10], [11, 12], [11, 15], [11, 17], [11, 20], [11, 22], [11, 28], [12, 11], [12, 13], [12, 16], [12, 18], [12, 21], [12, 23], [12, 28], [12, 33], [13, 12], [13, 23], [14, 10], [14, 30], [14, 31], [15, 11], [15, 16], [15, 32], [16, 12], [16, 15], [16, 33], [17, 11], [17, 18], [17, 33], [18, 12], [18, 17], [18, 23], [19, 10], [19, 35], [19, 36], [20, 11], [20, 21], [20, 37], [21, 12], [21, 20], [21, 38], [22, 11], [22, 23], [22, 38], [23, 12], [23, 13], [23, 18], [23, 22], [24, 0], [24, 1], [24, 2], [24, 25], [25, 1], [25, 2], [25, 9], [25, 24], [26, 9], [26, 27], [26, 28], [26, 30], [26, 35], [27, 10], [27, 26], [27, 28], [27, 30], [27, 35], [27, 36], [27, 38], [28, 11], [28, 12], [28, 26], [28, 27], [28, 38], [29, 0], [29, 3], [29, 4], [29, 7], [30, 5], [30, 8], [30, 14], [30, 26], [30, 27], [31, 14], [31, 32], [31, 33], [31, 35], [32, 10], [32, 15], [32, 31], [32, 33], [33, 12], [33, 16], [33, 17], [33, 31], [33, 32], [34, 3], [34, 4], [34, 6], [34, 7], [35, 5], [35, 8], [35, 19], [35, 26], [35, 27], [35, 31], [36, 19], [36, 27], [36, 37], [36, 38], [37, 20], [37, 36], [37, 38], [38, 21], [38, 22], [38, 27], [38, 28], [38, 36], [38, 37]], "target": 2, "label": {"0": "0", "1": "0", "2": "0", "3": "0", "4": "0", "5": "0", "6": "0", "7": "0", "8": "0", "9": "1", "10": "1", "11": "1", "12": "1", "13": "1", "14": "1", "15": "1", "16": "1", "17": "1", "18": "1", "19": "1", "20": "1", "21": "1", "22": "1", "23": "1", "24": "2", "25": "2", "26": "2", "27": "2", "28": "2", "29": "2", "30": "2", "31": "2", "32": "2", "33": "2", "34": "2", "35": "2", "36": "2", "37": "2", "38": "2"}}