{"edges": [[0, 1], [0, 2], [0, 9], [1, 0], [1, 2], [1, 3], [1, 8], [2, 0], [2, 1], [2, 3], [2, 9], [3, 1], [3, 2], [3, 9], [3, 10], [3, 12], [4, 5], [4, 6], [4, 9], [5, 4], [5, 6], [6, 4], [6, 5], [6, 7], [6, 11], [6, 17], [7, 6], [7, 9], [7, 10], [7, 11], [8, 1], [8, 9], [8, 10], [9, 0], [9, 2], [9, 3], [9, 4], [9, 7], [9, 8], [9, 10], [9, 11], [10, 3], [10, 7], [10, 8], [10, 9], [10, 11], [11, 6], [11, 7], [11, 9], [11, 10], [11, 22], [12, 3], [12, 13], [13, 12], [13, 14], [13, 17], [13, 22], [14, 13], [14, 15], [14, 18], [14, 20], [14, 23], [14, 25], [15, 14], [15, 16], [15, 19], [15, 21], [15, 24], [15, 26], [16, 15], [16, 26], [17, 6], [17, 13], [17, 18], [18, 14], [18, 17], [18, 19], [19, 15], [19, 18], [19, 20], [20, 14], [20, 19], [20, 21], [21, 15], [21, 20], [21, 26], [22, 11], [22, 13], [22, 23], [23, 14], [23, 22], [23, 24], [24, 15], [24, 23], [24, 25], [25, 14], [25, 24], [25, 26], [26, 15], [26, 16], [26, 21], [26, 25]], "target": 2, "label": {"0": "0", "1": "0", "2": "0", "3": "0", "4": "0", "5": "0", "6": "0", "7": "0", "8": "0", "9": "0", "10": "0", "11": "0", "12": "1", "13": "1", "14": "1", "15": "1", "16": "1", "17": "1", "18": "1", "19": "1", "20": "1", "21": "1", "22": "1", "23": "1", "24": "1", "25": "1", "26": "1"}}