{"edges": [[0, 1], [0, 2], [0, 9], [1, 0], [1, 2], [1, 3], [1, 8], [2, 0], [2, 1], [2, 3], [2, 9], [3, 1], [3, 2], [3, 6], [3, 9], [3, 10], [3, 11], [3, 16], [4, 5], [4, 6], [4, 9], [5, 4], [5, 6], [5, 7], [6, 3], [6, 4], [6, 5], [6, 7], [7, 5], [7, 6], [7, 11], [7, 17], [8, 1], [8, 9], [8, 10], [9, 0], [9, 2], [9, 3], [9, 4], [9, 8], [9, 10], [9, 11], [10, 3], [10, 8], [10, 9], [10, 11], [11, 3], [11, 7], [11, 9], [11, 10], [11, 25], [12, 13], [12, 20], [13, 12], [13, 14], [13, 18], [13, 19], [13, 20], [13, 21], [13, 23], [14, 13], [14, 15], [14, 17], [14, 18], [14, 19], [14, 22], [14, 24], [15, 14], [15, 16], [15, 17], [15, 25], [16, 3], [16, 15], [16, 17], [16, 25], [17, 7], [17, 14], [17, 15], [17, 16], [17, 18], [17, 24], [17, 25], [18, 13], [18, 14], [18, 17], [18, 19], [18, 23], [19, 13], [19, 14], [19, 18], [19, 20], [19, 22], [20, 12], [20, 13], [20, 19], [20, 21], [21, 13], [21, 20], [21, 22], [22, 14], [22, 19], [22, 21], [22, 23], [23, 13], [23, 18], [23, 22], [23, 24], [24, 14], [24, 17], [24, 23], [24, 25], [25, 11], [25, 15], [25, 16], [25, 17], [25, 24]], "target": 2, "label": {"0": "0", "1": "0", "2": "0", "3": "0", "4": "0", "5": "0", "6": "0", "7": "0", "8": "0", "9": "0", "10": "0", "11": "0", "12": "1", "13": "1", "14": "1", "15": "1", "16": "1", "17": "1", "18": "1", "19": "1", "20": "1", "21": "1", "22": "1", "23": "1", "24": "1", "25": "1"}}