{"edges": [[0, 1], [0, 2], [0, 9], [1, 0], [1, 2], [1, 3], [1, 8], [2, 0], [2, 1], [2, 3], [2, 9], [3, 1], [3, 2], [3, 6], [3, 9], [3, 10], [3, 11], [3, 12], [4, 5], [4, 6], [4, 9], [5, 4], [5, 6], [5, 7], [6, 3], [6, 4], [6, 5], [6, 7], [7, 5], [7, 6], [7, 11], [7, 16], [8, 1], [8, 9], [8, 10], [9, 0], [9, 2], [9, 3], [9, 4], [9, 8], [9, 10], [9, 11], [10, 3], [10, 8], [10, 9], [10, 11], [11, 3], [11, 7], [11, 9], [11, 10], [11, 24], [12, 3], [12, 13], [12, 23], [12, 24], [13, 12], [13, 14], [13, 16], [13, 18], [13, 21], [13, 22], [13, 23], [14, 13], [14, 15], [14, 17], [14, 18], [14, 20], [14, 21], [14, 22], [15, 14], [15, 19], [15, 20], [16, 7], [16, 13], [16, 17], [16, 23], [16, 24], [17, 14], [17, 16], [17, 18], [17, 22], [18, 13], [18, 14], [18, 17], [18, 19], [18, 21], [19, 15], [19, 18], [19, 20], [20, 14], [20, 15], [20, 19], [20, 21], [21, 13], [21, 14], [21, 18], [21, 20], [21, 22], [22, 13], [22, 14], [22, 17], [22, 21], [22, 23], [23, 12], [23, 13], [23, 16], [23, 22], [23, 24], [24, 11], [24, 12], [24, 16], [24, 23]], "target": 2, "label": {"0": "0", "1": "0", "2": "0", "3": "0", "4": "0", "5": "0", "6": "0", "7": "0", "8": "0", "9": "0", "10": "0", "11": "0", "12": "1", "13": "1", "14": "1", "15": "1", "16": "1", "17": "1", "18": "1", "19": "1", "20": "1", "21": "1", "22": "1", "23": "1", "24": "1"}}