{"edges": [[0, 1], [0, 24], [0, 29], [1, 0], [1, 2], [1, 3], [1, 5], [1, 24], [1, 29], [2, 1], [2, 7], [2, 25], [2, 30], [3, 1], [3, 4], [3, 29], [4, 3], [4, 5], [4, 29], [5, 1], [5, 4], [5, 26], [5, 30], [5, 36], [6, 7], [6, 24], [6, 34], [7, 2], [7, 6], [7, 8], [7, 24], [7, 34], [8, 7], [8, 25], [8, 35], [9, 25], [9, 26], [9, 35], [10, 11], [10, 27], [11, 10], [11, 12], [11, 15], [11, 17], [11, 20], [11, 22], [11, 28], [12, 11], [12, 13], [12, 16], [12, 18], [12, 21], [12, 23], [12, 28], [13, 12], [13, 23], [14, 30], [14, 31], [14, 35], [15, 11], [15, 16], [15, 32], [16, 12], [16, 15], [16, 17], [17, 11], [17, 16], [17, 18], [18, 12], [18, 17], [18, 23], [19, 35], [19, 36], [20, 11], [20, 21], [20, 37], [21, 12], [21, 20], [21, 33], [22, 11], [22, 23], [22, 38], [23, 12], [23, 13], [23, 18], [23, 22], [24, 0], [24, 1], [24, 6], [24, 7], [25, 2], [25, 8], [25, 9], [26, 5], [26, 9], [26, 27], [26, 30], [27, 10], [27, 26], [27, 28], [27, 30], [27, 31], [28, 11], [28, 12], [28, 27], [28, 38], [29, 0], [29, 1], [29, 3], [29, 4], [30, 2], [30, 5], [30, 14], [30, 26], [30, 27], [30, 36], [30, 37], [31, 14], [31, 27], [31, 32], [31, 37], [32, 15], [32, 31], [33, 21], [33, 37], [33, 38], [34, 6], [34, 7], [35, 8], [35, 9], [35, 14], [35, 19], [36, 5], [36, 19], [36, 30], [36, 37], [37, 20], [37, 30], [37, 31], [37, 33], [37, 36], [37, 38], [38, 22], [38, 28], [38, 33], [38, 37]], "target": 2, "label": {"0": "0", "1": "0", "2": "0", "3": "0", "4": "0", "5": "0", "6": "0", "7": "0", "8": "0", "9": "1", "10": "1", "11": "1", "12": "1", "13": "1", "14": "1", "15": "1", "16": "1", "17": "1", "18": "1", "19": "1", "20": "1", "21": "1", "22": "1", "23": "1", "24": "2", "25": "2", "26": "2", "27": "2", "28": "2", "29": "2", "30": "2", "31": "2", "32": "2", "33": "2", "34": "2", "35": "2", "36": "2", "37": "2", "38": "2"}}