{"edges": [[0, 1], [0, 2], [0, 9], [1, 0], [1, 2], [1, 3], [1, 8], [2, 0], [2, 1], [2, 3], [2, 9], [3, 1], [3, 2], [3, 9], [3, 10], [3, 11], [3, 16], [4, 5], [4, 6], [4, 9], [5, 4], [5, 6], [5, 7], [6, 4], [6, 5], [6, 7], [6, 11], [7, 5], [7, 6], [7, 11], [7, 21], [8, 1], [8, 9], [8, 10], [9, 0], [9, 2], [9, 3], [9, 4], [9, 8], [9, 10], [9, 11], [10, 3], [10, 8], [10, 9], [10, 11], [11, 3], [11, 6], [11, 7], [11, 9], [11, 10], [11, 22], [12, 13], [12, 25], [13, 12], [13, 14], [13, 17], [13, 19], [13, 23], [13, 24], [13, 25], [14, 13], [14, 15], [14, 18], [14, 20], [14, 22], [14, 23], [14, 24], [15, 14], [15, 16], [15, 21], [15, 22], [16, 3], [16, 15], [16, 20], [16, 21], [17, 13], [17, 18], [17, 25], [18, 14], [18, 17], [18, 19], [18, 24], [19, 13], [19, 18], [19, 20], [19, 23], [20, 14], [20, 16], [20, 19], [20, 21], [20, 22], [21, 7], [21, 15], [21, 16], [21, 20], [22, 11], [22, 14], [22, 15], [22, 20], [22, 23], [23, 13], [23, 14], [23, 19], [23, 22], [23, 24], [24, 13], [24, 14], [24, 18], [24, 23], [24, 25], [25, 12], [25, 13], [25, 17], [25, 24]], "target": 2, "label": {"0": "0", "1": "0", "2": "0", "3": "0", "4": "0", "5": "0", "6": "0", "7": "0", "8": "0", "9": "0", "10": "0", "11": "0", "12": "1", "13": "1", "14": "1", "15": "1", "16": "1", "17": "1", "18": "1", "19": "1", "20": "1", "21": "1", "22": "1", "23": "1", "24": "1", "25": "1"}}