{"edges": [[0, 24], [0, 27], [0, 35], [1, 2], [1, 12], [1, 13], [1, 26], [1, 27], [1, 38], [2, 1], [2, 3], [2, 14], [2, 26], [3, 2], [3, 4], [3, 25], [3, 36], [4, 3], [4, 25], [4, 30], [4, 36], [5, 6], [5, 16], [5, 18], [5, 30], [6, 5], [6, 7], [6, 17], [6, 19], [6, 28], [7, 6], [7, 18], [7, 28], [7, 29], [8, 9], [8, 10], [8, 22], [8, 29], [9, 8], [9, 10], [9, 22], [10, 8], [10, 9], [10, 11], [10, 20], [10, 21], [10, 23], [11, 10], [11, 22], [11, 23], [11, 32], [12, 1], [12, 13], [12, 35], [12, 38], [13, 1], [13, 12], [13, 14], [13, 15], [13, 37], [13, 38], [14, 2], [14, 13], [14, 15], [14, 37], [15, 13], [15, 14], [15, 16], [15, 36], [16, 5], [16, 15], [16, 17], [16, 31], [16, 36], [17, 6], [17, 16], [17, 18], [17, 31], [18, 5], [18, 7], [18, 17], [18, 19], [18, 39], [19, 6], [19, 18], [19, 39], [19, 40], [20, 10], [20, 21], [20, 22], [20, 40], [21, 10], [21, 20], [21, 22], [22, 8], [22, 9], [22, 11], [22, 20], [22, 21], [22, 23], [23, 10], [23, 11], [23, 22], [23, 41], [24, 0], [24, 27], [24, 38], [25, 3], [25, 4], [25, 30], [25, 31], [26, 1], [26, 2], [26, 27], [26, 38], [27, 0], [27, 1], [27, 24], [27, 26], [27, 35], [27, 37], [28, 6], [28, 7], [28, 29], [28, 40], [29, 7], [29, 8], [29, 28], [29, 39], [29, 40], [30, 4], [30, 5], [30, 25], [30, 31], [30, 36], [31, 16], [31, 17], [31, 25], [31, 30], [31, 36], [32, 11], [32, 33], [32, 42], [33, 32], [33, 34], [33, 41], [33, 43], [34, 33], [34, 42], [34, 43], [35, 0], [35, 12], [35, 27], [35, 38], [36, 3], [36, 4], [36, 15], [36, 16], [36, 30], [36, 31], [37, 13], [37, 14], [37, 27], [37, 38], [38, 1], [38, 12], [38, 13], [38, 24], [38, 26], [38, 35], [38, 37], [39, 18], [39, 19], [39, 29], [39, 40], [40, 19], [40, 20], [40, 28], [40, 29], [40, 39], [41, 23], [41, 33], [41, 42], [42, 32], [42, 34], [42, 41], [42, 43], [43, 33], [43, 34], [43, 42]], "target": 5, "label": {"0": "0", "1": "0", "2": "0", "3": "0", "4": "0", "5": "0", "6": "0", "7": "0", "8": "0", "9": "0", "10": "0", "11": "0", "12": "0", "13": "0", "14": "0", "15": "0", "16": "0", "17": "0", "18": "0", "19": "0", "20": "0", "21": "0", "22": "0", "23": "0", "24": "1", "25": "1", "26": "1", "27": "1", "28": "1", "29": "1", "30": "1", "31": "1", "32": "1", "33": "1", "34": "1", "35": "1", "36": "1", "37": "1", "38": "1", "39": "1", "40": "1", "41": "1", "42": "1", "43": "1"}}