{"edges": [[0, 1], [0, 4], [0, 16], [1, 0], [1, 2], [1, 16], [1, 17], [2, 1], [2, 16], [2, 17], [2, 23], [3, 4], [3, 21], [4, 0], [4, 3], [4, 5], [4, 21], [4, 22], [5, 4], [5, 21], [5, 22], [6, 17], [6, 18], [6, 19], [7, 8], [7, 19], [8, 7], [8, 9], [8, 12], [8, 14], [8, 20], [9, 8], [9, 10], [9, 13], [9, 15], [9, 20], [10, 9], [10, 14], [10, 15], [11, 18], [11, 19], [11, 22], [11, 23], [12, 8], [12, 13], [12, 19], [12, 24], [13, 9], [13, 12], [13, 14], [13, 25], [14, 8], [14, 10], [14, 13], [14, 15], [14, 20], [14, 25], [15, 9], [15, 10], [15, 14], [16, 0], [16, 1], [16, 2], [17, 1], [17, 2], [17, 6], [17, 23], [17, 24], [18, 6], [18, 11], [18, 19], [19, 6], [19, 7], [19, 11], [19, 12], [19, 18], [20, 8], [20, 9], [20, 14], [20, 25], [21, 3], [21, 4], [21, 5], [21, 22], [22, 4], [22, 5], [22, 11], [22, 21], [23, 2], [23, 11], [23, 17], [23, 24], [23, 25], [24, 12], [24, 17], [24, 23], [24, 25], [25, 13], [25, 14], [25, 20], [25, 23], [25, 24]], "target": 2, "label": {"0": "0", "1": "0", "2": "0", "3": "0", "4": "0", "5": "0", "6": "1", "7": "1", "8": "1", "9": "1", "10": "1", "11": "1", "12": "1", "13": "1", "14": "1", "15": "1", "16": "2", "17": "2", "18": "2", "19": "2", "20": "2", "21": "2", "22": "2", "23": "2", "24": "2", "25": "2"}}