{"edges": [[0, 1], [0, 4], [1, 0], [1, 2], [1, 3], [1, 6], [2, 1], [2, 3], [2, 4], [2, 9], [2, 12], [3, 1], [3, 2], [3, 4], [4, 0], [4, 2], [4, 3], [4, 23], [5, 6], [5, 9], [5, 20], [5, 26], [6, 1], [6, 5], [6, 9], [6, 23], [7, 10], [7, 13], [7, 17], [8, 10], [8, 11], [8, 14], [8, 24], [8, 25], [9, 2], [9, 5], [9, 6], [9, 20], [10, 7], [10, 8], [10, 11], [11, 8], [11, 10], [11, 22], [11, 24], [12, 2], [12, 16], [13, 7], [13, 16], [13, 17], [13, 21], [14, 8], [14, 18], [14, 32], [15, 18], [15, 19], [15, 33], [16, 12], [16, 13], [17, 7], [17, 13], [17, 21], [18, 14], [18, 15], [18, 28], [19, 15], [19, 29], [19, 33], [20, 5], [20, 9], [20, 23], [21, 13], [21, 17], [21, 24], [21, 31], [22, 11], [22, 25], [22, 28], [23, 4], [23, 6], [23, 20], [24, 8], [24, 11], [24, 21], [24, 25], [25, 8], [25, 22], [25, 24], [26, 5], [26, 30], [27, 30], [27, 31], [28, 18], [28, 22], [28, 32], [29, 19], [29, 32], [29, 33], [30, 26], [30, 27], [31, 21], [31, 27], [32, 14], [32, 28], [32, 29], [33, 15], [33, 19], [33, 29]], "target": 2, "label": {"0": "0", "1": "0", "2": "0", "3": "0", "4": "0", "5": "0", "6": "1", "7": "1", "8": "1", "9": "1", "10": "1", "11": "1", "12": "1", "13": "1", "14": "1", "15": "1", "16": "1", "17": "1", "18": "1", "19": "1", "20": "1", "21": "1", "22": "1", "23": "1", "24": "1", "25": "1", "26": "1", "27": "1", "28": "1", "29": "1", "30": "1", "31": "1", "32": "1", "33": "1"}}