{"edges": [[0, 1], [0, 3], [0, 10], [1, 0], [1, 3], [1, 10], [2, 3], [2, 10], [3, 0], [3, 1], [3, 2], [3, 10], [3, 15], [4, 5], [4, 11], [4, 12], [4, 15], [4, 16], [5, 4], [5, 6], [5, 7], [5, 9], [5, 12], [5, 13], [6, 5], [6, 8], [6, 9], [6, 13], [6, 14], [6, 18], [6, 19], [7, 5], [7, 15], [7, 16], [7, 17], [8, 6], [8, 9], [8, 17], [8, 18], [9, 5], [9, 6], [9, 8], [9, 18], [9, 19], [10, 0], [10, 1], [10, 2], [10, 3], [10, 11], [10, 17], [11, 4], [11, 10], [11, 12], [11, 13], [11, 17], [12, 4], [12, 5], [12, 11], [12, 14], [13, 5], [13, 6], [13, 11], [13, 14], [13, 17], [14, 6], [14, 12], [14, 13], [14, 17], [15, 3], [15, 4], [15, 7], [15, 16], [16, 4], [16, 7], [16, 15], [17, 7], [17, 8], [17, 10], [17, 11], [17, 13], [17, 14], [17, 19], [18, 6], [18, 8], [18, 9], [18, 19], [19, 6], [19, 9], [19, 17], [19, 18]], "target": 2, "label": {"0": "0", "1": "0", "2": "0", "3": "0", "4": "1", "5": "1", "6": "1", "7": "1", "8": "1", "9": "1", "10": "2", "11": "2", "12": "2", "13": "2", "14": "2", "15": "2", "16": "2", "17": "2", "18": "2", "19": "2"}}