{"edges": [[0, 1], [0, 8], [0, 14], [1, 0], [1, 2], [1, 6], [1, 8], [2, 1], [2, 3], [2, 5], [2, 7], [2, 8], [2, 9], [2, 14], [2, 15], [3, 2], [3, 9], [3, 15], [4, 5], [4, 8], [4, 14], [5, 2], [5, 4], [5, 6], [5, 7], [5, 8], [5, 14], [6, 1], [6, 5], [6, 7], [7, 2], [7, 5], [7, 6], [7, 15], [8, 0], [8, 1], [8, 2], [8, 4], [8, 5], [9, 2], [9, 3], [9, 10], [10, 9], [10, 11], [10, 17], [11, 10], [11, 12], [11, 16], [11, 18], [12, 11], [12, 13], [12, 17], [12, 19], [13, 12], [13, 18], [13, 19], [14, 0], [14, 2], [14, 4], [14, 5], [15, 2], [15, 3], [15, 7], [15, 16], [16, 11], [16, 15], [16, 17], [17, 10], [17, 12], [17, 16], [17, 18], [18, 11], [18, 13], [18, 17], [18, 19], [19, 12], [19, 13], [19, 18]], "target": 2, "label": {"0": "0", "1": "0", "2": "0", "3": "0", "4": "0", "5": "0", "6": "0", "7": "0", "8": "1", "9": "1", "10": "1", "11": "1", "12": "1", "13": "1", "14": "1", "15": "1", "16": "1", "17": "1", "18": "1", "19": "1"}}