{"edges": [[0, 1], [0, 2], [1, 0], [1, 2], [1, 6], [1, 7], [2, 0], [2, 1], [2, 4], [2, 5], [2, 6], [2, 8], [3, 4], [3, 7], [3, 13], [4, 2], [4, 3], [4, 5], [4, 6], [4, 7], [4, 13], [5, 2], [5, 4], [5, 6], [6, 1], [6, 2], [6, 4], [6, 5], [6, 14], [7, 1], [7, 3], [7, 4], [7, 8], [8, 2], [8, 7], [8, 9], [8, 13], [8, 15], [9, 8], [9, 10], [9, 14], [9, 16], [10, 9], [10, 11], [10, 15], [10, 17], [11, 10], [11, 12], [11, 16], [11, 18], [12, 11], [12, 17], [12, 18], [13, 3], [13, 4], [13, 8], [14, 6], [14, 9], [14, 15], [15, 8], [15, 10], [15, 14], [15, 16], [16, 9], [16, 11], [16, 15], [16, 17], [17, 10], [17, 12], [17, 16], [17, 18], [18, 11], [18, 12], [18, 17]], "target": 2, "label": {"0": "0", "1": "0", "2": "0", "3": "0", "4": "0", "5": "0", "6": "0", "7": "1", "8": "1", "9": "1", "10": "1", "11": "1", "12": "1", "13": "1", "14": "1", "15": "1", "16": "1", "17": "1", "18": "1"}}