{"edges": [[0, 1], [0, 2], [1, 0], [1, 2], [1, 5], [1, 6], [2, 0], [2, 1], [2, 4], [2, 5], [2, 7], [3, 4], [3, 6], [3, 12], [4, 2], [4, 3], [4, 5], [4, 6], [4, 12], [5, 1], [5, 2], [5, 4], [5, 13], [6, 1], [6, 3], [6, 4], [6, 7], [7, 2], [7, 6], [7, 8], [7, 12], [7, 14], [8, 7], [8, 9], [8, 13], [8, 15], [9, 8], [9, 10], [9, 14], [9, 16], [10, 9], [10, 11], [10, 15], [10, 17], [11, 10], [11, 16], [11, 17], [12, 3], [12, 4], [12, 7], [13, 5], [13, 8], [13, 14], [14, 7], [14, 9], [14, 13], [14, 15], [15, 8], [15, 10], [15, 14], [15, 16], [16, 9], [16, 11], [16, 15], [16, 17], [17, 10], [17, 11], [17, 16]], "target": 2, "label": {"0": "0", "1": "0", "2": "0", "3": "0", "4": "0", "5": "0", "6": "1", "7": "1", "8": "1", "9": "1", "10": "1", "11": "1", "12": "1", "13": "1", "14": "1", "15": "1", "16": "1", "17": "1"}}