{"edges": [[0, 2], [0, 4], [0, 6], [0, 13], [1, 2], [1, 4], [1, 6], [1, 13], [1, 14], [1, 20], [2, 0], [2, 1], [2, 4], [2, 20], [2, 21], [3, 11], [3, 18], [3, 24], [3, 25], [4, 0], [4, 1], [4, 2], [4, 27], [4, 28], [5, 6], [6, 0], [6, 1], [6, 5], [6, 7], [7, 6], [7, 8], [8, 7], [8, 9], [9, 8], [9, 10], [10, 9], [10, 11], [11, 3], [11, 10], [11, 32], [12, 13], [13, 0], [13, 1], [13, 12], [14, 1], [14, 15], [15, 14], [15, 16], [16, 15], [16, 17], [17, 16], [17, 18], [18, 3], [18, 17], [18, 32], [19, 20], [20, 1], [20, 2], [20, 19], [21, 2], [21, 22], [22, 21], [22, 23], [23, 22], [23, 24], [24, 3], [24, 23], [25, 3], [25, 32], [26, 27], [27, 4], [27, 26], [28, 4], [28, 29], [29, 28], [29, 30], [30, 29], [30, 31], [31, 30], [31, 32], [32, 11], [32, 18], [32, 25], [32, 31]], "target": 2, "label": {"0": "0", "1": "0", "2": "0", "3": "0", "4": "0", "5": "1", "6": "1", "7": "1", "8": "1", "9": "1", "10": "1", "11": "1", "12": "1", "13": "1", "14": "1", "15": "1", "16": "1", "17": "1", "18": "1", "19": "1", "20": "1", "21": "1", "22": "1", "23": "1", "24": "1", "25": "1", "26": "1", "27": "1", "28": "1", "29": "1", "30": "1", "31": "1", "32": "1"}}