{"edges": [[0, 1], [0, 3], [1, 0], [1, 2], [1, 3], [1, 4], [1, 8], [2, 1], [2, 3], [2, 4], [2, 9], [3, 0], [3, 1], [3, 2], [3, 4], [3, 9], [3, 14], [4, 1], [4, 2], [4, 3], [4, 14], [5, 6], [5, 11], [6, 5], [6, 7], [6, 10], [6, 12], [7, 6], [7, 8], [7, 11], [7, 13], [8, 1], [8, 7], [8, 12], [8, 13], [8, 14], [9, 2], [9, 3], [9, 14], [10, 6], [10, 11], [11, 5], [11, 7], [11, 10], [11, 12], [12, 6], [12, 8], [12, 11], [12, 13], [13, 7], [13, 8], [13, 12], [13, 14], [14, 3], [14, 4], [14, 8], [14, 9], [14, 13]], "target": 2, "label": {"0": "0", "1": "0", "2": "0", "3": "0", "4": "1", "5": "1", "6": "1", "7": "1", "8": "1", "9": "1", "10": "1", "11": "1", "12": "1", "13": "1", "14": "1"}}