{"edges": [[0, 16], [0, 17], [0, 18], [0, 19], [1, 25], [1, 26], [1, 27], [2, 3], [2, 10], [2, 16], [2, 25], [3, 2], [3, 9], [3, 16], [3, 17], [4, 5], [4, 12], [4, 19], [4, 20], [5, 4], [5, 11], [5, 21], [5, 22], [5, 31], [6, 7], [6, 14], [6, 22], [6, 23], [6, 31], [7, 6], [7, 8], [7, 13], [7, 15], [7, 23], [7, 24], [7, 33], [8, 7], [8, 14], [8, 15], [8, 24], [9, 3], [9, 10], [9, 25], [10, 2], [10, 9], [10, 25], [10, 26], [11, 5], [11, 12], [11, 28], [11, 29], [12, 4], [12, 11], [12, 30], [12, 31], [13, 7], [13, 14], [13, 31], [13, 32], [14, 6], [14, 8], [14, 13], [14, 15], [14, 32], [14, 33], [15, 7], [15, 8], [15, 14], [15, 33], [16, 0], [16, 2], [16, 3], [16, 17], [16, 27], [17, 0], [17, 3], [17, 16], [17, 18], [17, 27], [18, 0], [18, 17], [18, 19], [18, 26], [18, 30], [19, 0], [19, 4], [19, 18], [19, 20], [20, 4], [20, 19], [20, 21], [20, 22], [20, 27], [20, 30], [21, 5], [21, 20], [21, 22], [21, 27], [21, 28], [21, 29], [22, 5], [22, 6], [22, 20], [22, 21], [22, 24], [23, 6], [23, 7], [23, 24], [23, 33], [24, 7], [24, 8], [24, 22], [24, 23], [24, 32], [25, 1], [25, 2], [25, 9], [25, 10], [25, 26], [26, 1], [26, 10], [26, 18], [26, 25], [27, 1], [27, 16], [27, 17], [27, 20], [27, 21], [27, 28], [28, 11], [28, 21], [28, 27], [28, 29], [29, 11], [29, 21], [29, 28], [29, 30], [30, 12], [30, 18], [30, 20], [30, 29], [31, 5], [31, 6], [31, 12], [31, 13], [32, 13], [32, 14], [32, 24], [32, 33], [33, 7], [33, 14], [33, 15], [33, 23], [33, 32]], "target": 2, "label": {"0": "0", "1": "0", "2": "1", "3": "1", "4": "1", "5": "1", "6": "1", "7": "1", "8": "1", "9": "1", "10": "1", "11": "1", "12": "1", "13": "1", "14": "1", "15": "1", "16": "2", "17": "2", "18": "2", "19": "2", "20": "2", "21": "2", "22": "2", "23": "2", "24": "2", "25": "2", "26": "2", "27": "2", "28": "2", "29": "2", "30": "2", "31": "2", "32": "2", "33": "2"}}