{"edges": [[0, 1], [0, 16], [0, 17], [1, 0], [1, 9], [1, 16], [1, 17], [2, 3], [2, 15], [2, 22], [2, 23], [3, 2], [3, 22], [3, 23], [4, 5], [4, 9], [4, 15], [4, 17], [4, 18], [4, 24], [5, 4], [5, 6], [5, 10], [5, 19], [5, 20], [5, 25], [6, 5], [6, 7], [6, 11], [6, 13], [6, 20], [6, 21], [6, 27], [7, 6], [7, 8], [7, 12], [7, 14], [7, 21], [7, 27], [8, 7], [8, 13], [9, 1], [9, 4], [9, 10], [9, 15], [10, 5], [10, 9], [10, 15], [10, 23], [10, 24], [11, 6], [11, 25], [11, 26], [12, 7], [12, 13], [12, 26], [12, 27], [13, 6], [13, 8], [13, 12], [13, 14], [13, 27], [14, 7], [14, 13], [15, 2], [15, 4], [15, 9], [15, 10], [16, 0], [16, 1], [16, 17], [16, 18], [17, 0], [17, 1], [17, 4], [17, 16], [17, 18], [17, 20], [18, 4], [18, 16], [18, 17], [18, 19], [18, 22], [18, 23], [18, 26], [19, 5], [19, 18], [19, 20], [19, 21], [19, 22], [19, 26], [20, 5], [20, 6], [20, 17], [20, 19], [20, 21], [21, 6], [21, 7], [21, 19], [21, 20], [21, 26], [22, 2], [22, 3], [22, 18], [22, 19], [22, 23], [22, 24], [23, 2], [23, 3], [23, 10], [23, 18], [23, 22], [23, 24], [24, 4], [24, 10], [24, 22], [24, 23], [24, 25], [25, 5], [25, 11], [25, 24], [26, 11], [26, 12], [26, 18], [26, 19], [26, 21], [27, 6], [27, 7], [27, 12], [27, 13]], "target": 2, "label": {"0": "0", "1": "0", "2": "0", "3": "0", "4": "1", "5": "1", "6": "1", "7": "1", "8": "1", "9": "1", "10": "1", "11": "1", "12": "1", "13": "1", "14": "1", "15": "1", "16": "2", "17": "2", "18": "2", "19": "2", "20": "2", "21": "2", "22": "2", "23": "2", "24": "2", "25": "2", "26": "2", "27": "2"}}