{"edges": [[0, 1], [0, 2], [0, 18], [1, 0], [1, 2], [1, 18], [2, 0], [2, 1], [2, 3], [2, 18], [3, 2], [3, 18], [3, 20], [4, 5], [4, 20], [4, 21], [5, 4], [5, 6], [5, 20], [5, 21], [6, 5], [6, 19], [6, 21], [7, 8], [7, 16], [7, 17], [7, 19], [8, 7], [8, 15], [8, 16], [9, 10], [9, 23], [9, 24], [10, 9], [10, 28], [10, 29], [11, 12], [11, 26], [11, 28], [11, 29], [12, 11], [12, 25], [12, 26], [13, 14], [13, 25], [13, 27], [14, 13], [14, 25], [14, 27], [15, 8], [15, 16], [15, 22], [15, 23], [16, 7], [16, 8], [16, 15], [16, 17], [17, 7], [17, 16], [17, 19], [18, 0], [18, 1], [18, 2], [18, 3], [19, 6], [19, 7], [19, 17], [20, 3], [20, 4], [20, 5], [20, 21], [21, 4], [21, 5], [21, 6], [21, 20], [22, 15], [22, 23], [22, 24], [23, 9], [23, 15], [23, 22], [23, 24], [24, 9], [24, 22], [24, 23], [25, 12], [25, 13], [25, 14], [25, 26], [25, 27], [26, 11], [26, 12], [26, 25], [27, 13], [27, 14], [27, 25], [28, 10], [28, 11], [28, 29], [29, 10], [29, 11], [29, 28]], "target": 5, "label": {"0": "0", "1": "0", "2": "0", "3": "0", "4": "0", "5": "0", "6": "0", "7": "0", "8": "0", "9": "0", "10": "0", "11": "0", "12": "0", "13": "0", "14": "0", "15": "1", "16": "1", "17": "1", "18": "1", "19": "1", "20": "1", "21": "1", "22": "1", "23": "1", "24": "1", "25": "1", "26": "1", "27": "1", "28": "1", "29": "1"}}