{"edges": [[0, 16], [0, 17], [0, 18], [0, 19], [1, 25], [1, 26], [1, 27], [1, 28], [2, 3], [2, 4], [2, 5], [2, 16], [3, 2], [3, 4], [3, 5], [3, 16], [3, 17], [4, 2], [4, 3], [4, 5], [4, 19], [4, 20], [5, 2], [5, 3], [5, 4], [5, 6], [5, 7], [5, 8], [5, 21], [5, 22], [6, 5], [6, 7], [6, 8], [6, 22], [6, 23], [7, 5], [7, 6], [7, 8], [7, 23], [7, 24], [8, 5], [8, 6], [8, 7], [8, 24], [9, 10], [9, 25], [9, 26], [10, 9], [10, 11], [10, 25], [10, 26], [11, 10], [11, 12], [11, 28], [11, 29], [12, 11], [12, 13], [12, 30], [12, 31], [13, 12], [13, 14], [13, 15], [13, 31], [13, 32], [14, 13], [14, 15], [14, 32], [14, 33], [15, 13], [15, 14], [15, 33], [16, 0], [16, 2], [16, 3], [16, 17], [16, 18], [17, 0], [17, 3], [17, 16], [17, 18], [18, 0], [18, 16], [18, 17], [18, 19], [18, 20], [18, 21], [19, 0], [19, 4], [19, 18], [19, 20], [20, 4], [20, 18], [20, 19], [20, 21], [20, 22], [21, 5], [21, 18], [21, 20], [21, 22], [21, 23], [21, 24], [22, 5], [22, 6], [22, 20], [22, 21], [22, 23], [22, 24], [23, 6], [23, 7], [23, 21], [23, 22], [23, 24], [24, 7], [24, 8], [24, 21], [24, 22], [24, 23], [25, 1], [25, 9], [25, 10], [25, 26], [26, 1], [26, 9], [26, 10], [26, 25], [26, 27], [27, 1], [27, 26], [27, 28], [27, 29], [27, 30], [28, 1], [28, 11], [28, 27], [28, 29], [29, 11], [29, 27], [29, 28], [29, 30], [29, 31], [30, 12], [30, 27], [30, 29], [30, 31], [30, 32], [31, 12], [31, 13], [31, 29], [31, 30], [31, 32], [32, 13], [32, 14], [32, 30], [32, 31], [32, 33], [33, 14], [33, 15], [33, 32]], "target": 2, "label": {"0": "0", "1": "0", "2": "1", "3": "1", "4": "1", "5": "1", "6": "1", "7": "1", "8": "1", "9": "1", "10": "1", "11": "1", "12": "1", "13": "1", "14": "1", "15": "1", "16": "2", "17": "2", "18": "2", "19": "2", "20": "2", "21": "2", "22": "2", "23": "2", "24": "2", "25": "2", "26": "2", "27": "2", "28": "2", "29": "2", "30": "2", "31": "2", "32": "2", "33": "2"}}