{"edges": [[0, 1], [0, 2], [1, 0], [1, 2], [1, 3], [1, 5], [2, 0], [2, 1], [2, 4], [2, 5], [2, 6], [3, 1], [3, 4], [4, 2], [4, 3], [4, 5], [5, 1], [5, 2], [5, 4], [5, 13], [6, 2], [6, 7], [6, 11], [6, 12], [6, 13], [7, 6], [7, 8], [7, 10], [7, 11], [7, 12], [8, 7], [8, 9], [8, 10], [8, 11], [9, 8], [9, 10], [10, 7], [10, 8], [10, 9], [10, 11], [11, 6], [11, 7], [11, 8], [11, 10], [11, 12], [12, 6], [12, 7], [12, 11], [12, 13], [13, 5], [13, 6], [13, 12]], "target": 2, "label": {"0": "0", "1": "0", "2": "0", "3": "0", "4": "0", "5": "0", "6": "1", "7": "1", "8": "1", "9": "1", "10": "1", "11": "1", "12": "1", "13": "1"}}