{"edges": [[0, 13], [0, 16], [0, 22], [1, 4], [1, 16], [1, 17], [1, 21], [2, 12], [2, 16], [2, 17], [2, 18], [2, 22], [3, 14], [3, 19], [3, 23], [4, 1], [4, 7], [4, 12], [4, 16], [4, 21], [5, 7], [5, 13], [5, 17], [6, 7], [6, 14], [6, 18], [7, 4], [7, 5], [7, 6], [7, 15], [7, 19], [8, 11], [8, 41], [8, 45], [8, 48], [8, 49], [9, 11], [9, 41], [9, 49], [10, 11], [10, 41], [10, 50], [11, 8], [11, 9], [11, 10], [11, 51], [12, 2], [12, 4], [12, 17], [12, 18], [13, 0], [13, 5], [13, 16], [13, 17], [14, 3], [14, 6], [14, 15], [14, 18], [14, 19], [15, 7], [15, 14], [15, 19], [16, 0], [16, 1], [16, 2], [16, 4], [16, 13], [16, 20], [17, 1], [17, 2], [17, 5], [17, 12], [17, 13], [18, 2], [18, 6], [18, 12], [18, 14], [18, 19], [19, 3], [19, 7], [19, 14], [19, 15], [19, 18], [20, 16], [20, 24], [20, 26], [21, 1], [21, 4], [21, 25], [22, 0], [22, 2], [22, 24], [22, 26], [23, 3], [23, 27], [23, 30], [23, 31], [24, 20], [24, 22], [24, 28], [24, 30], [25, 21], [25, 29], [25, 33], [26, 20], [26, 22], [26, 30], [27, 23], [27, 31], [27, 35], [28, 24], [28, 32], [28, 34], [29, 25], [29, 33], [29, 37], [30, 23], [30, 24], [30, 26], [30, 34], [31, 23], [31, 27], [31, 35], [32, 28], [32, 36], [32, 38], [33, 25], [33, 29], [33, 36], [33, 37], [34, 28], [34, 30], [34, 35], [34, 38], [34, 39], [35, 27], [35, 31], [35, 34], [35, 39], [36, 32], [36, 33], [36, 40], [37, 29], [37, 33], [37, 41], [38, 32], [38, 34], [38, 39], [38, 42], [39, 34], [39, 35], [39, 38], [39, 43], [40, 36], [40, 44], [40, 45], [41, 8], [41, 9], [41, 10], [41, 37], [41, 45], [42, 38], [42, 44], [42, 46], [42, 48], [43, 39], [43, 47], [43, 50], [43, 51], [44, 40], [44, 42], [44, 48], [45, 8], [45, 40], [45, 41], [45, 49], [46, 42], [46, 47], [46, 48], [46, 50], [46, 51], [47, 43], [47, 46], [47, 51], [48, 8], [48, 42], [48, 44], [48, 46], [49, 8], [49, 9], [49, 45], [50, 10], [50, 43], [50, 46], [51, 11], [51, 43], [51, 46], [51, 47]], "target": 2, "label": {"0": "0", "1": "0", "2": "0", "3": "0", "4": "1", "5": "1", "6": "1", "7": "1", "8": "1", "9": "1", "10": "1", "11": "1", "12": "2", "13": "2", "14": "2", "15": "2", "16": "2", "17": "2", "18": "2", "19": "2", "20": "2", "21": "2", "22": "2", "23": "2", "24": "2", "25": "2", "26": "2", "27": "2", "28": "2", "29": "2", "30": "2", "31": "2", "32": "2", "33": "2", "34": "2", "35": "2", "36": "2", "37": "2", "38": "2", "39": "2", "40": "2", "41": "2", "42": "2", "43": "2", "44": "2", "45": "2", "46": "2", "47": "2", "48": "2", "49": "2", "50": "2", "51": "2"}}