{"edges": [[0, 1], [0, 4], [1, 0], [1, 2], [1, 3], [1, 6], [2, 1], [2, 3], [2, 4], [2, 6], [2, 9], [3, 1], [3, 2], [3, 4], [4, 0], [4, 2], [4, 3], [4, 13], [5, 6], [5, 9], [5, 13], [5, 16], [6, 1], [6, 2], [6, 5], [6, 9], [6, 16], [7, 8], [7, 10], [7, 17], [8, 7], [8, 11], [8, 18], [9, 2], [9, 5], [9, 6], [9, 10], [9, 13], [9, 17], [10, 7], [10, 9], [10, 14], [10, 16], [11, 8], [11, 12], [11, 15], [11, 19], [12, 11], [12, 18], [12, 19], [13, 4], [13, 5], [13, 9], [13, 16], [14, 10], [14, 15], [14, 17], [15, 11], [15, 14], [15, 18], [16, 5], [16, 6], [16, 10], [16, 13], [16, 17], [17, 7], [17, 9], [17, 14], [17, 16], [18, 8], [18, 12], [18, 15], [18, 19], [19, 11], [19, 12], [19, 18]], "target": 2, "label": {"0": "0", "1": "0", "2": "0", "3": "0", "4": "0", "5": "0", "6": "1", "7": "1", "8": "1", "9": "1", "10": "1", "11": "1", "12": "1", "13": "1", "14": "1", "15": "1", "16": "1", "17": "1", "18": "1", "19": "1"}}