{"edges": [[0, 1], [0, 3], [0, 6], [1, 0], [1, 3], [1, 6], [2, 3], [2, 6], [2, 9], [3, 0], [3, 1], [3, 2], [3, 6], [4, 7], [4, 10], [4, 14], [5, 7], [5, 8], [5, 11], [5, 15], [6, 0], [6, 1], [6, 2], [6, 3], [7, 4], [7, 5], [7, 8], [8, 5], [8, 7], [8, 11], [9, 2], [9, 10], [9, 13], [9, 14], [10, 4], [10, 9], [10, 13], [10, 14], [11, 5], [11, 8], [11, 12], [11, 15], [11, 16], [12, 11], [12, 15], [12, 16], [13, 9], [13, 10], [13, 14], [14, 4], [14, 9], [14, 10], [14, 13], [15, 5], [15, 11], [15, 12], [15, 16], [16, 11], [16, 12], [16, 15]], "target": 2, "label": {"0": "0", "1": "0", "2": "0", "3": "1", "4": "1", "5": "1", "6": "1", "7": "1", "8": "1", "9": "1", "10": "1", "11": "1", "12": "1", "13": "1", "14": "1", "15": "1", "16": "1"}}