{"edges": [[0, 1], [0, 2], [0, 20], [1, 0], [1, 2], [1, 20], [2, 0], [2, 1], [2, 3], [2, 20], [3, 2], [3, 18], [3, 20], [4, 5], [4, 16], [4, 17], [4, 18], [5, 4], [5, 6], [5, 16], [5, 17], [6, 5], [6, 16], [6, 19], [7, 8], [7, 19], [7, 21], [7, 22], [8, 7], [8, 9], [8, 21], [8, 22], [9, 8], [9, 22], [9, 23], [10, 11], [10, 25], [10, 26], [11, 10], [11, 27], [11, 28], [12, 13], [12, 27], [12, 28], [12, 30], [13, 12], [13, 30], [13, 31], [14, 15], [14, 29], [14, 31], [15, 14], [15, 29], [15, 31], [16, 4], [16, 5], [16, 6], [16, 17], [16, 18], [17, 4], [17, 5], [17, 16], [17, 18], [18, 3], [18, 4], [18, 16], [18, 17], [19, 6], [19, 7], [19, 21], [20, 0], [20, 1], [20, 2], [20, 3], [21, 7], [21, 8], [21, 19], [22, 7], [22, 8], [22, 9], [22, 23], [23, 9], [23, 22], [23, 24], [23, 25], [24, 23], [24, 25], [24, 26], [25, 10], [25, 23], [25, 24], [25, 26], [26, 10], [26, 24], [26, 25], [27, 11], [27, 12], [27, 28], [28, 11], [28, 12], [28, 27], [28, 30], [29, 14], [29, 15], [29, 31], [30, 12], [30, 13], [30, 28], [30, 31], [31, 13], [31, 14], [31, 15], [31, 29], [31, 30]], "target": 5, "label": {"0": "0", "1": "0", "2": "0", "3": "0", "4": "0", "5": "0", "6": "0", "7": "0", "8": "0", "9": "0", "10": "0", "11": "0", "12": "0", "13": "0", "14": "0", "15": "0", "16": "1", "17": "1", "18": "1", "19": "1", "20": "1", "21": "1", "22": "1", "23": "1", "24": "1", "25": "1", "26": "1", "27": "1", "28": "1", "29": "1", "30": "1", "31": "1"}}