{"edges": [[0, 1], [0, 2], [0, 16], [1, 0], [1, 2], [1, 3], [1, 16], [2, 0], [2, 1], [2, 3], [2, 16], [3, 1], [3, 2], [3, 19], [4, 5], [4, 6], [4, 7], [5, 4], [5, 6], [5, 7], [5, 30], [6, 4], [6, 5], [6, 7], [6, 30], [7, 4], [7, 5], [7, 6], [7, 24], [8, 9], [8, 10], [8, 42], [9, 8], [9, 10], [9, 42], [10, 8], [10, 9], [10, 11], [10, 36], [10, 42], [11, 10], [11, 35], [11, 36], [12, 13], [12, 14], [12, 43], [13, 12], [13, 14], [13, 15], [13, 43], [14, 12], [14, 13], [14, 15], [14, 43], [15, 13], [15, 14], [15, 31], [15, 37], [16, 0], [16, 1], [16, 2], [16, 19], [16, 20], [16, 25], [17, 18], [17, 20], [17, 21], [17, 26], [17, 27], [18, 17], [18, 21], [18, 27], [19, 3], [19, 16], [19, 20], [19, 25], [19, 26], [20, 16], [20, 17], [20, 19], [20, 25], [20, 26], [21, 17], [21, 18], [21, 27], [22, 23], [22, 28], [22, 29], [23, 22], [23, 24], [23, 28], [23, 29], [23, 30], [24, 7], [24, 23], [24, 29], [24, 30], [25, 16], [25, 19], [25, 20], [25, 26], [26, 17], [26, 19], [26, 20], [26, 25], [27, 17], [27, 18], [27, 21], [28, 22], [28, 23], [28, 29], [29, 22], [29, 23], [29, 24], [29, 28], [29, 30], [30, 5], [30, 6], [30, 23], [30, 24], [30, 29], [31, 15], [31, 32], [31, 37], [31, 38], [31, 43], [31, 44], [32, 31], [32, 37], [32, 38], [32, 43], [32, 44], [33, 39], [33, 44], [33, 45], [34, 35], [34, 40], [34, 41], [35, 11], [35, 34], [35, 36], [35, 40], [35, 41], [36, 10], [36, 11], [36, 35], [36, 41], [36, 42], [37, 15], [37, 31], [37, 32], [37, 38], [37, 43], [38, 31], [38, 32], [38, 37], [38, 44], [39, 33], [39, 44], [39, 45], [40, 34], [40, 35], [40, 41], [41, 34], [41, 35], [41, 36], [41, 40], [42, 8], [42, 9], [42, 10], [42, 36], [43, 12], [43, 13], [43, 14], [43, 31], [43, 32], [43, 37], [44, 31], [44, 32], [44, 33], [44, 38], [44, 39], [44, 45], [45, 33], [45, 39], [45, 44]], "target": 2, "label": {"0": "0", "1": "0", "2": "0", "3": "0", "4": "0", "5": "0", "6": "0", "7": "0", "8": "0", "9": "0", "10": "0", "11": "0", "12": "0", "13": "0", "14": "0", "15": "0", "16": "1", "17": "1", "18": "1", "19": "1", "20": "1", "21": "1", "22": "1", "23": "1", "24": "1", "25": "1", "26": "1", "27": "1", "28": "1", "29": "1", "30": "1", "31": "1", "32": "1", "33": "1", "34": "1", "35": "1", "36": "1", "37": "1", "38": "1", "39": "1", "40": "1", "41": "1", "42": "1", "43": "1", "44": "1", "45": "1"}}