{"edges": [[0, 1], [0, 4], [0, 9], [1, 0], [1, 4], [1, 9], [2, 4], [2, 8], [2, 9], [3, 5], [3, 6], [3, 10], [3, 11], [3, 12], [4, 0], [4, 1], [4, 2], [4, 8], [4, 9], [5, 3], [5, 6], [5, 7], [5, 8], [5, 10], [5, 11], [6, 3], [6, 5], [6, 11], [6, 12], [7, 5], [7, 8], [7, 10], [8, 2], [8, 4], [8, 5], [8, 7], [8, 9], [9, 0], [9, 1], [9, 2], [9, 4], [9, 8], [10, 3], [10, 5], [10, 7], [11, 3], [11, 5], [11, 6], [11, 12], [12, 3], [12, 6], [12, 11]], "target": 2, "label": {"0": "0", "1": "0", "2": "0", "3": "0", "4": "1", "5": "1", "6": "1", "7": "1", "8": "1", "9": "1", "10": "1", "11": "1", "12": "1"}}