{"edges": [[0, 1], [0, 5], [1, 0], [1, 4], [1, 8], [2, 3], [2, 6], [2, 7], [2, 13], [3, 2], [3, 6], [3, 7], [3, 12], [4, 1], [4, 5], [5, 0], [5, 4], [5, 17], [6, 2], [6, 3], [6, 7], [6, 17], [7, 2], [7, 3], [7, 6], [7, 20], [8, 1], [8, 12], [8, 13], [9, 11], [9, 14], [9, 21], [10, 14], [10, 15], [10, 16], [10, 19], [10, 22], [10, 23], [11, 9], [11, 12], [11, 14], [11, 20], [11, 21], [12, 3], [12, 8], [12, 11], [12, 13], [12, 17], [12, 20], [12, 21], [13, 2], [13, 8], [13, 12], [14, 9], [14, 10], [14, 11], [14, 21], [15, 10], [15, 16], [15, 19], [16, 10], [16, 15], [16, 22], [16, 23], [17, 5], [17, 6], [17, 12], [18, 19], [18, 21], [19, 10], [19, 15], [19, 18], [19, 22], [20, 7], [20, 11], [20, 12], [20, 21], [21, 9], [21, 11], [21, 12], [21, 14], [21, 18], [21, 20], [22, 10], [22, 16], [22, 19], [22, 23], [23, 10], [23, 16], [23, 22]], "target": 2, "label": {"0": "0", "1": "0", "2": "0", "3": "0", "4": "0", "5": "0", "6": "0", "7": "0", "8": "1", "9": "1", "10": "1", "11": "1", "12": "1", "13": "1", "14": "1", "15": "1", "16": "1", "17": "1", "18": "1", "19": "1", "20": "1", "21": "1", "22": "1", "23": "1"}}