{"edges": [[0, 1], [0, 2], [0, 11], [1, 0], [1, 2], [1, 3], [1, 11], [2, 0], [2, 1], [2, 3], [2, 11], [3, 1], [3, 2], [3, 7], [4, 5], [4, 8], [4, 9], [5, 4], [5, 6], [5, 8], [5, 9], [5, 10], [6, 5], [6, 7], [6, 10], [6, 11], [7, 3], [7, 6], [7, 10], [7, 11], [8, 4], [8, 5], [8, 9], [9, 4], [9, 5], [9, 8], [9, 10], [10, 5], [10, 6], [10, 7], [10, 9], [11, 0], [11, 1], [11, 2], [11, 6], [11, 7]], "target": 2, "label": {"0": "0", "1": "0", "2": "0", "3": "0", "4": "1", "5": "1", "6": "1", "7": "1", "8": "1", "9": "1", "10": "1", "11": "1"}}