{"edges": [[0, 1], [0, 4], [0, 8], [1, 0], [1, 4], [1, 8], [2, 4], [2, 7], [2, 8], [3, 5], [3, 6], [3, 9], [3, 10], [3, 11], [4, 0], [4, 1], [4, 2], [4, 8], [5, 3], [5, 6], [5, 7], [5, 9], [5, 10], [6, 3], [6, 5], [6, 9], [6, 10], [6, 11], [7, 2], [7, 5], [7, 9], [8, 0], [8, 1], [8, 2], [8, 4], [9, 3], [9, 5], [9, 6], [9, 7], [9, 10], [10, 3], [10, 5], [10, 6], [10, 9], [10, 11], [11, 3], [11, 6], [11, 10]], "target": 2, "label": {"0": "0", "1": "0", "2": "0", "3": "0", "4": "1", "5": "1", "6": "1", "7": "1", "8": "1", "9": "1", "10": "1", "11": "1"}}