{"edges": [[0, 1], [0, 5], [0, 10], [1, 0], [1, 5], [1, 10], [2, 3], [2, 5], [2, 9], [2, 10], [3, 2], [3, 5], [3, 9], [3, 10], [4, 7], [4, 12], [4, 13], [5, 0], [5, 1], [5, 2], [5, 3], [5, 10], [6, 7], [6, 8], [6, 11], [6, 12], [7, 4], [7, 6], [7, 11], [7, 12], [7, 13], [8, 6], [8, 9], [8, 11], [9, 2], [9, 3], [9, 8], [10, 0], [10, 1], [10, 2], [10, 3], [10, 5], [11, 6], [11, 7], [11, 8], [12, 4], [12, 6], [12, 7], [12, 13], [13, 4], [13, 7], [13, 12]], "target": 2, "label": {"0": "0", "1": "0", "2": "0", "3": "0", "4": "0", "5": "1", "6": "1", "7": "1", "8": "1", "9": "1", "10": "1", "11": "1", "12": "1", "13": "1"}}