{"edges": [[0, 1], [0, 10], [0, 19], [1, 0], [1, 2], [1, 10], [1, 19], [2, 1], [2, 14], [2, 23], [3, 4], [3, 11], [3, 20], [4, 3], [4, 16], [4, 25], [5, 6], [5, 10], [5, 19], [6, 5], [6, 7], [6, 8], [6, 19], [7, 6], [7, 8], [7, 14], [7, 23], [8, 6], [8, 7], [8, 9], [8, 20], [9, 8], [9, 16], [9, 25], [10, 0], [10, 1], [10, 5], [11, 3], [11, 15], [11, 24], [12, 13], [12, 16], [12, 25], [13, 12], [13, 17], [13, 26], [14, 2], [14, 7], [14, 15], [14, 24], [15, 11], [15, 14], [15, 20], [15, 23], [16, 4], [16, 9], [16, 12], [16, 21], [17, 13], [17, 18], [17, 22], [17, 27], [18, 17], [18, 26], [18, 27], [19, 0], [19, 1], [19, 5], [19, 6], [20, 3], [20, 8], [20, 15], [20, 24], [21, 16], [21, 22], [21, 25], [22, 17], [22, 21], [22, 26], [23, 2], [23, 7], [23, 15], [23, 24], [24, 11], [24, 14], [24, 20], [24, 23], [25, 4], [25, 9], [25, 12], [25, 21], [26, 13], [26, 18], [26, 22], [26, 27], [27, 17], [27, 18], [27, 26]], "target": 2, "label": {"0": "0", "1": "0", "2": "0", "3": "0", "4": "0", "5": "0", "6": "0", "7": "0", "8": "0", "9": "0", "10": "1", "11": "1", "12": "1", "13": "1", "14": "1", "15": "1", "16": "1", "17": "1", "18": "1", "19": "1", "20": "1", "21": "1", "22": "1", "23": "1", "24": "1", "25": "1", "26": "1", "27": "1"}}