{"edges": [[0, 1], [0, 5], [1, 0], [1, 4], [1, 15], [2, 3], [2, 6], [2, 7], [2, 15], [3, 2], [3, 6], [3, 7], [3, 11], [4, 1], [4, 5], [5, 0], [5, 4], [5, 15], [5, 23], [6, 2], [6, 3], [6, 7], [6, 23], [7, 2], [7, 3], [7, 6], [7, 19], [8, 12], [9, 13], [9, 14], [9, 21], [10, 11], [10, 14], [10, 19], [10, 22], [11, 3], [11, 10], [11, 18], [11, 23], [12, 8], [12, 13], [13, 9], [13, 12], [13, 17], [14, 9], [14, 10], [14, 18], [15, 1], [15, 2], [15, 5], [15, 23], [16, 20], [17, 13], [17, 21], [17, 22], [18, 11], [18, 14], [18, 19], [18, 22], [19, 7], [19, 10], [19, 18], [19, 23], [20, 16], [20, 21], [21, 9], [21, 17], [21, 20], [22, 10], [22, 17], [22, 18], [23, 5], [23, 6], [23, 11], [23, 15], [23, 19]], "target": 2, "label": {"0": "0", "1": "0", "2": "0", "3": "0", "4": "0", "5": "0", "6": "0", "7": "0", "8": "1", "9": "1", "10": "1", "11": "1", "12": "1", "13": "1", "14": "1", "15": "1", "16": "1", "17": "1", "18": "1", "19": "1", "20": "1", "21": "1", "22": "1", "23": "1"}}