{"edges": [[0, 1], [0, 2], [0, 3], [1, 0], [1, 2], [1, 3], [1, 21], [2, 0], [2, 1], [2, 3], [2, 4], [2, 21], [3, 0], [3, 1], [3, 2], [3, 4], [3, 21], [4, 2], [4, 3], [4, 19], [4, 21], [5, 6], [5, 17], [5, 18], [5, 19], [6, 5], [6, 7], [6, 17], [6, 18], [7, 6], [7, 17], [7, 20], [8, 9], [8, 20], [8, 22], [8, 23], [9, 8], [9, 10], [9, 22], [9, 23], [10, 9], [10, 23], [10, 24], [11, 12], [11, 26], [11, 27], [12, 11], [12, 13], [12, 28], [13, 12], [13, 14], [13, 28], [13, 29], [13, 31], [14, 13], [14, 31], [14, 32], [15, 16], [15, 30], [15, 32], [16, 15], [16, 30], [16, 32], [17, 5], [17, 6], [17, 7], [17, 18], [17, 19], [18, 5], [18, 6], [18, 17], [18, 19], [19, 4], [19, 5], [19, 17], [19, 18], [20, 7], [20, 8], [20, 22], [21, 1], [21, 2], [21, 3], [21, 4], [22, 8], [22, 9], [22, 20], [23, 8], [23, 9], [23, 10], [23, 24], [23, 25], [24, 10], [24, 23], [24, 25], [24, 26], [24, 27], [25, 23], [25, 24], [25, 26], [25, 27], [26, 11], [26, 24], [26, 25], [26, 27], [27, 11], [27, 24], [27, 25], [27, 26], [28, 12], [28, 13], [28, 29], [28, 31], [29, 13], [29, 28], [29, 31], [30, 15], [30, 16], [30, 32], [31, 13], [31, 14], [31, 28], [31, 29], [31, 32], [32, 14], [32, 15], [32, 16], [32, 30], [32, 31]], "target": 5, "label": {"0": "0", "1": "0", "2": "0", "3": "0", "4": "0", "5": "0", "6": "0", "7": "0", "8": "0", "9": "0", "10": "0", "11": "0", "12": "0", "13": "0", "14": "0", "15": "0", "16": "0", "17": "1", "18": "1", "19": "1", "20": "1", "21": "1", "22": "1", "23": "1", "24": "1", "25": "1", "26": "1", "27": "1", "28": "1", "29": "1", "30": "1", "31": "1", "32": "1"}}