{"edges": [[0, 1], [0, 3], [0, 8], [1, 0], [1, 3], [1, 8], [2, 3], [2, 7], [2, 8], [3, 0], [3, 1], [3, 2], [3, 7], [3, 8], [4, 5], [4, 6], [4, 7], [4, 9], [4, 10], [4, 11], [5, 4], [5, 9], [5, 10], [5, 11], [6, 4], [6, 7], [6, 9], [7, 2], [7, 3], [7, 4], [7, 6], [7, 8], [7, 9], [8, 0], [8, 1], [8, 2], [8, 3], [8, 7], [9, 4], [9, 5], [9, 6], [9, 7], [10, 4], [10, 5], [10, 11], [11, 4], [11, 5], [11, 10]], "target": 2, "label": {"0": "0", "1": "0", "2": "0", "3": "1", "4": "1", "5": "1", "6": "1", "7": "1", "8": "1", "9": "1", "10": "1", "11": "1"}}