{"edges": [[0, 1], [0, 5], [1, 0], [1, 4], [1, 8], [1, 13], [2, 3], [2, 8], [2, 13], [3, 2], [3, 12], [3, 21], [4, 1], [4, 5], [5, 0], [5, 4], [5, 8], [5, 13], [5, 17], [6, 7], [6, 8], [6, 13], [6, 22], [7, 6], [7, 21], [8, 1], [8, 2], [8, 5], [8, 6], [8, 13], [9, 11], [9, 14], [9, 20], [10, 14], [10, 15], [10, 16], [10, 24], [10, 25], [11, 9], [11, 12], [11, 14], [11, 21], [12, 3], [12, 11], [12, 20], [13, 1], [13, 2], [13, 5], [13, 6], [13, 8], [14, 9], [14, 10], [14, 11], [14, 20], [15, 10], [15, 16], [15, 19], [15, 25], [16, 10], [16, 15], [16, 25], [17, 5], [17, 22], [18, 20], [18, 23], [19, 15], [19, 23], [19, 24], [20, 9], [20, 12], [20, 14], [20, 18], [20, 21], [21, 3], [21, 7], [21, 11], [21, 20], [22, 6], [22, 17], [23, 18], [23, 19], [24, 10], [24, 19], [24, 25], [25, 10], [25, 15], [25, 16], [25, 24]], "target": 2, "label": {"0": "0", "1": "0", "2": "0", "3": "0", "4": "0", "5": "0", "6": "0", "7": "0", "8": "1", "9": "1", "10": "1", "11": "1", "12": "1", "13": "1", "14": "1", "15": "1", "16": "1", "17": "1", "18": "1", "19": "1", "20": "1", "21": "1", "22": "1", "23": "1", "24": "1", "25": "1"}}