{"edges": [[0, 13], [0, 14], [0, 20], [1, 2], [1, 8], [1, 11], [1, 15], [2, 1], [2, 3], [2, 7], [2, 11], [2, 12], [2, 19], [3, 2], [3, 5], [3, 6], [3, 7], [3, 12], [4, 13], [4, 14], [4, 20], [5, 3], [5, 6], [5, 7], [5, 15], [5, 18], [6, 3], [6, 5], [6, 7], [6, 18], [6, 19], [7, 2], [7, 3], [7, 5], [7, 6], [7, 19], [8, 1], [8, 9], [8, 16], [9, 8], [9, 10], [9, 15], [9, 17], [10, 9], [10, 14], [10, 16], [11, 1], [11, 2], [11, 12], [11, 19], [12, 2], [12, 3], [12, 11], [12, 18], [13, 0], [13, 4], [13, 14], [13, 21], [14, 0], [14, 4], [14, 10], [14, 13], [14, 20], [14, 21], [15, 1], [15, 5], [15, 9], [15, 16], [16, 8], [16, 10], [16, 15], [16, 17], [17, 9], [17, 16], [17, 21], [18, 5], [18, 6], [18, 12], [18, 19], [19, 2], [19, 6], [19, 7], [19, 11], [19, 18], [20, 0], [20, 4], [20, 14], [20, 21], [21, 13], [21, 14], [21, 17], [21, 20]], "target": 2, "label": {"0": "0", "1": "0", "2": "0", "3": "0", "4": "0", "5": "0", "6": "0", "7": "0", "8": "1", "9": "1", "10": "1", "11": "1", "12": "1", "13": "1", "14": "1", "15": "1", "16": "1", "17": "1", "18": "1", "19": "1", "20": "1", "21": "1"}}