{"edges": [[0, 1], [0, 26], [1, 0], [1, 2], [1, 18], [1, 20], [1, 24], [1, 27], [2, 1], [2, 3], [2, 21], [2, 24], [3, 2], [3, 20], [3, 28], [4, 21], [4, 28], [4, 29], [5, 23], [5, 30], [5, 31], [6, 7], [6, 35], [6, 36], [7, 6], [7, 8], [7, 12], [7, 33], [7, 36], [8, 7], [8, 9], [8, 13], [8, 15], [8, 33], [9, 8], [9, 16], [9, 37], [10, 21], [10, 37], [10, 38], [11, 23], [11, 39], [11, 40], [12, 7], [12, 13], [12, 44], [12, 45], [13, 8], [13, 12], [13, 14], [13, 42], [13, 45], [14, 13], [14, 15], [14, 42], [15, 8], [15, 14], [15, 46], [16, 9], [16, 46], [16, 47], [17, 23], [17, 48], [17, 49], [18, 1], [18, 19], [18, 53], [18, 54], [19, 18], [19, 20], [19, 51], [19, 54], [20, 1], [20, 3], [20, 19], [20, 21], [20, 51], [21, 2], [21, 4], [21, 10], [21, 20], [21, 55], [22, 55], [22, 56], [23, 5], [23, 11], [23, 17], [23, 57], [23, 58], [24, 1], [24, 2], [25, 26], [26, 0], [26, 25], [26, 27], [27, 1], [27, 26], [28, 3], [28, 4], [29, 4], [29, 30], [30, 5], [30, 29], [31, 5], [31, 32], [32, 31], [32, 59], [33, 7], [33, 8], [34, 35], [35, 6], [35, 34], [36, 6], [36, 7], [37, 9], [37, 10], [38, 10], [38, 39], [39, 11], [39, 38], [40, 11], [40, 41], [41, 40], [41, 59], [42, 13], [42, 14], [43, 44], [44, 12], [44, 43], [45, 12], [45, 13], [46, 15], [46, 16], [47, 16], [47, 48], [48, 17], [48, 47], [49, 17], [49, 50], [50, 49], [50, 59], [51, 19], [51, 20], [52, 53], [53, 18], [53, 52], [54, 18], [54, 19], [55, 21], [55, 22], [56, 22], [56, 57], [57, 23], [57, 56], [58, 23], [58, 59], [59, 32], [59, 41], [59, 50], [59, 58]], "target": 2, "label": {"0": "0", "1": "0", "2": "0", "3": "0", "4": "0", "5": "0", "6": "0", "7": "0", "8": "0", "9": "0", "10": "0", "11": "0", "12": "0", "13": "0", "14": "0", "15": "0", "16": "0", "17": "0", "18": "0", "19": "0", "20": "0", "21": "0", "22": "0", "23": "0", "24": "1", "25": "1", "26": "1", "27": "1", "28": "1", "29": "1", "30": "1", "31": "1", "32": "1", "33": "1", "34": "1", "35": "1", "36": "1", "37": "1", "38": "1", "39": "1", "40": "1", "41": "1", "42": "1", "43": "1", "44": "1", "45": "1", "46": "1", "47": "1", "48": "1", "49": "1", "50": "1", "51": "1", "52": "1", "53": "1", "54": "1", "55": "1", "56": "1", "57": "1", "58": "1", "59": "1"}}