{"edges": [[0, 1], [0, 2], [0, 3], [1, 0], [1, 2], [1, 3], [1, 25], [2, 0], [2, 1], [2, 3], [2, 29], [3, 0], [3, 1], [3, 2], [3, 4], [3, 5], [3, 29], [3, 37], [4, 3], [4, 5], [4, 6], [4, 30], [5, 3], [5, 4], [5, 6], [5, 30], [6, 4], [6, 5], [6, 17], [6, 26], [7, 8], [7, 20], [7, 28], [8, 7], [8, 9], [8, 19], [9, 8], [9, 10], [9, 22], [10, 9], [10, 21], [10, 22], [11, 12], [11, 13], [11, 14], [11, 33], [12, 11], [12, 13], [12, 14], [13, 11], [13, 12], [13, 14], [13, 37], [14, 11], [14, 12], [14, 13], [14, 15], [14, 16], [14, 29], [14, 37], [15, 14], [15, 16], [15, 17], [15, 38], [16, 14], [16, 15], [16, 17], [16, 38], [17, 6], [17, 15], [17, 16], [17, 18], [18, 17], [18, 26], [18, 34], [19, 8], [19, 20], [19, 36], [20, 7], [20, 19], [20, 21], [21, 10], [21, 20], [21, 22], [22, 9], [22, 10], [22, 21], [23, 24], [23, 32], [24, 23], [24, 25], [24, 31], [24, 33], [25, 1], [25, 24], [25, 32], [26, 6], [26, 18], [26, 27], [27, 26], [27, 28], [27, 34], [27, 36], [28, 7], [28, 27], [28, 35], [29, 2], [29, 3], [29, 14], [29, 30], [29, 38], [30, 4], [30, 5], [30, 29], [30, 37], [30, 38], [31, 24], [31, 32], [32, 23], [32, 25], [32, 31], [32, 33], [33, 11], [33, 24], [33, 32], [34, 18], [34, 27], [34, 35], [35, 28], [35, 34], [35, 36], [36, 19], [36, 27], [36, 35], [37, 3], [37, 13], [37, 14], [37, 30], [37, 38], [38, 15], [38, 16], [38, 29], [38, 30], [38, 37]], "target": 2, "label": {"0": "0", "1": "0", "2": "0", "3": "0", "4": "0", "5": "0", "6": "0", "7": "0", "8": "0", "9": "0", "10": "0", "11": "0", "12": "0", "13": "0", "14": "0", "15": "0", "16": "0", "17": "0", "18": "0", "19": "0", "20": "0", "21": "0", "22": "0", "23": "1", "24": "1", "25": "1", "26": "1", "27": "1", "28": "1", "29": "1", "30": "1", "31": "1", "32": "1", "33": "1", "34": "1", "35": "1", "36": "1", "37": "1", "38": "1"}}