{"edges": [[0, 1], [0, 6], [0, 13], [1, 0], [1, 5], [1, 12], [1, 13], [2, 3], [2, 4], [2, 8], [2, 15], [2, 17], [3, 2], [3, 4], [3, 7], [3, 9], [3, 17], [3, 25], [4, 2], [4, 3], [4, 8], [4, 9], [5, 1], [5, 6], [5, 13], [5, 20], [6, 0], [6, 5], [6, 13], [6, 21], [7, 3], [7, 8], [7, 9], [7, 23], [7, 25], [8, 2], [8, 4], [8, 7], [8, 9], [8, 17], [8, 25], [9, 3], [9, 4], [9, 7], [9, 8], [10, 11], [10, 16], [10, 19], [10, 24], [11, 10], [11, 12], [11, 18], [11, 20], [12, 1], [12, 11], [12, 19], [13, 0], [13, 1], [13, 5], [13, 6], [13, 14], [13, 22], [14, 13], [14, 15], [14, 21], [14, 23], [15, 2], [15, 14], [15, 22], [16, 10], [16, 18], [17, 2], [17, 3], [17, 8], [17, 25], [18, 11], [18, 16], [18, 19], [18, 24], [19, 10], [19, 12], [19, 18], [19, 20], [20, 5], [20, 11], [20, 19], [21, 6], [21, 14], [21, 22], [22, 13], [22, 15], [22, 21], [22, 23], [23, 7], [23, 14], [23, 22], [24, 10], [24, 18], [25, 3], [25, 7], [25, 8], [25, 17]], "target": 2, "label": {"0": "0", "1": "0", "2": "0", "3": "0", "4": "0", "5": "0", "6": "0", "7": "0", "8": "0", "9": "0", "10": "1", "11": "1", "12": "1", "13": "1", "14": "1", "15": "1", "16": "1", "17": "1", "18": "1", "19": "1", "20": "1", "21": "1", "22": "1", "23": "1", "24": "1", "25": "1"}}