{"edges": [[0, 1], [0, 2], [0, 3], [1, 0], [1, 2], [1, 3], [1, 14], [2, 0], [2, 1], [2, 3], [3, 0], [3, 1], [3, 2], [4, 5], [4, 9], [4, 10], [5, 4], [5, 6], [5, 9], [5, 10], [5, 11], [5, 12], [6, 5], [6, 11], [6, 12], [7, 8], [7, 13], [7, 14], [8, 7], [8, 12], [8, 13], [8, 14], [9, 4], [9, 5], [9, 10], [10, 4], [10, 5], [10, 9], [10, 11], [11, 5], [11, 6], [11, 10], [11, 12], [12, 5], [12, 6], [12, 8], [12, 11], [13, 7], [13, 8], [13, 14], [14, 1], [14, 7], [14, 8], [14, 13]], "target": 2, "label": {"0": "0", "1": "0", "2": "0", "3": "0", "4": "1", "5": "1", "6": "1", "7": "1", "8": "1", "9": "1", "10": "1", "11": "1", "12": "1", "13": "1", "14": "1"}}