{"edges": [[0, 1], [0, 11], [0, 12], [0, 13], [0, 19], [1, 0], [1, 12], [1, 13], [2, 3], [2, 13], [2, 14], [2, 15], [3, 2], [3, 14], [3, 15], [4, 5], [4, 15], [4, 16], [5, 4], [5, 6], [5, 16], [6, 5], [6, 7], [6, 16], [6, 17], [7, 6], [7, 8], [7, 17], [8, 7], [8, 9], [8, 17], [8, 18], [9, 8], [9, 10], [9, 18], [10, 9], [10, 20], [11, 0], [11, 12], [11, 19], [12, 0], [12, 1], [12, 11], [12, 13], [12, 19], [13, 0], [13, 1], [13, 2], [13, 12], [14, 2], [14, 3], [14, 15], [15, 2], [15, 3], [15, 4], [15, 14], [16, 4], [16, 5], [16, 6], [17, 6], [17, 7], [17, 8], [18, 8], [18, 9], [19, 0], [19, 11], [19, 12], [20, 10], [20, 21], [20, 22], [21, 20], [21, 22], [21, 23], [21, 24], [22, 20], [22, 21], [22, 23], [22, 24], [23, 21], [23, 22], [23, 24], [24, 21], [24, 22], [24, 23]], "target": 2, "label": {"0": "0", "1": "0", "2": "0", "3": "0", "4": "0", "5": "0", "6": "0", "7": "0", "8": "0", "9": "0", "10": "0", "11": "1", "12": "1", "13": "1", "14": "1", "15": "1", "16": "1", "17": "1", "18": "1", "19": "1", "20": "1", "21": "1", "22": "1", "23": "1", "24": "1"}}