{"edges": [[0, 1], [0, 21], [0, 22], [1, 0], [1, 2], [1, 21], [1, 22], [2, 1], [2, 3], [2, 22], [3, 2], [3, 23], [3, 26], [4, 5], [4, 6], [4, 26], [4, 27], [5, 4], [5, 6], [5, 7], [5, 27], [6, 4], [6, 5], [6, 7], [7, 5], [7, 6], [7, 24], [8, 9], [8, 24], [8, 25], [9, 8], [9, 24], [9, 25], [10, 11], [10, 12], [10, 25], [11, 10], [11, 12], [11, 13], [12, 10], [12, 11], [12, 13], [12, 14], [13, 11], [13, 12], [13, 14], [13, 15], [14, 12], [14, 13], [14, 15], [14, 16], [15, 13], [15, 14], [15, 16], [15, 20], [16, 14], [16, 15], [16, 20], [17, 18], [17, 20], [17, 28], [18, 17], [18, 19], [18, 28], [19, 18], [19, 28], [19, 29], [19, 31], [20, 15], [20, 16], [20, 17], [21, 0], [21, 1], [21, 22], [22, 0], [22, 1], [22, 2], [22, 21], [23, 3], [23, 26], [23, 27], [24, 7], [24, 8], [24, 9], [25, 8], [25, 9], [25, 10], [26, 3], [26, 4], [26, 23], [26, 27], [27, 4], [27, 5], [27, 23], [27, 26], [28, 17], [28, 18], [28, 19], [28, 29], [28, 31], [29, 19], [29, 28], [29, 31], [29, 33], [30, 32], [30, 33], [30, 34], [31, 19], [31, 28], [31, 29], [31, 33], [32, 30], [32, 33], [32, 34], [33, 29], [33, 30], [33, 31], [33, 32], [33, 34], [34, 30], [34, 32], [34, 33]], "target": 2, "label": {"0": "0", "1": "0", "2": "0", "3": "0", "4": "0", "5": "0", "6": "0", "7": "0", "8": "0", "9": "0", "10": "0", "11": "0", "12": "0", "13": "0", "14": "0", "15": "0", "16": "0", "17": "0", "18": "0", "19": "0", "20": "1", "21": "1", "22": "1", "23": "1", "24": "1", "25": "1", "26": "1", "27": "1", "28": "1", "29": "1", "30": "1", "31": "1", "32": "1", "33": "1", "34": "1"}}