{"edges": [[0, 1], [0, 19], [0, 20], [1, 0], [1, 19], [1, 20], [2, 20], [2, 21], [2, 25], [3, 4], [3, 24], [3, 26], [3, 33], [4, 3], [4, 5], [4, 6], [4, 34], [5, 4], [5, 6], [5, 22], [5, 26], [5, 34], [6, 4], [6, 5], [6, 7], [6, 8], [6, 22], [7, 6], [7, 8], [7, 22], [7, 23], [8, 6], [8, 7], [8, 9], [8, 23], [9, 8], [9, 10], [9, 11], [10, 9], [10, 11], [10, 12], [11, 9], [11, 10], [11, 12], [11, 13], [11, 17], [12, 10], [12, 11], [12, 13], [12, 17], [13, 11], [13, 12], [13, 14], [13, 17], [13, 18], [14, 13], [14, 15], [14, 18], [15, 14], [15, 18], [15, 27], [16, 29], [16, 31], [16, 32], [17, 11], [17, 12], [17, 13], [17, 18], [18, 13], [18, 14], [18, 15], [18, 17], [19, 0], [19, 1], [19, 20], [20, 0], [20, 1], [20, 2], [20, 19], [21, 2], [21, 24], [21, 25], [22, 5], [22, 6], [22, 7], [22, 23], [22, 34], [23, 7], [23, 8], [23, 22], [24, 3], [24, 21], [24, 25], [24, 33], [25, 2], [25, 21], [25, 24], [26, 3], [26, 5], [26, 33], [26, 34], [27, 15], [27, 28], [27, 29], [28, 27], [28, 29], [28, 31], [29, 16], [29, 27], [29, 28], [29, 30], [29, 31], [29, 32], [30, 29], [30, 31], [30, 32], [31, 16], [31, 28], [31, 29], [31, 30], [31, 32], [32, 16], [32, 29], [32, 30], [32, 31], [33, 3], [33, 24], [33, 26], [33, 34], [34, 4], [34, 5], [34, 22], [34, 26], [34, 33]], "target": 2, "label": {"0": "0", "1": "0", "2": "0", "3": "0", "4": "0", "5": "0", "6": "0", "7": "0", "8": "0", "9": "0", "10": "0", "11": "0", "12": "0", "13": "0", "14": "0", "15": "0", "16": "0", "17": "1", "18": "1", "19": "1", "20": "1", "21": "1", "22": "1", "23": "1", "24": "1", "25": "1", "26": "1", "27": "1", "28": "1", "29": "1", "30": "1", "31": "1", "32": "1", "33": "1", "34": "1"}}