{"edges": [[0, 1], [0, 20], [0, 21], [1, 0], [1, 2], [1, 20], [1, 21], [1, 22], [2, 1], [2, 21], [2, 22], [3, 4], [3, 5], [3, 22], [4, 3], [4, 5], [4, 6], [5, 3], [5, 4], [5, 6], [6, 4], [6, 5], [6, 7], [6, 8], [6, 23], [7, 6], [7, 8], [7, 23], [8, 6], [8, 7], [8, 23], [8, 24], [9, 10], [9, 11], [9, 24], [10, 9], [10, 11], [10, 12], [11, 9], [11, 10], [11, 12], [11, 13], [12, 10], [12, 11], [12, 13], [12, 14], [13, 11], [13, 12], [13, 14], [13, 15], [13, 19], [14, 12], [14, 13], [14, 15], [14, 19], [15, 13], [15, 14], [15, 19], [16, 17], [16, 19], [16, 25], [16, 26], [17, 16], [17, 25], [17, 26], [18, 27], [18, 29], [18, 31], [19, 13], [19, 14], [19, 15], [19, 16], [20, 0], [20, 1], [20, 21], [21, 0], [21, 1], [21, 2], [21, 20], [22, 1], [22, 2], [22, 3], [23, 6], [23, 7], [23, 8], [23, 24], [24, 8], [24, 9], [24, 23], [25, 16], [25, 17], [25, 26], [25, 28], [25, 30], [26, 16], [26, 17], [26, 25], [26, 28], [26, 30], [27, 18], [27, 29], [27, 31], [28, 25], [28, 26], [28, 30], [29, 18], [29, 27], [29, 30], [29, 31], [30, 25], [30, 26], [30, 28], [30, 29], [30, 31], [31, 18], [31, 27], [31, 29], [31, 30], [32, 33], [32, 35], [32, 36], [33, 32], [33, 35], [33, 36], [34, 35], [34, 36], [34, 37], [35, 32], [35, 33], [35, 34], [35, 36], [35, 37], [36, 32], [36, 33], [36, 34], [36, 35], [36, 37], [37, 34], [37, 35], [37, 36]], "target": 2, "label": {"0": "0", "1": "0", "2": "0", "3": "0", "4": "0", "5": "0", "6": "0", "7": "0", "8": "0", "9": "0", "10": "0", "11": "0", "12": "0", "13": "0", "14": "0", "15": "0", "16": "0", "17": "0", "18": "0", "19": "1", "20": "1", "21": "1", "22": "1", "23": "1", "24": "1", "25": "1", "26": "1", "27": "1", "28": "1", "29": "1", "30": "1", "31": "1", "32": "1", "33": "1", "34": "1", "35": "1", "36": "1", "37": "1"}}