{"edges": [[0, 1], [0, 2], [0, 17], [1, 0], [1, 2], [1, 17], [1, 18], [1, 25], [2, 0], [2, 1], [2, 3], [2, 19], [3, 2], [3, 4], [3, 5], [3, 19], [3, 26], [3, 27], [4, 3], [4, 5], [4, 27], [5, 3], [5, 4], [5, 6], [5, 7], [5, 20], [5, 27], [6, 5], [6, 7], [6, 8], [6, 20], [7, 5], [7, 6], [7, 8], [7, 21], [8, 6], [8, 7], [8, 9], [8, 10], [8, 11], [8, 21], [8, 22], [9, 8], [9, 10], [9, 11], [9, 22], [10, 8], [10, 9], [10, 11], [11, 8], [11, 9], [11, 10], [11, 12], [11, 13], [11, 14], [11, 23], [12, 11], [12, 13], [12, 14], [12, 23], [13, 11], [13, 12], [13, 14], [13, 16], [14, 11], [14, 12], [14, 13], [14, 15], [14, 16], [14, 24], [15, 14], [15, 16], [15, 29], [16, 13], [16, 14], [16, 15], [16, 30], [17, 0], [17, 1], [17, 18], [17, 25], [18, 1], [18, 17], [18, 19], [18, 25], [18, 26], [19, 2], [19, 3], [19, 18], [19, 26], [20, 5], [20, 6], [20, 21], [20, 27], [21, 7], [21, 8], [21, 20], [21, 22], [22, 8], [22, 9], [22, 21], [22, 23], [23, 11], [23, 12], [23, 22], [23, 24], [24, 14], [24, 23], [24, 28], [24, 29], [25, 1], [25, 17], [25, 18], [26, 3], [26, 18], [26, 19], [27, 3], [27, 4], [27, 5], [27, 20], [28, 24], [28, 29], [28, 30], [29, 15], [29, 24], [29, 28], [29, 30], [30, 16], [30, 28], [30, 29], [30, 31], [30, 32], [30, 34], [31, 30], [31, 32], [31, 34], [32, 30], [32, 31], [32, 34], [32, 36], [33, 35], [33, 36], [33, 37], [34, 30], [34, 31], [34, 32], [34, 36], [35, 33], [35, 36], [35, 37], [36, 32], [36, 33], [36, 34], [36, 35], [36, 37], [37, 33], [37, 35], [37, 36]], "target": 2, "label": {"0": "0", "1": "0", "2": "0", "3": "0", "4": "0", "5": "0", "6": "0", "7": "0", "8": "0", "9": "0", "10": "0", "11": "0", "12": "0", "13": "0", "14": "0", "15": "0", "16": "0", "17": "1", "18": "1", "19": "1", "20": "1", "21": "1", "22": "1", "23": "1", "24": "1", "25": "1", "26": "1", "27": "1", "28": "1", "29": "1", "30": "1", "31": "1", "32": "1", "33": "1", "34": "1", "35": "1", "36": "1", "37": "1"}}