{"edges": [[0, 1], [0, 20], [0, 21], [1, 0], [1, 2], [1, 20], [1, 21], [2, 1], [2, 21], [2, 22], [3, 4], [3, 5], [3, 6], [3, 22], [4, 3], [4, 5], [4, 6], [5, 3], [5, 4], [5, 6], [5, 7], [5, 23], [6, 3], [6, 4], [6, 5], [6, 7], [6, 8], [6, 23], [7, 5], [7, 6], [7, 8], [7, 23], [8, 6], [8, 7], [8, 23], [8, 24], [8, 25], [9, 10], [9, 11], [9, 12], [9, 24], [9, 25], [10, 9], [10, 11], [10, 12], [10, 25], [11, 9], [11, 10], [11, 12], [11, 13], [11, 14], [12, 9], [12, 10], [12, 11], [12, 13], [12, 14], [13, 11], [13, 12], [13, 14], [13, 19], [14, 11], [14, 12], [14, 13], [14, 19], [15, 16], [15, 19], [15, 26], [16, 15], [16, 19], [16, 26], [16, 27], [17, 18], [17, 28], [17, 30], [17, 32], [18, 17], [18, 28], [18, 30], [19, 13], [19, 14], [19, 15], [19, 16], [20, 0], [20, 1], [20, 21], [21, 0], [21, 1], [21, 2], [21, 20], [21, 22], [22, 2], [22, 3], [22, 21], [23, 5], [23, 6], [23, 7], [23, 8], [23, 24], [24, 8], [24, 9], [24, 23], [24, 25], [25, 8], [25, 9], [25, 10], [25, 24], [26, 15], [26, 16], [26, 27], [26, 29], [26, 31], [27, 16], [27, 26], [27, 29], [27, 31], [28, 17], [28, 18], [28, 30], [28, 32], [29, 26], [29, 27], [29, 31], [30, 17], [30, 18], [30, 28], [30, 31], [30, 32], [31, 26], [31, 27], [31, 29], [31, 30], [31, 32], [32, 17], [32, 28], [32, 30], [32, 31]], "target": 2, "label": {"0": "0", "1": "0", "2": "0", "3": "0", "4": "0", "5": "0", "6": "0", "7": "0", "8": "0", "9": "0", "10": "0", "11": "0", "12": "0", "13": "0", "14": "0", "15": "0", "16": "0", "17": "0", "18": "0", "19": "1", "20": "1", "21": "1", "22": "1", "23": "1", "24": "1", "25": "1", "26": "1", "27": "1", "28": "1", "29": "1", "30": "1", "31": "1", "32": "1"}}