{"edges": [[0, 1], [0, 18], [0, 19], [1, 0], [1, 17], [1, 18], [1, 19], [1, 23], [2, 3], [2, 22], [2, 24], [3, 2], [3, 4], [3, 5], [3, 16], [3, 22], [4, 3], [4, 5], [4, 16], [5, 3], [5, 4], [5, 6], [5, 15], [5, 16], [6, 5], [6, 7], [6, 15], [7, 6], [7, 8], [7, 9], [8, 7], [8, 9], [8, 21], [9, 7], [9, 8], [9, 10], [9, 11], [9, 21], [10, 9], [10, 11], [10, 12], [10, 21], [11, 9], [11, 10], [11, 12], [11, 20], [11, 21], [12, 10], [12, 11], [12, 13], [12, 20], [13, 12], [13, 20], [13, 25], [14, 27], [14, 28], [14, 29], [14, 30], [14, 31], [15, 5], [15, 6], [15, 16], [16, 3], [16, 4], [16, 5], [16, 15], [16, 22], [17, 1], [17, 18], [17, 23], [17, 24], [18, 0], [18, 1], [18, 17], [18, 19], [19, 0], [19, 1], [19, 18], [20, 11], [20, 12], [20, 13], [20, 21], [21, 8], [21, 9], [21, 10], [21, 11], [21, 20], [22, 2], [22, 3], [22, 16], [22, 24], [23, 1], [23, 17], [23, 24], [24, 2], [24, 17], [24, 22], [24, 23], [25, 13], [25, 26], [25, 27], [26, 25], [26, 27], [26, 30], [27, 14], [27, 25], [27, 26], [27, 30], [28, 14], [28, 29], [28, 31], [29, 14], [29, 28], [29, 30], [29, 31], [30, 14], [30, 26], [30, 27], [30, 29], [31, 14], [31, 28], [31, 29]], "target": 2, "label": {"0": "0", "1": "0", "2": "0", "3": "0", "4": "0", "5": "0", "6": "0", "7": "0", "8": "0", "9": "0", "10": "0", "11": "0", "12": "0", "13": "0", "14": "0", "15": "1", "16": "1", "17": "1", "18": "1", "19": "1", "20": "1", "21": "1", "22": "1", "23": "1", "24": "1", "25": "1", "26": "1", "27": "1", "28": "1", "29": "1", "30": "1", "31": "1"}}