{"edges": [[0, 1], [0, 19], [0, 20], [0, 27], [1, 0], [1, 2], [1, 20], [2, 1], [2, 21], [2, 28], [3, 4], [3, 5], [3, 6], [3, 31], [4, 3], [4, 5], [4, 29], [5, 3], [5, 4], [5, 6], [5, 29], [6, 3], [6, 5], [6, 7], [6, 8], [6, 22], [6, 29], [7, 6], [7, 8], [7, 22], [8, 6], [8, 7], [8, 9], [8, 23], [9, 8], [9, 10], [9, 23], [9, 24], [10, 9], [10, 11], [10, 24], [11, 10], [11, 12], [11, 13], [11, 24], [11, 25], [12, 11], [12, 13], [12, 25], [13, 11], [13, 12], [13, 14], [13, 25], [14, 13], [14, 15], [14, 16], [14, 25], [15, 14], [15, 16], [15, 25], [16, 14], [16, 15], [16, 26], [17, 18], [17, 32], [17, 33], [18, 17], [18, 32], [18, 33], [18, 34], [19, 0], [19, 20], [19, 27], [20, 0], [20, 1], [20, 19], [20, 27], [21, 2], [21, 28], [21, 30], [21, 31], [22, 6], [22, 7], [22, 23], [22, 29], [23, 8], [23, 9], [23, 22], [23, 24], [24, 9], [24, 10], [24, 11], [24, 23], [25, 11], [25, 12], [25, 13], [25, 14], [25, 15], [26, 16], [26, 32], [26, 33], [27, 0], [27, 19], [27, 20], [28, 2], [28, 21], [28, 30], [28, 31], [29, 4], [29, 5], [29, 6], [29, 22], [30, 21], [30, 28], [30, 31], [31, 3], [31, 21], [31, 28], [31, 30], [32, 17], [32, 18], [32, 26], [32, 33], [33, 17], [33, 18], [33, 26], [33, 32], [34, 18], [34, 35], [34, 36], [35, 34], [35, 36], [35, 38], [36, 34], [36, 35], [36, 38], [36, 40], [37, 39], [37, 40], [37, 41], [38, 35], [38, 36], [38, 40], [39, 37], [39, 40], [39, 41], [40, 36], [40, 37], [40, 38], [40, 39], [40, 41], [41, 37], [41, 39], [41, 40]], "target": 2, "label": {"0": "0", "1": "0", "2": "0", "3": "0", "4": "0", "5": "0", "6": "0", "7": "0", "8": "0", "9": "0", "10": "0", "11": "0", "12": "0", "13": "0", "14": "0", "15": "0", "16": "0", "17": "0", "18": "0", "19": "1", "20": "1", "21": "1", "22": "1", "23": "1", "24": "1", "25": "1", "26": "1", "27": "1", "28": "1", "29": "1", "30": "1", "31": "1", "32": "1", "33": "1", "34": "1", "35": "1", "36": "1", "37": "1", "38": "1", "39": "1", "40": "1", "41": "1"}}