{"edges": [[0, 1], [0, 21], [0, 29], [1, 0], [1, 2], [1, 22], [1, 23], [2, 1], [2, 23], [2, 30], [3, 4], [3, 23], [3, 30], [4, 3], [4, 5], [4, 30], [5, 4], [5, 6], [5, 31], [6, 5], [6, 7], [6, 24], [6, 31], [7, 6], [7, 8], [7, 24], [8, 7], [8, 24], [8, 25], [9, 10], [9, 25], [9, 26], [10, 9], [10, 11], [10, 12], [10, 26], [11, 10], [11, 12], [11, 13], [12, 10], [12, 11], [12, 13], [12, 14], [13, 11], [13, 12], [13, 14], [13, 27], [14, 12], [14, 13], [14, 15], [14, 16], [14, 17], [14, 27], [15, 14], [15, 16], [15, 17], [15, 27], [16, 14], [16, 15], [16, 17], [17, 14], [17, 15], [17, 16], [17, 28], [18, 19], [18, 32], [18, 33], [19, 18], [19, 33], [19, 34], [20, 37], [20, 39], [20, 41], [21, 0], [21, 22], [21, 29], [22, 1], [22, 21], [22, 29], [23, 1], [23, 2], [23, 3], [23, 30], [24, 6], [24, 7], [24, 8], [24, 31], [25, 8], [25, 9], [25, 26], [26, 9], [26, 10], [26, 25], [27, 13], [27, 14], [27, 15], [28, 17], [28, 32], [28, 33], [29, 0], [29, 21], [29, 22], [30, 2], [30, 3], [30, 4], [30, 23], [31, 5], [31, 6], [31, 24], [32, 18], [32, 28], [32, 33], [32, 34], [33, 18], [33, 19], [33, 28], [33, 32], [33, 34], [34, 19], [34, 32], [34, 33], [34, 35], [34, 36], [34, 38], [35, 34], [35, 36], [35, 38], [36, 34], [36, 35], [36, 38], [36, 40], [37, 20], [37, 39], [37, 40], [37, 41], [38, 34], [38, 35], [38, 36], [38, 40], [39, 20], [39, 37], [39, 40], [39, 41], [40, 36], [40, 37], [40, 38], [40, 39], [40, 41], [41, 20], [41, 37], [41, 39], [41, 40]], "target": 2, "label": {"0": "0", "1": "0", "2": "0", "3": "0", "4": "0", "5": "0", "6": "0", "7": "0", "8": "0", "9": "0", "10": "0", "11": "0", "12": "0", "13": "0", "14": "0", "15": "0", "16": "0", "17": "0", "18": "0", "19": "0", "20": "0", "21": "1", "22": "1", "23": "1", "24": "1", "25": "1", "26": "1", "27": "1", "28": "1", "29": "1", "30": "1", "31": "1", "32": "1", "33": "1", "34": "1", "35": "1", "36": "1", "37": "1", "38": "1", "39": "1", "40": "1", "41": "1"}}