{"edges": [[0, 1], [0, 18], [0, 26], [1, 0], [1, 2], [1, 18], [1, 19], [2, 1], [2, 3], [2, 27], [2, 28], [3, 2], [3, 20], [3, 28], [4, 5], [4, 29], [4, 30], [5, 4], [5, 6], [5, 7], [6, 5], [6, 7], [6, 8], [6, 21], [7, 5], [7, 6], [7, 8], [7, 21], [7, 22], [8, 6], [8, 7], [8, 21], [8, 22], [9, 10], [9, 22], [9, 23], [10, 9], [10, 11], [10, 23], [11, 10], [11, 12], [11, 23], [11, 24], [12, 11], [12, 13], [12, 24], [13, 12], [13, 14], [13, 15], [13, 24], [13, 25], [14, 13], [14, 15], [14, 25], [15, 13], [15, 14], [15, 25], [15, 31], [16, 33], [16, 35], [16, 37], [17, 34], [17, 39], [17, 40], [18, 0], [18, 1], [18, 19], [18, 26], [18, 27], [19, 1], [19, 18], [19, 26], [19, 27], [19, 28], [20, 3], [20, 28], [20, 29], [20, 30], [21, 6], [21, 7], [21, 8], [21, 22], [22, 7], [22, 8], [22, 9], [22, 21], [22, 23], [23, 9], [23, 10], [23, 11], [23, 22], [24, 11], [24, 12], [24, 13], [24, 25], [25, 13], [25, 14], [25, 15], [25, 24], [25, 31], [26, 0], [26, 18], [26, 19], [27, 2], [27, 18], [27, 19], [27, 28], [28, 2], [28, 3], [28, 19], [28, 20], [28, 27], [29, 4], [29, 20], [29, 30], [30, 4], [30, 20], [30, 29], [31, 15], [31, 25], [31, 32], [31, 33], [32, 31], [32, 33], [32, 37], [33, 16], [33, 31], [33, 32], [33, 37], [34, 17], [34, 38], [34, 39], [34, 40], [35, 16], [35, 36], [35, 37], [36, 35], [36, 38], [36, 39], [37, 16], [37, 32], [37, 33], [37, 35], [38, 34], [38, 36], [38, 39], [38, 40], [39, 17], [39, 34], [39, 36], [39, 38], [39, 40], [40, 17], [40, 34], [40, 38], [40, 39]], "target": 2, "label": {"0": "0", "1": "0", "2": "0", "3": "0", "4": "0", "5": "0", "6": "0", "7": "0", "8": "0", "9": "0", "10": "0", "11": "0", "12": "0", "13": "0", "14": "0", "15": "0", "16": "0", "17": "0", "18": "1", "19": "1", "20": "1", "21": "1", "22": "1", "23": "1", "24": "1", "25": "1", "26": "1", "27": "1", "28": "1", "29": "1", "30": "1", "31": "1", "32": "1", "33": "1", "34": "1", "35": "1", "36": "1", "37": "1", "38": "1", "39": "1", "40": "1"}}