{"edges": [[0, 1], [0, 17], [0, 25], [1, 0], [1, 17], [1, 18], [1, 25], [2, 3], [2, 18], [2, 26], [2, 27], [3, 2], [3, 19], [3, 27], [3, 28], [3, 29], [4, 5], [4, 6], [4, 29], [5, 4], [5, 6], [5, 7], [6, 4], [6, 5], [6, 7], [6, 8], [6, 20], [7, 5], [7, 6], [7, 8], [7, 9], [7, 20], [8, 6], [8, 7], [8, 9], [8, 21], [9, 7], [9, 8], [9, 10], [9, 21], [9, 22], [10, 9], [10, 11], [10, 21], [10, 22], [11, 10], [11, 22], [11, 23], [12, 13], [12, 23], [12, 24], [13, 12], [13, 14], [13, 24], [14, 13], [14, 24], [14, 30], [15, 32], [15, 34], [15, 36], [16, 33], [16, 37], [16, 38], [16, 39], [17, 0], [17, 1], [17, 25], [18, 1], [18, 2], [18, 26], [18, 27], [19, 3], [19, 28], [19, 29], [20, 6], [20, 7], [20, 21], [21, 8], [21, 9], [21, 10], [21, 20], [21, 22], [22, 9], [22, 10], [22, 11], [22, 21], [23, 11], [23, 12], [23, 24], [24, 12], [24, 13], [24, 14], [24, 23], [25, 0], [25, 1], [25, 17], [26, 2], [26, 18], [26, 27], [27, 2], [27, 3], [27, 18], [27, 26], [28, 3], [28, 19], [28, 29], [29, 3], [29, 4], [29, 19], [29, 28], [30, 14], [30, 31], [30, 32], [31, 30], [31, 32], [31, 36], [32, 15], [32, 30], [32, 31], [32, 36], [33, 16], [33, 38], [33, 39], [34, 15], [34, 35], [34, 36], [35, 34], [35, 37], [35, 38], [36, 15], [36, 31], [36, 32], [36, 34], [37, 16], [37, 35], [37, 38], [38, 16], [38, 33], [38, 35], [38, 37], [38, 39], [39, 16], [39, 33], [39, 38]], "target": 2, "label": {"0": "0", "1": "0", "2": "0", "3": "0", "4": "0", "5": "0", "6": "0", "7": "0", "8": "0", "9": "0", "10": "0", "11": "0", "12": "0", "13": "0", "14": "0", "15": "0", "16": "0", "17": "1", "18": "1", "19": "1", "20": "1", "21": "1", "22": "1", "23": "1", "24": "1", "25": "1", "26": "1", "27": "1", "28": "1", "29": "1", "30": "1", "31": "1", "32": "1", "33": "1", "34": "1", "35": "1", "36": "1", "37": "1", "38": "1", "39": "1"}}