{"edges": [[0, 1], [0, 2], [0, 24], [1, 0], [1, 2], [1, 25], [2, 0], [2, 1], [2, 3], [2, 26], [3, 2], [3, 4], [3, 5], [3, 6], [3, 26], [4, 3], [4, 5], [4, 6], [5, 3], [5, 4], [5, 6], [5, 7], [5, 27], [6, 3], [6, 4], [6, 5], [6, 7], [6, 8], [6, 27], [7, 5], [7, 6], [7, 8], [8, 6], [8, 7], [8, 9], [8, 28], [9, 8], [9, 10], [9, 11], [9, 28], [10, 9], [10, 11], [10, 12], [10, 28], [11, 9], [11, 10], [11, 12], [11, 13], [12, 10], [12, 11], [12, 13], [12, 14], [12, 15], [13, 11], [13, 12], [13, 14], [13, 15], [14, 12], [14, 13], [14, 15], [14, 16], [14, 17], [15, 12], [15, 13], [15, 14], [15, 16], [15, 17], [15, 23], [16, 14], [16, 15], [16, 17], [16, 30], [17, 14], [17, 15], [17, 16], [17, 31], [18, 19], [18, 20], [18, 21], [19, 18], [19, 20], [19, 21], [19, 22], [20, 18], [20, 19], [20, 21], [20, 22], [21, 18], [21, 19], [21, 20], [21, 22], [22, 19], [22, 20], [22, 21], [23, 15], [23, 29], [23, 30], [23, 31], [24, 0], [24, 25], [24, 26], [25, 1], [25, 24], [25, 26], [26, 2], [26, 3], [26, 24], [26, 25], [26, 27], [27, 5], [27, 6], [27, 26], [27, 28], [28, 8], [28, 9], [28, 10], [28, 27], [29, 23], [29, 30], [29, 31], [30, 16], [30, 23], [30, 29], [30, 31], [31, 17], [31, 23], [31, 29], [31, 30], [31, 32], [31, 34], [31, 36], [32, 31], [32, 34], [32, 36], [33, 35], [33, 36], [33, 37], [34, 31], [34, 32], [34, 36], [35, 33], [35, 36], [35, 37], [36, 31], [36, 32], [36, 33], [36, 34], [36, 35], [36, 37], [37, 33], [37, 35], [37, 36]], "target": 2, "label": {"0": "0", "1": "0", "2": "0", "3": "0", "4": "0", "5": "0", "6": "0", "7": "0", "8": "0", "9": "0", "10": "0", "11": "0", "12": "0", "13": "0", "14": "0", "15": "0", "16": "0", "17": "0", "18": "0", "19": "0", "20": "0", "21": "0", "22": "0", "23": "1", "24": "1", "25": "1", "26": "1", "27": "1", "28": "1", "29": "1", "30": "1", "31": "1", "32": "1", "33": "1", "34": "1", "35": "1", "36": "1", "37": "1"}}