{"edges": [[0, 1], [0, 21], [0, 22], [1, 0], [1, 2], [1, 3], [1, 20], [1, 25], [2, 1], [2, 3], [2, 4], [2, 26], [3, 1], [3, 2], [3, 4], [3, 5], [3, 32], [4, 2], [4, 3], [4, 5], [4, 6], [4, 19], [4, 33], [5, 3], [5, 4], [5, 6], [5, 7], [5, 19], [6, 4], [6, 5], [6, 7], [6, 18], [7, 5], [7, 6], [7, 8], [7, 9], [7, 17], [7, 18], [8, 7], [8, 9], [8, 10], [8, 17], [9, 7], [9, 8], [9, 10], [10, 8], [10, 9], [10, 11], [10, 16], [11, 10], [11, 12], [11, 13], [11, 14], [11, 16], [11, 23], [12, 11], [12, 13], [12, 14], [12, 15], [12, 23], [13, 11], [13, 12], [13, 14], [13, 15], [14, 11], [14, 12], [14, 13], [14, 15], [14, 35], [15, 12], [15, 13], [15, 14], [15, 39], [15, 41], [16, 10], [16, 11], [16, 17], [16, 18], [16, 23], [17, 7], [17, 8], [17, 16], [17, 18], [17, 19], [18, 6], [18, 7], [18, 16], [18, 17], [18, 19], [18, 33], [19, 4], [19, 5], [19, 17], [19, 18], [19, 33], [20, 1], [20, 25], [20, 27], [20, 30], [20, 34], [21, 0], [21, 22], [21, 24], [21, 25], [22, 0], [22, 21], [22, 24], [22, 25], [23, 11], [23, 12], [23, 16], [23, 35], [23, 36], [24, 21], [24, 22], [24, 25], [25, 1], [25, 20], [25, 21], [25, 22], [25, 24], [26, 2], [26, 27], [26, 28], [26, 29], [26, 31], [26, 32], [27, 20], [27, 26], [27, 28], [27, 29], [27, 30], [27, 34], [28, 26], [28, 27], [28, 29], [28, 30], [29, 26], [29, 27], [29, 28], [29, 32], [30, 20], [30, 27], [30, 28], [30, 34], [31, 26], [31, 32], [31, 33], [32, 3], [32, 26], [32, 29], [32, 31], [32, 33], [33, 4], [33, 18], [33, 19], [33, 31], [33, 32], [34, 20], [34, 27], [34, 30], [35, 14], [35, 23], [35, 36], [35, 37], [35, 41], [36, 23], [36, 35], [36, 37], [36, 41], [37, 35], [37, 36], [37, 39], [37, 41], [38, 39], [38, 40], [38, 42], [39, 15], [39, 37], [39, 38], [39, 40], [39, 41], [39, 42], [40, 38], [40, 39], [40, 41], [40, 42], [41, 15], [41, 35], [41, 36], [41, 37], [41, 39], [41, 40], [42, 38], [42, 39], [42, 40]], "target": 2, "label": {"0": "0", "1": "0", "2": "0", "3": "0", "4": "0", "5": "0", "6": "0", "7": "0", "8": "0", "9": "0", "10": "0", "11": "0", "12": "0", "13": "0", "14": "0", "15": "0", "16": "1", "17": "1", "18": "1", "19": "1", "20": "1", "21": "1", "22": "1", "23": "1", "24": "1", "25": "1", "26": "1", "27": "1", "28": "1", "29": "1", "30": "1", "31": "1", "32": "1", "33": "1", "34": "1", "35": "1", "36": "1", "37": "1", "38": "1", "39": "1", "40": "1", "41": "1", "42": "1"}}