{"edges": [[0, 1], [0, 2], [0, 21], [1, 0], [1, 2], [1, 21], [2, 0], [2, 1], [2, 3], [2, 4], [2, 20], [2, 21], [3, 2], [3, 4], [3, 20], [4, 2], [4, 3], [4, 5], [4, 19], [5, 4], [5, 6], [5, 7], [5, 19], [6, 5], [6, 7], [6, 19], [7, 5], [7, 6], [7, 8], [7, 9], [7, 19], [8, 7], [8, 9], [8, 10], [8, 11], [9, 7], [9, 8], [9, 10], [9, 11], [10, 8], [10, 9], [10, 11], [11, 8], [11, 9], [11, 10], [11, 12], [11, 22], [11, 23], [12, 11], [12, 22], [12, 23], [13, 14], [13, 15], [13, 16], [13, 23], [14, 13], [14, 15], [14, 16], [15, 13], [15, 14], [15, 16], [15, 17], [15, 18], [16, 13], [16, 14], [16, 15], [16, 17], [16, 18], [17, 15], [17, 16], [17, 18], [18, 15], [18, 16], [18, 17], [19, 4], [19, 5], [19, 6], [19, 7], [20, 2], [20, 3], [20, 21], [21, 0], [21, 1], [21, 2], [21, 20], [22, 11], [22, 12], [22, 23], [23, 11], [23, 12], [23, 13], [23, 22]], "target": 5, "label": {"0": "0", "1": "0", "2": "0", "3": "0", "4": "0", "5": "0", "6": "0", "7": "0", "8": "0", "9": "0", "10": "0", "11": "0", "12": "0", "13": "0", "14": "0", "15": "0", "16": "0", "17": "0", "18": "0", "19": "1", "20": "1", "21": "1", "22": "1", "23": "1"}}