{"edges": [[0, 18], [0, 22], [0, 26], [1, 2], [1, 3], [1, 15], [1, 19], [2, 1], [2, 3], [2, 4], [3, 1], [3, 2], [3, 4], [4, 2], [4, 3], [5, 18], [5, 22], [6, 7], [6, 8], [6, 9], [6, 19], [7, 6], [7, 8], [7, 9], [8, 6], [8, 7], [8, 9], [9, 6], [9, 7], [9, 8], [10, 11], [10, 26], [11, 10], [11, 12], [11, 13], [11, 14], [11, 23], [12, 11], [12, 13], [12, 14], [13, 11], [13, 12], [13, 14], [14, 11], [14, 12], [14, 13], [15, 1], [15, 16], [15, 20], [15, 24], [16, 15], [16, 17], [16, 19], [16, 23], [17, 16], [17, 18], [17, 22], [17, 26], [18, 0], [18, 5], [18, 17], [18, 21], [18, 25], [18, 26], [19, 1], [19, 6], [19, 16], [19, 20], [20, 15], [20, 19], [20, 21], [21, 18], [21, 20], [21, 22], [22, 0], [22, 5], [22, 17], [22, 21], [22, 26], [23, 11], [23, 16], [23, 24], [24, 15], [24, 23], [24, 25], [25, 18], [25, 24], [25, 26], [26, 0], [26, 10], [26, 17], [26, 18], [26, 22], [26, 25]], "target": 5, "label": {"0": "0", "1": "0", "2": "0", "3": "0", "4": "0", "5": "0", "6": "0", "7": "0", "8": "0", "9": "0", "10": "0", "11": "0", "12": "0", "13": "0", "14": "0", "15": "1", "16": "1", "17": "1", "18": "1", "19": "1", "20": "1", "21": "1", "22": "1", "23": "1", "24": "1", "25": "1", "26": "1"}}