{"edges": [[1, 6], [1, 19], [1, 21], [1, 28], [2, 16], [2, 25], [2, 34], [3, 16], [3, 22], [3, 25], [4, 19], [4, 28], [4, 30], [4, 37], [5, 16], [5, 25], [5, 31], [5, 34], [6, 1], [6, 12], [6, 19], [6, 28], [6, 37], [6, 39], [7, 40], [7, 43], [8, 12], [8, 19], [8, 28], [8, 37], [8, 46], [8, 48], [9, 49], [9, 52], [10, 12], [10, 55], [10, 57], [11, 58], [11, 61], [12, 6], [12, 8], [12, 10], [12, 64], [12, 66], [13, 16], [13, 18], [14, 17], [14, 20], [15, 21], [16, 2], [16, 3], [16, 5], [16, 13], [17, 14], [17, 18], [18, 13], [18, 17], [19, 1], [19, 4], [19, 6], [19, 8], [19, 20], [20, 14], [20, 19], [21, 1], [21, 15], [21, 66], [22, 3], [22, 27], [23, 26], [23, 29], [24, 30], [25, 2], [25, 3], [25, 5], [26, 23], [26, 27], [27, 22], [27, 26], [28, 1], [28, 4], [28, 6], [28, 8], [28, 29], [29, 23], [29, 28], [30, 4], [30, 24], [30, 66], [31, 5], [31, 36], [32, 35], [32, 38], [33, 39], [34, 2], [34, 5], [35, 32], [35, 36], [36, 31], [36, 35], [37, 4], [37, 6], [37, 8], [37, 38], [38, 32], [38, 37], [39, 6], [39, 33], [39, 66], [40, 7], [40, 45], [41, 44], [41, 47], [42, 48], [43, 7], [44, 41], [44, 45], [45, 40], [45, 44], [46, 8], [46, 47], [47, 41], [47, 46], [48, 8], [48, 42], [49, 9], [49, 54], [50, 53], [50, 56], [51, 57], [52, 9], [53, 50], [53, 54], [54, 49], [54, 53], [55, 10], [55, 56], [56, 50], [56, 55], [57, 10], [57, 51], [58, 11], [58, 63], [59, 62], [59, 65], [60, 66], [61, 11], [62, 59], [62, 63], [63, 58], [63, 62], [64, 12], [64, 65], [65, 59], [65, 64], [66, 12], [66, 21], [66, 30], [66, 39], [66, 60]], "target": 3, "label": {"0": "0", "1": "0", "2": "0", "3": "0", "4": "0", "5": "0", "6": "0", "7": "0", "8": "0", "9": "0", "10": "0", "11": "0", "12": "0", "13": "1", "14": "1", "15": "1", "16": "1", "17": "1", "18": "1", "19": "1", "20": "1", "21": "1", "22": "1", "23": "1", "24": "1", "25": "1", "26": "1", "27": "1", "28": "1", "29": "1", "30": "1", "31": "1", "32": "1", "33": "1", "34": "1", "35": "1", "36": "1", "37": "1", "38": "1", "39": "1", "40": "1", "41": "1", "42": "1", "43": "1", "44": "1", "45": "1", "46": "1", "47": "1", "48": "1", "49": "1", "50": "1", "51": "1", "52": "1", "53": "1", "54": "1", "55": "1", "56": "1", "57": "1", "58": "1", "59": "1", "60": "1", "61": "1", "62": "1", "63": "1", "64": "1", "65": "1", "66": "1"}}