{"edges": [[0, 1], [0, 2], [0, 3], [1, 0], [1, 2], [1, 3], [1, 16], [1, 35], [2, 0], [2, 1], [2, 3], [2, 4], [2, 25], [3, 0], [3, 1], [3, 2], [3, 4], [3, 26], [4, 2], [4, 3], [4, 5], [4, 26], [4, 27], [5, 4], [5, 6], [5, 27], [5, 28], [6, 5], [6, 27], [6, 28], [6, 29], [6, 31], [7, 8], [7, 30], [7, 32], [8, 7], [8, 32], [8, 33], [9, 10], [9, 33], [9, 34], [10, 9], [10, 11], [10, 17], [10, 34], [11, 10], [11, 19], [11, 22], [12, 13], [12, 15], [12, 18], [12, 20], [13, 12], [13, 14], [13, 15], [14, 13], [14, 15], [14, 18], [14, 20], [15, 12], [15, 13], [15, 14], [15, 18], [15, 20], [16, 1], [16, 25], [16, 26], [16, 35], [17, 10], [17, 21], [17, 22], [17, 34], [18, 12], [18, 14], [18, 15], [18, 20], [18, 23], [18, 24], [19, 11], [19, 22], [19, 23], [20, 12], [20, 14], [20, 15], [20, 18], [20, 24], [21, 17], [21, 22], [21, 34], [22, 11], [22, 17], [22, 19], [22, 21], [22, 34], [23, 18], [23, 19], [23, 24], [24, 18], [24, 20], [24, 23], [25, 2], [25, 16], [25, 26], [25, 35], [26, 3], [26, 4], [26, 16], [26, 25], [26, 27], [26, 35], [27, 4], [27, 5], [27, 6], [27, 26], [27, 28], [28, 5], [28, 6], [28, 27], [28, 29], [28, 31], [29, 6], [29, 28], [29, 30], [29, 31], [30, 7], [30, 29], [30, 32], [31, 6], [31, 28], [31, 29], [32, 7], [32, 8], [32, 30], [32, 33], [33, 8], [33, 9], [33, 32], [34, 9], [34, 10], [34, 17], [34, 21], [34, 22], [35, 1], [35, 16], [35, 25], [35, 26]], "target": 3, "label": {"0": "0", "1": "0", "2": "0", "3": "0", "4": "0", "5": "0", "6": "0", "7": "0", "8": "0", "9": "0", "10": "0", "11": "0", "12": "0", "13": "0", "14": "1", "15": "1", "16": "1", "17": "1", "18": "1", "19": "1", "20": "1", "21": "1", "22": "1", "23": "1", "24": "1", "25": "1", "26": "1", "27": "1", "28": "1", "29": "1", "30": "1", "31": "1", "32": "1", "33": "1", "34": "1", "35": "1"}}