{"edges": [[0, 1], [0, 9], [1, 0], [1, 2], [1, 10], [1, 18], [1, 21], [2, 1], [2, 3], [2, 9], [2, 11], [2, 37], [2, 43], [3, 2], [3, 10], [3, 42], [3, 44], [4, 5], [4, 12], [4, 13], [4, 39], [5, 4], [5, 12], [5, 41], [6, 7], [6, 15], [6, 20], [7, 6], [7, 14], [7, 15], [8, 16], [8, 31], [9, 0], [9, 2], [9, 10], [9, 33], [9, 36], [10, 1], [10, 3], [10, 9], [10, 11], [11, 2], [11, 10], [11, 12], [12, 4], [12, 5], [12, 11], [12, 13], [13, 4], [13, 12], [13, 14], [14, 7], [14, 13], [14, 15], [15, 6], [15, 7], [15, 14], [16, 8], [16, 17], [16, 32], [17, 16], [17, 21], [17, 31], [17, 36], [18, 1], [18, 23], [18, 38], [19, 30], [19, 34], [19, 45], [20, 6], [20, 26], [20, 35], [20, 41], [21, 1], [21, 17], [21, 32], [22, 23], [22, 37], [22, 38], [23, 18], [23, 22], [23, 33], [23, 37], [23, 38], [24, 25], [24, 39], [24, 40], [25, 24], [25, 34], [25, 39], [25, 40], [26, 20], [26, 35], [26, 41], [27, 28], [27, 42], [27, 43], [28, 27], [28, 42], [28, 43], [29, 30], [29, 44], [29, 45], [30, 19], [30, 29], [30, 34], [30, 44], [30, 45], [31, 8], [31, 17], [31, 32], [32, 16], [32, 21], [32, 31], [32, 36], [33, 9], [33, 23], [33, 38], [34, 19], [34, 25], [34, 30], [34, 45], [35, 20], [35, 26], [35, 41], [36, 9], [36, 17], [36, 32], [37, 2], [37, 22], [37, 23], [37, 38], [38, 18], [38, 22], [38, 23], [38, 33], [38, 37], [39, 4], [39, 24], [39, 25], [39, 40], [40, 24], [40, 25], [40, 39], [41, 5], [41, 20], [41, 26], [41, 35], [42, 3], [42, 27], [42, 28], [42, 43], [43, 2], [43, 27], [43, 28], [43, 42], [44, 3], [44, 29], [44, 30], [44, 45], [45, 19], [45, 29], [45, 30], [45, 34], [45, 44]], "target": 3, "label": {"0": "0", "1": "0", "2": "0", "3": "0", "4": "0", "5": "0", "6": "0", "7": "0", "8": "0", "9": "0", "10": "0", "11": "0", "12": "0", "13": "0", "14": "0", "15": "0", "16": "1", "17": "1", "18": "1", "19": "1", "20": "1", "21": "1", "22": "1", "23": "1", "24": "1", "25": "1", "26": "1", "27": "1", "28": "1", "29": "1", "30": "1", "31": "1", "32": "1", "33": "1", "34": "1", "35": "1", "36": "1", "37": "1", "38": "1", "39": "1", "40": "1", "41": "1", "42": "1", "43": "1", "44": "1", "45": "1"}}