{"edges": [[0, 1], [0, 12], [0, 20], [1, 0], [1, 2], [1, 3], [1, 12], [1, 13], [1, 20], [2, 1], [2, 3], [2, 4], [2, 13], [3, 1], [3, 2], [3, 4], [3, 14], [4, 2], [4, 3], [4, 5], [4, 14], [4, 15], [5, 4], [5, 6], [5, 7], [5, 15], [5, 16], [6, 5], [6, 7], [6, 8], [6, 16], [7, 5], [7, 6], [7, 8], [7, 17], [8, 6], [8, 7], [8, 9], [8, 17], [8, 18], [9, 8], [9, 10], [9, 11], [9, 18], [9, 19], [10, 9], [10, 11], [10, 19], [11, 9], [11, 10], [12, 0], [12, 1], [12, 13], [12, 20], [13, 1], [13, 2], [13, 12], [13, 14], [13, 20], [14, 3], [14, 4], [14, 13], [14, 15], [15, 4], [15, 5], [15, 14], [15, 16], [16, 5], [16, 6], [16, 15], [16, 17], [17, 7], [17, 8], [17, 16], [17, 18], [18, 8], [18, 9], [18, 17], [18, 19], [19, 9], [19, 10], [19, 18], [20, 0], [20, 1], [20, 12], [20, 13]], "target": 3, "label": {"0": "0", "1": "0", "2": "0", "3": "0", "4": "0", "5": "0", "6": "0", "7": "0", "8": "0", "9": "0", "10": "0", "11": "0", "12": "1", "13": "1", "14": "1", "15": "1", "16": "1", "17": "1", "18": "1", "19": "1", "20": "1"}}