{"edges": [[0, 1], [0, 2], [0, 3], [1, 0], [1, 2], [1, 3], [1, 13], [1, 21], [2, 0], [2, 1], [2, 3], [2, 4], [2, 14], [3, 0], [3, 1], [3, 2], [3, 4], [3, 5], [3, 14], [4, 2], [4, 3], [4, 5], [4, 15], [5, 3], [5, 4], [5, 6], [5, 15], [5, 16], [6, 5], [6, 7], [6, 8], [6, 16], [6, 17], [7, 6], [7, 8], [7, 9], [7, 17], [8, 6], [8, 7], [8, 9], [8, 18], [9, 7], [9, 8], [9, 10], [9, 18], [9, 19], [10, 9], [10, 11], [10, 12], [10, 19], [10, 20], [11, 10], [11, 12], [11, 20], [12, 10], [12, 11], [12, 19], [13, 1], [13, 14], [13, 21], [14, 2], [14, 3], [14, 13], [14, 15], [14, 16], [14, 21], [15, 4], [15, 5], [15, 14], [15, 16], [15, 17], [16, 5], [16, 6], [16, 14], [16, 15], [16, 17], [17, 6], [17, 7], [17, 15], [17, 16], [17, 18], [18, 8], [18, 9], [18, 17], [18, 19], [18, 20], [19, 9], [19, 10], [19, 12], [19, 18], [19, 20], [20, 10], [20, 11], [20, 18], [20, 19], [21, 1], [21, 13], [21, 14]], "target": 3, "label": {"0": "0", "1": "0", "2": "0", "3": "0", "4": "0", "5": "0", "6": "0", "7": "0", "8": "0", "9": "0", "10": "0", "11": "0", "12": "0", "13": "1", "14": "1", "15": "1", "16": "1", "17": "1", "18": "1", "19": "1", "20": "1", "21": "1"}}