{"edges": [[0, 1], [0, 12], [1, 0], [1, 11], [1, 12], [1, 24], [1, 25], [2, 3], [2, 13], [2, 25], [2, 26], [3, 2], [3, 4], [3, 26], [4, 3], [4, 17], [4, 27], [5, 6], [5, 16], [5, 18], [5, 27], [6, 5], [6, 7], [6, 17], [6, 19], [6, 28], [7, 6], [7, 18], [7, 28], [7, 29], [8, 9], [8, 10], [8, 21], [8, 29], [8, 30], [9, 8], [9, 10], [9, 20], [9, 30], [10, 8], [10, 9], [10, 22], [11, 1], [11, 12], [11, 33], [11, 40], [12, 0], [12, 1], [12, 11], [12, 13], [12, 33], [13, 2], [13, 12], [13, 14], [13, 34], [14, 13], [14, 15], [14, 34], [14, 35], [15, 14], [15, 16], [15, 35], [16, 5], [16, 15], [16, 36], [17, 4], [17, 6], [17, 18], [17, 36], [18, 5], [18, 7], [18, 17], [18, 19], [18, 37], [19, 6], [19, 18], [19, 37], [19, 38], [20, 9], [20, 21], [20, 22], [20, 38], [20, 39], [21, 8], [21, 20], [21, 22], [21, 39], [22, 10], [22, 20], [22, 21], [23, 24], [23, 31], [23, 33], [23, 40], [24, 1], [24, 23], [24, 25], [24, 31], [24, 34], [25, 1], [25, 2], [25, 24], [25, 26], [25, 33], [25, 35], [26, 2], [26, 3], [26, 25], [26, 27], [26, 34], [26, 36], [27, 4], [27, 5], [27, 26], [27, 35], [28, 6], [28, 7], [28, 29], [28, 38], [29, 7], [29, 8], [29, 28], [29, 30], [29, 37], [29, 39], [30, 8], [30, 9], [30, 29], [30, 38], [31, 23], [31, 24], [31, 32], [31, 33], [31, 40], [32, 31], [32, 40], [33, 11], [33, 12], [33, 23], [33, 25], [33, 31], [33, 34], [34, 13], [34, 14], [34, 24], [34, 26], [34, 33], [34, 35], [35, 14], [35, 15], [35, 25], [35, 27], [35, 34], [35, 36], [36, 16], [36, 17], [36, 26], [36, 35], [37, 18], [37, 19], [37, 29], [37, 38], [38, 19], [38, 20], [38, 28], [38, 30], [38, 37], [38, 39], [39, 20], [39, 21], [39, 29], [39, 38], [40, 11], [40, 23], [40, 31], [40, 32]], "target": 3, "label": {"0": "0", "1": "0", "2": "0", "3": "0", "4": "0", "5": "0", "6": "0", "7": "0", "8": "0", "9": "0", "10": "0", "11": "0", "12": "0", "13": "0", "14": "0", "15": "0", "16": "0", "17": "0", "18": "0", "19": "0", "20": "0", "21": "0", "22": "0", "23": "1", "24": "1", "25": "1", "26": "1", "27": "1", "28": "1", "29": "1", "30": "1", "31": "1", "32": "1", "33": "1", "34": "1", "35": "1", "36": "1", "37": "1", "38": "1", "39": "1", "40": "1"}}