{"edges": [[0, 1], [0, 2], [0, 3], [1, 0], [1, 2], [1, 3], [1, 4], [2, 0], [2, 1], [2, 3], [2, 4], [2, 22], [3, 0], [3, 1], [3, 2], [3, 4], [3, 5], [4, 1], [4, 2], [4, 3], [4, 5], [4, 22], [5, 3], [5, 4], [5, 6], [5, 22], [6, 5], [6, 7], [6, 8], [6, 9], [7, 6], [7, 8], [7, 9], [8, 6], [8, 7], [8, 9], [8, 23], [9, 6], [9, 7], [9, 8], [9, 10], [9, 23], [10, 9], [10, 11], [10, 12], [10, 23], [11, 10], [11, 12], [11, 13], [12, 10], [12, 11], [12, 13], [12, 24], [13, 11], [13, 12], [13, 14], [13, 15], [13, 24], [14, 13], [14, 15], [14, 16], [15, 13], [15, 14], [15, 16], [15, 17], [15, 25], [16, 14], [16, 15], [16, 17], [16, 18], [16, 25], [17, 15], [17, 16], [17, 18], [17, 19], [17, 26], [18, 16], [18, 17], [18, 19], [18, 20], [18, 21], [18, 26], [18, 27], [19, 17], [19, 18], [19, 20], [19, 21], [19, 27], [20, 18], [20, 19], [20, 21], [20, 28], [21, 18], [21, 19], [21, 20], [21, 28], [22, 2], [22, 4], [22, 5], [22, 23], [23, 8], [23, 9], [23, 10], [23, 22], [23, 24], [24, 12], [24, 13], [24, 23], [24, 25], [24, 26], [25, 15], [25, 16], [25, 24], [25, 26], [25, 27], [26, 17], [26, 18], [26, 24], [26, 25], [26, 27], [26, 28], [27, 18], [27, 19], [27, 25], [27, 26], [27, 28], [28, 20], [28, 21], [28, 26], [28, 27]], "target": 3, "label": {"0": "0", "1": "0", "2": "0", "3": "0", "4": "0", "5": "0", "6": "0", "7": "0", "8": "0", "9": "0", "10": "0", "11": "0", "12": "0", "13": "0", "14": "0", "15": "0", "16": "0", "17": "0", "18": "0", "19": "0", "20": "0", "21": "0", "22": "1", "23": "1", "24": "1", "25": "1", "26": "1", "27": "1", "28": "1"}}