{"edges": [[0, 1], [0, 2], [0, 3], [1, 0], [1, 2], [1, 3], [1, 4], [2, 0], [2, 1], [2, 3], [2, 4], [3, 0], [3, 1], [3, 2], [3, 4], [3, 5], [4, 1], [4, 2], [4, 3], [4, 5], [5, 3], [5, 4], [5, 6], [6, 5], [6, 7], [6, 8], [7, 6], [7, 8], [7, 9], [8, 6], [8, 7], [8, 9], [8, 10], [9, 7], [9, 8], [9, 10], [9, 27], [10, 8], [10, 9], [10, 11], [10, 27], [11, 10], [11, 12], [11, 13], [11, 28], [12, 11], [12, 13], [12, 14], [12, 28], [13, 11], [13, 12], [13, 14], [13, 15], [13, 16], [14, 12], [14, 13], [14, 15], [14, 16], [15, 13], [15, 14], [15, 16], [15, 17], [16, 13], [16, 14], [16, 15], [16, 17], [16, 18], [16, 19], [16, 31], [17, 15], [17, 16], [17, 18], [17, 19], [17, 29], [17, 32], [18, 16], [18, 17], [18, 19], [18, 32], [18, 33], [19, 16], [19, 17], [19, 18], [19, 34], [20, 21], [20, 22], [20, 23], [20, 35], [21, 20], [21, 22], [21, 23], [21, 24], [21, 38], [22, 20], [22, 21], [22, 23], [22, 24], [23, 20], [23, 21], [23, 22], [23, 24], [23, 25], [23, 26], [24, 21], [24, 22], [24, 23], [24, 25], [24, 26], [25, 23], [25, 24], [25, 26], [26, 23], [26, 24], [26, 25], [27, 9], [27, 10], [27, 28], [27, 30], [27, 31], [28, 11], [28, 12], [28, 27], [28, 30], [28, 31], [29, 17], [29, 30], [29, 31], [29, 32], [29, 33], [29, 34], [30, 27], [30, 28], [30, 29], [30, 31], [30, 32], [31, 16], [31, 27], [31, 28], [31, 29], [31, 30], [31, 32], [32, 17], [32, 18], [32, 29], [32, 30], [32, 31], [32, 33], [32, 34], [33, 18], [33, 29], [33, 32], [33, 34], [34, 19], [34, 29], [34, 32], [34, 33], [35, 20], [35, 36], [35, 37], [35, 38], [36, 35], [36, 37], [36, 38], [37, 35], [37, 36], [37, 38], [38, 21], [38, 35], [38, 36], [38, 37]], "target": 5, "label": {"0": "0", "1": "0", "2": "0", "3": "0", "4": "0", "5": "0", "6": "0", "7": "0", "8": "0", "9": "0", "10": "0", "11": "0", "12": "0", "13": "0", "14": "0", "15": "0", "16": "0", "17": "0", "18": "0", "19": "0", "20": "0", "21": "0", "22": "0", "23": "0", "24": "0", "25": "0", "26": "0", "27": "1", "28": "1", "29": "1", "30": "1", "31": "1", "32": "1", "33": "1", "34": "1", "35": "1", "36": "1", "37": "1", "38": "1"}}