{"edges": [[0, 1], [0, 2], [0, 3], [1, 0], [1, 2], [1, 3], [2, 0], [2, 1], [2, 3], [2, 4], [3, 0], [3, 1], [3, 2], [3, 4], [3, 21], [4, 2], [4, 3], [4, 5], [4, 6], [4, 21], [4, 28], [5, 4], [5, 6], [5, 7], [5, 8], [5, 29], [6, 4], [6, 5], [6, 7], [6, 8], [7, 5], [7, 6], [7, 8], [8, 5], [8, 6], [8, 7], [8, 9], [8, 22], [9, 8], [9, 10], [9, 11], [9, 22], [10, 9], [10, 11], [10, 12], [11, 9], [11, 10], [11, 12], [11, 23], [12, 10], [12, 11], [12, 13], [12, 14], [12, 23], [13, 12], [13, 14], [13, 15], [14, 12], [14, 13], [14, 15], [14, 16], [14, 24], [15, 13], [15, 14], [15, 16], [15, 17], [15, 24], [16, 14], [16, 15], [16, 17], [16, 18], [16, 25], [17, 15], [17, 16], [17, 18], [17, 19], [17, 20], [17, 25], [17, 26], [18, 16], [18, 17], [18, 19], [18, 20], [18, 26], [19, 17], [19, 18], [19, 20], [19, 27], [20, 17], [20, 18], [20, 19], [20, 27], [21, 3], [21, 4], [21, 28], [21, 29], [22, 8], [22, 9], [22, 23], [22, 28], [22, 29], [23, 11], [23, 12], [23, 22], [23, 24], [23, 25], [24, 14], [24, 15], [24, 23], [24, 25], [24, 26], [24, 27], [25, 16], [25, 17], [25, 23], [25, 24], [25, 26], [25, 27], [26, 17], [26, 18], [26, 24], [26, 25], [26, 27], [27, 19], [27, 20], [27, 24], [27, 25], [27, 26], [28, 4], [28, 21], [28, 22], [28, 29], [29, 5], [29, 21], [29, 22], [29, 28]], "target": 3, "label": {"0": "0", "1": "0", "2": "0", "3": "0", "4": "0", "5": "0", "6": "0", "7": "0", "8": "0", "9": "0", "10": "0", "11": "0", "12": "0", "13": "0", "14": "0", "15": "0", "16": "0", "17": "0", "18": "0", "19": "0", "20": "0", "21": "1", "22": "1", "23": "1", "24": "1", "25": "1", "26": "1", "27": "1", "28": "1", "29": "1"}}