{"edges": [[0, 1], [0, 2], [0, 23], [1, 0], [1, 2], [1, 3], [1, 23], [1, 26], [2, 0], [2, 1], [2, 3], [2, 23], [2, 24], [3, 1], [3, 2], [3, 4], [3, 24], [3, 28], [4, 3], [4, 5], [4, 6], [4, 24], [4, 27], [5, 4], [5, 6], [5, 7], [6, 4], [6, 5], [6, 7], [6, 8], [6, 25], [7, 5], [7, 6], [7, 8], [7, 25], [8, 6], [8, 7], [8, 9], [8, 31], [9, 8], [9, 10], [9, 30], [9, 31], [10, 9], [10, 11], [10, 29], [10, 30], [11, 10], [11, 12], [11, 13], [11, 29], [11, 35], [12, 11], [12, 13], [12, 14], [12, 35], [13, 11], [13, 12], [13, 14], [13, 15], [13, 36], [14, 12], [14, 13], [14, 15], [14, 16], [14, 36], [15, 13], [15, 14], [15, 16], [15, 17], [15, 34], [16, 14], [16, 15], [16, 17], [16, 34], [17, 15], [17, 16], [17, 18], [17, 33], [18, 17], [18, 19], [18, 20], [18, 32], [18, 33], [19, 18], [19, 20], [19, 21], [19, 22], [19, 32], [19, 33], [20, 18], [20, 19], [20, 21], [20, 22], [20, 32], [21, 19], [21, 20], [21, 22], [22, 19], [22, 20], [22, 21], [23, 0], [23, 1], [23, 2], [23, 38], [24, 2], [24, 3], [24, 4], [24, 37], [24, 39], [25, 6], [25, 7], [25, 27], [25, 31], [25, 39], [25, 40], [26, 1], [26, 28], [26, 37], [26, 38], [27, 4], [27, 25], [27, 28], [27, 37], [27, 39], [27, 40], [28, 3], [28, 26], [28, 27], [28, 37], [28, 38], [28, 39], [29, 10], [29, 11], [29, 30], [29, 35], [30, 9], [30, 10], [30, 29], [30, 31], [31, 8], [31, 9], [31, 25], [31, 30], [32, 18], [32, 19], [32, 20], [32, 33], [33, 17], [33, 18], [33, 19], [33, 32], [33, 34], [34, 15], [34, 16], [34, 33], [34, 35], [34, 36], [35, 11], [35, 12], [35, 29], [35, 34], [35, 36], [36, 13], [36, 14], [36, 34], [36, 35], [37, 24], [37, 26], [37, 27], [37, 28], [37, 38], [38, 23], [38, 26], [38, 28], [38, 37], [39, 24], [39, 25], [39, 27], [39, 28], [39, 40], [40, 25], [40, 27], [40, 39]], "target": 3, "label": {"0": "0", "1": "0", "2": "0", "3": "0", "4": "0", "5": "0", "6": "0", "7": "0", "8": "0", "9": "0", "10": "0", "11": "0", "12": "0", "13": "0", "14": "0", "15": "0", "16": "0", "17": "0", "18": "0", "19": "0", "20": "0", "21": "0", "22": "0", "23": "0", "24": "0", "25": "1", "26": "1", "27": "1", "28": "1", "29": "1", "30": "1", "31": "1", "32": "1", "33": "1", "34": "1", "35": "1", "36": "1", "37": "1", "38": "1", "39": "1", "40": "1"}}