{"edges": [[0, 1], [0, 2], [0, 18], [1, 0], [1, 2], [1, 18], [1, 19], [1, 22], [2, 0], [2, 1], [2, 3], [2, 18], [2, 19], [3, 2], [3, 4], [3, 5], [3, 19], [3, 21], [3, 23], [4, 3], [4, 5], [4, 6], [4, 23], [5, 3], [5, 4], [5, 6], [5, 24], [6, 4], [6, 5], [6, 7], [6, 25], [6, 32], [7, 6], [7, 8], [7, 9], [7, 25], [7, 26], [8, 7], [8, 9], [8, 10], [8, 26], [8, 27], [9, 7], [9, 8], [9, 10], [9, 11], [9, 27], [9, 28], [10, 8], [10, 9], [10, 11], [10, 12], [10, 28], [11, 9], [11, 10], [11, 12], [11, 29], [12, 10], [12, 11], [12, 13], [12, 29], [12, 30], [13, 12], [13, 14], [13, 15], [13, 30], [13, 31], [14, 13], [14, 15], [14, 16], [14, 17], [14, 31], [15, 13], [15, 14], [15, 16], [15, 17], [16, 14], [16, 15], [16, 17], [17, 14], [17, 15], [17, 16], [18, 0], [18, 1], [18, 2], [18, 22], [19, 1], [19, 2], [19, 3], [19, 20], [20, 19], [20, 21], [20, 22], [20, 33], [20, 34], [20, 35], [21, 3], [21, 20], [21, 23], [21, 33], [21, 35], [21, 36], [22, 1], [22, 18], [22, 20], [22, 33], [22, 34], [23, 3], [23, 4], [23, 21], [23, 24], [23, 32], [23, 35], [23, 36], [24, 5], [24, 23], [24, 25], [24, 32], [25, 6], [25, 7], [25, 24], [25, 26], [25, 32], [26, 7], [26, 8], [26, 25], [26, 27], [26, 28], [27, 8], [27, 9], [27, 26], [27, 28], [27, 29], [28, 9], [28, 10], [28, 26], [28, 27], [28, 29], [28, 30], [28, 31], [29, 11], [29, 12], [29, 27], [29, 28], [29, 30], [29, 31], [30, 12], [30, 13], [30, 28], [30, 29], [30, 31], [31, 13], [31, 14], [31, 28], [31, 29], [31, 30], [32, 6], [32, 23], [32, 24], [32, 25], [33, 20], [33, 21], [33, 22], [33, 34], [33, 35], [34, 20], [34, 22], [34, 33], [35, 20], [35, 21], [35, 23], [35, 33], [35, 36], [36, 21], [36, 23], [36, 35]], "target": 3, "label": {"0": "0", "1": "0", "2": "0", "3": "0", "4": "0", "5": "0", "6": "0", "7": "0", "8": "0", "9": "0", "10": "0", "11": "0", "12": "0", "13": "0", "14": "0", "15": "0", "16": "0", "17": "0", "18": "0", "19": "0", "20": "1", "21": "1", "22": "1", "23": "1", "24": "1", "25": "1", "26": "1", "27": "1", "28": "1", "29": "1", "30": "1", "31": "1", "32": "1", "33": "1", "34": "1", "35": "1", "36": "1"}}