{"edges": [[0, 1], [0, 16], [0, 17], [1, 0], [1, 2], [1, 3], [1, 16], [1, 17], [1, 20], [1, 21], [2, 1], [2, 3], [2, 4], [2, 21], [3, 1], [3, 2], [3, 4], [4, 2], [4, 3], [4, 5], [5, 4], [5, 6], [5, 7], [6, 5], [6, 7], [6, 8], [7, 5], [7, 6], [7, 8], [7, 9], [8, 6], [8, 7], [8, 9], [8, 10], [9, 7], [9, 8], [9, 10], [9, 11], [10, 8], [10, 9], [10, 11], [11, 9], [11, 10], [11, 12], [12, 11], [12, 13], [12, 14], [12, 15], [13, 12], [13, 14], [13, 15], [14, 12], [14, 13], [14, 15], [15, 12], [15, 13], [15, 14], [16, 0], [16, 1], [16, 17], [16, 22], [17, 0], [17, 1], [17, 16], [17, 23], [17, 24], [18, 19], [18, 22], [18, 23], [19, 18], [19, 20], [19, 22], [19, 23], [19, 24], [20, 1], [20, 19], [20, 21], [20, 23], [20, 24], [20, 25], [21, 1], [21, 2], [21, 20], [21, 24], [21, 25], [22, 16], [22, 18], [22, 19], [22, 23], [23, 17], [23, 18], [23, 19], [23, 20], [23, 22], [24, 17], [24, 19], [24, 20], [24, 21], [24, 25], [25, 20], [25, 21], [25, 24]], "target": 3, "label": {"0": "0", "1": "0", "2": "0", "3": "0", "4": "0", "5": "0", "6": "0", "7": "0", "8": "0", "9": "0", "10": "0", "11": "0", "12": "0", "13": "0", "14": "0", "15": "0", "16": "0", "17": "0", "18": "1", "19": "1", "20": "1", "21": "1", "22": "1", "23": "1", "24": "1", "25": "1"}}