{"edges": [[0, 1], [0, 14], [0, 22], [1, 0], [1, 14], [1, 22], [2, 3], [2, 15], [2, 21], [3, 2], [3, 15], [3, 16], [3, 17], [4, 18], [4, 19], [4, 30], [5, 29], [5, 31], [5, 33], [6, 24], [6, 26], [6, 28], [7, 8], [7, 27], [7, 34], [7, 36], [8, 7], [8, 9], [8, 35], [9, 8], [9, 10], [9, 35], [10, 9], [10, 11], [10, 12], [10, 13], [10, 35], [11, 10], [11, 12], [11, 13], [12, 10], [12, 11], [12, 13], [13, 10], [13, 11], [13, 12], [14, 0], [14, 1], [14, 20], [14, 22], [14, 23], [15, 2], [15, 3], [15, 16], [15, 20], [15, 21], [16, 3], [16, 15], [16, 17], [16, 21], [17, 3], [17, 16], [17, 18], [17, 19], [18, 4], [18, 17], [18, 19], [18, 30], [19, 4], [19, 17], [19, 18], [19, 30], [20, 14], [20, 15], [20, 21], [20, 22], [20, 23], [21, 2], [21, 15], [21, 16], [21, 20], [22, 0], [22, 1], [22, 14], [22, 20], [22, 23], [23, 14], [23, 20], [23, 22], [24, 6], [24, 25], [24, 26], [24, 28], [25, 24], [25, 27], [25, 34], [26, 6], [26, 24], [26, 28], [26, 29], [26, 31], [27, 7], [27, 25], [27, 34], [27, 36], [28, 6], [28, 24], [28, 26], [28, 29], [28, 31], [29, 5], [29, 26], [29, 28], [29, 31], [30, 4], [30, 18], [30, 19], [30, 32], [30, 33], [31, 5], [31, 26], [31, 28], [31, 29], [31, 32], [31, 33], [32, 30], [32, 31], [32, 33], [33, 5], [33, 30], [33, 31], [33, 32], [34, 7], [34, 25], [34, 27], [34, 36], [35, 8], [35, 9], [35, 10], [36, 7], [36, 27], [36, 34]], "target": 3, "label": {"0": "0", "1": "0", "2": "0", "3": "0", "4": "0", "5": "0", "6": "0", "7": "0", "8": "0", "9": "0", "10": "0", "11": "0", "12": "0", "13": "0", "14": "1", "15": "1", "16": "1", "17": "1", "18": "1", "19": "1", "20": "1", "21": "1", "22": "1", "23": "1", "24": "1", "25": "1", "26": "1", "27": "1", "28": "1", "29": "1", "30": "1", "31": "1", "32": "1", "33": "1", "34": "1", "35": "1", "36": "1"}}