{"edges": [[0, 1], [0, 11], [1, 0], [1, 10], [1, 11], [2, 3], [2, 13], [2, 23], [3, 2], [3, 12], [3, 24], [4, 5], [4, 15], [4, 24], [5, 4], [5, 14], [5, 16], [5, 26], [6, 7], [6, 31], [6, 46], [7, 6], [7, 8], [7, 27], [8, 7], [8, 17], [8, 27], [8, 42], [9, 19], [9, 30], [9, 32], [9, 45], [10, 1], [10, 11], [10, 35], [11, 0], [11, 1], [11, 10], [11, 20], [12, 3], [12, 13], [12, 38], [13, 2], [13, 12], [13, 39], [14, 5], [14, 15], [14, 39], [15, 4], [15, 14], [15, 41], [16, 5], [16, 17], [16, 18], [16, 46], [17, 8], [17, 16], [17, 18], [17, 19], [18, 16], [18, 17], [18, 19], [18, 42], [19, 9], [19, 17], [19, 18], [19, 45], [19, 47], [20, 11], [20, 21], [20, 36], [21, 20], [21, 22], [21, 35], [21, 37], [22, 21], [22, 23], [22, 36], [22, 38], [23, 2], [23, 22], [23, 37], [24, 3], [24, 4], [24, 26], [24, 41], [25, 26], [25, 31], [25, 41], [25, 46], [26, 5], [26, 24], [26, 25], [26, 39], [26, 40], [27, 7], [27, 8], [27, 28], [27, 43], [28, 27], [28, 29], [28, 42], [28, 44], [29, 28], [29, 30], [29, 43], [29, 45], [30, 9], [30, 29], [30, 44], [31, 6], [31, 25], [32, 9], [32, 34], [32, 49], [33, 34], [33, 49], [34, 32], [34, 33], [34, 47], [34, 48], [34, 49], [35, 10], [35, 21], [35, 36], [36, 20], [36, 22], [36, 35], [36, 37], [37, 21], [37, 23], [37, 36], [37, 38], [38, 12], [38, 22], [38, 37], [39, 13], [39, 14], [39, 26], [39, 41], [40, 26], [40, 41], [40, 46], [41, 15], [41, 24], [41, 25], [41, 39], [41, 40], [42, 8], [42, 18], [42, 28], [42, 43], [43, 27], [43, 29], [43, 42], [43, 44], [44, 28], [44, 30], [44, 43], [44, 45], [45, 9], [45, 19], [45, 29], [45, 44], [46, 6], [46, 16], [46, 25], [46, 40], [47, 19], [47, 34], [47, 49], [48, 34], [48, 49], [49, 32], [49, 33], [49, 34], [49, 47], [49, 48]], "target": 3, "label": {"0": "0", "1": "0", "2": "0", "3": "0", "4": "0", "5": "0", "6": "0", "7": "0", "8": "0", "9": "0", "10": "0", "11": "0", "12": "0", "13": "0", "14": "0", "15": "0", "16": "0", "17": "0", "18": "0", "19": "0", "20": "1", "21": "1", "22": "1", "23": "1", "24": "1", "25": "1", "26": "1", "27": "1", "28": "1", "29": "1", "30": "1", "31": "1", "32": "1", "33": "1", "34": "1", "35": "1", "36": "1", "37": "1", "38": "1", "39": "1", "40": "1", "41": "1", "42": "1", "43": "1", "44": "1", "45": "1", "46": "1", "47": "1", "48": "1", "49": "1"}}