{"edges": [[0, 1], [0, 2], [0, 3], [1, 0], [1, 2], [1, 3], [1, 11], [1, 15], [2, 0], [2, 1], [2, 3], [2, 4], [2, 14], [3, 0], [3, 1], [3, 2], [3, 4], [3, 16], [4, 2], [4, 3], [4, 16], [4, 18], [5, 6], [5, 7], [5, 17], [5, 23], [6, 5], [6, 7], [6, 19], [7, 5], [7, 6], [7, 19], [8, 9], [8, 10], [8, 22], [8, 24], [9, 8], [9, 10], [9, 24], [9, 25], [9, 26], [10, 8], [10, 9], [10, 25], [10, 26], [11, 1], [11, 12], [11, 13], [11, 14], [11, 15], [12, 11], [12, 13], [12, 14], [12, 15], [13, 11], [13, 12], [13, 14], [13, 15], [13, 16], [14, 2], [14, 11], [14, 12], [14, 13], [14, 16], [15, 1], [15, 11], [15, 12], [15, 13], [16, 3], [16, 4], [16, 13], [16, 14], [16, 18], [17, 5], [17, 18], [17, 23], [18, 4], [18, 16], [18, 17], [18, 23], [19, 6], [19, 7], [19, 20], [19, 21], [19, 22], [20, 19], [20, 21], [20, 22], [21, 19], [21, 20], [21, 22], [22, 8], [22, 19], [22, 20], [22, 21], [22, 24], [23, 5], [23, 17], [23, 18], [24, 8], [24, 9], [24, 22], [24, 25], [24, 26], [25, 9], [25, 10], [25, 24], [25, 26], [26, 9], [26, 10], [26, 24], [26, 25]], "target": 3, "label": {"0": "0", "1": "0", "2": "0", "3": "0", "4": "0", "5": "0", "6": "0", "7": "0", "8": "0", "9": "0", "10": "0", "11": "1", "12": "1", "13": "1", "14": "1", "15": "1", "16": "1", "17": "1", "18": "1", "19": "1", "20": "1", "21": "1", "22": "1", "23": "1", "24": "1", "25": "1", "26": "1"}}