{"edges": [[0, 1], [0, 15], [0, 16], [1, 0], [1, 2], [1, 3], [1, 17], [2, 1], [2, 3], [2, 4], [2, 15], [2, 16], [2, 17], [2, 19], [3, 1], [3, 2], [3, 4], [3, 5], [3, 19], [4, 2], [4, 3], [4, 5], [4, 19], [4, 24], [5, 3], [5, 4], [5, 6], [5, 24], [5, 25], [6, 5], [6, 7], [6, 8], [6, 23], [6, 27], [7, 6], [7, 8], [7, 9], [7, 22], [7, 29], [8, 6], [8, 7], [8, 9], [8, 10], [8, 21], [8, 22], [9, 7], [9, 8], [9, 10], [9, 11], [9, 20], [9, 21], [10, 8], [10, 9], [10, 11], [10, 12], [10, 20], [11, 9], [11, 10], [11, 12], [11, 20], [12, 10], [12, 11], [12, 13], [12, 30], [13, 12], [13, 14], [13, 18], [13, 31], [14, 13], [14, 32], [14, 33], [15, 0], [15, 2], [15, 16], [15, 17], [16, 0], [16, 2], [16, 15], [16, 17], [17, 1], [17, 2], [17, 15], [17, 16], [18, 13], [18, 30], [18, 31], [18, 32], [18, 33], [19, 2], [19, 3], [19, 4], [19, 24], [20, 9], [20, 10], [20, 11], [20, 21], [20, 22], [21, 8], [21, 9], [21, 20], [21, 22], [22, 7], [22, 8], [22, 20], [22, 21], [22, 28], [22, 29], [23, 6], [23, 26], [23, 27], [23, 28], [23, 29], [24, 4], [24, 5], [24, 19], [24, 25], [24, 26], [25, 5], [25, 24], [25, 26], [25, 27], [26, 23], [26, 24], [26, 25], [26, 27], [27, 6], [27, 23], [27, 25], [27, 26], [28, 22], [28, 23], [28, 29], [29, 7], [29, 22], [29, 23], [29, 28], [30, 12], [30, 18], [30, 31], [30, 33], [31, 13], [31, 18], [31, 30], [31, 32], [31, 33], [32, 14], [32, 18], [32, 31], [32, 33], [33, 14], [33, 18], [33, 30], [33, 31], [33, 32]], "target": 3, "label": {"0": "0", "1": "0", "2": "0", "3": "0", "4": "0", "5": "0", "6": "0", "7": "0", "8": "0", "9": "0", "10": "0", "11": "0", "12": "0", "13": "0", "14": "0", "15": "1", "16": "1", "17": "1", "18": "1", "19": "1", "20": "1", "21": "1", "22": "1", "23": "1", "24": "1", "25": "1", "26": "1", "27": "1", "28": "1", "29": "1", "30": "1", "31": "1", "32": "1", "33": "1"}}