{"edges": [[0, 1], [0, 6], [0, 10], [1, 0], [1, 5], [1, 10], [1, 11], [1, 13], [2, 3], [2, 8], [2, 12], [2, 15], [3, 2], [3, 4], [3, 9], [4, 3], [4, 8], [4, 9], [5, 1], [5, 6], [6, 0], [6, 5], [6, 13], [7, 8], [7, 9], [7, 15], [8, 2], [8, 4], [8, 7], [8, 9], [9, 3], [9, 4], [9, 7], [9, 8], [10, 0], [10, 1], [10, 11], [10, 14], [11, 1], [11, 10], [11, 12], [11, 13], [11, 14], [11, 15], [12, 2], [12, 11], [12, 14], [12, 15], [13, 1], [13, 6], [13, 11], [13, 14], [14, 10], [14, 11], [14, 12], [14, 13], [14, 15], [15, 2], [15, 7], [15, 11], [15, 12], [15, 14]], "target": 5, "label": {"0": "0", "1": "0", "2": "0", "3": "0", "4": "0", "5": "0", "6": "0", "7": "0", "8": "0", "9": "0", "10": "1", "11": "1", "12": "1", "13": "1", "14": "1", "15": "1"}}