{"edges": [[0, 14], [0, 25], [0, 26], [1, 2], [1, 14], [1, 22], [1, 26], [2, 1], [2, 3], [2, 15], [3, 2], [3, 15], [3, 27], [4, 5], [4, 15], [4, 27], [4, 28], [5, 4], [5, 16], [5, 28], [6, 17], [6, 24], [6, 30], [6, 31], [7, 17], [7, 18], [7, 32], [7, 33], [8, 9], [8, 18], [8, 19], [9, 8], [9, 19], [9, 34], [10, 19], [10, 34], [10, 35], [10, 36], [11, 20], [11, 21], [11, 36], [11, 37], [12, 13], [12, 21], [12, 38], [13, 12], [13, 38], [13, 39], [13, 40], [14, 0], [14, 1], [14, 22], [14, 25], [14, 26], [15, 2], [15, 3], [15, 4], [15, 27], [16, 5], [16, 23], [16, 29], [17, 6], [17, 7], [17, 32], [17, 33], [18, 7], [18, 8], [18, 33], [19, 8], [19, 9], [19, 10], [19, 34], [20, 11], [20, 35], [20, 36], [20, 37], [21, 11], [21, 12], [21, 38], [22, 1], [22, 14], [22, 26], [23, 16], [23, 29], [23, 30], [24, 6], [24, 29], [24, 30], [24, 31], [25, 0], [25, 14], [25, 26], [26, 0], [26, 1], [26, 14], [26, 22], [26, 25], [27, 3], [27, 4], [27, 15], [27, 28], [28, 4], [28, 5], [28, 27], [29, 16], [29, 23], [29, 24], [29, 30], [30, 6], [30, 23], [30, 24], [30, 29], [30, 31], [31, 6], [31, 24], [31, 30], [32, 7], [32, 17], [32, 33], [33, 7], [33, 17], [33, 18], [33, 32], [34, 9], [34, 10], [34, 19], [35, 10], [35, 20], [35, 36], [36, 10], [36, 11], [36, 20], [36, 35], [36, 37], [37, 11], [37, 20], [37, 36], [38, 12], [38, 13], [38, 21], [38, 39], [38, 40], [39, 13], [39, 38], [39, 40], [40, 13], [40, 38], [40, 39]], "target": 3, "label": {"0": "0", "1": "0", "2": "0", "3": "0", "4": "0", "5": "0", "6": "0", "7": "0", "8": "0", "9": "0", "10": "0", "11": "0", "12": "0", "13": "0", "14": "1", "15": "1", "16": "1", "17": "1", "18": "1", "19": "1", "20": "1", "21": "1", "22": "1", "23": "1", "24": "1", "25": "2", "26": "2", "27": "2", "28": "2", "29": "2", "30": "2", "31": "2", "32": "2", "33": "2", "34": "2", "35": "2", "36": "2", "37": "2", "38": "2", "39": "2", "40": "2"}}