{"edges": [[0, 1], [0, 2], [0, 3], [1, 0], [1, 2], [1, 3], [2, 0], [2, 1], [2, 3], [2, 18], [3, 0], [3, 1], [3, 2], [3, 4], [3, 5], [3, 18], [3, 26], [4, 3], [4, 5], [4, 6], [5, 3], [5, 4], [5, 6], [5, 7], [5, 19], [6, 4], [6, 5], [6, 7], [6, 8], [6, 19], [7, 5], [7, 6], [7, 8], [7, 20], [8, 6], [8, 7], [8, 9], [8, 21], [8, 28], [9, 8], [9, 10], [9, 11], [9, 21], [9, 22], [10, 9], [10, 11], [10, 12], [10, 22], [11, 9], [11, 10], [11, 12], [11, 13], [11, 23], [12, 10], [12, 11], [12, 13], [12, 23], [12, 24], [13, 11], [13, 12], [13, 14], [13, 16], [13, 24], [13, 25], [14, 13], [14, 15], [14, 16], [14, 17], [14, 24], [14, 25], [15, 14], [15, 16], [15, 17], [15, 25], [16, 13], [16, 14], [16, 15], [16, 17], [17, 14], [17, 15], [17, 16], [18, 2], [18, 3], [18, 19], [18, 26], [19, 5], [19, 6], [19, 18], [19, 20], [19, 26], [19, 27], [20, 7], [20, 19], [20, 27], [20, 28], [21, 8], [21, 9], [21, 22], [21, 27], [21, 28], [22, 9], [22, 10], [22, 21], [22, 23], [22, 28], [23, 11], [23, 12], [23, 22], [23, 24], [23, 25], [24, 12], [24, 13], [24, 14], [24, 23], [24, 25], [25, 13], [25, 14], [25, 15], [25, 23], [25, 24], [26, 3], [26, 18], [26, 19], [27, 19], [27, 20], [27, 21], [27, 28], [28, 8], [28, 20], [28, 21], [28, 22], [28, 27]], "target": 3, "label": {"0": "0", "1": "0", "2": "0", "3": "0", "4": "0", "5": "0", "6": "0", "7": "0", "8": "0", "9": "0", "10": "0", "11": "0", "12": "0", "13": "0", "14": "0", "15": "0", "16": "0", "17": "0", "18": "1", "19": "1", "20": "1", "21": "1", "22": "1", "23": "1", "24": "1", "25": "1", "26": "1", "27": "1", "28": "1"}}