{"edges": [[0, 1], [0, 2], [0, 36], [0, 44], [0, 52], [1, 0], [1, 2], [1, 36], [2, 0], [2, 1], [2, 3], [2, 35], [3, 2], [3, 34], [3, 35], [3, 43], [3, 51], [4, 34], [4, 38], [4, 42], [4, 50], [5, 38], [5, 39], [5, 46], [5, 54], [6, 18], [6, 39], [6, 40], [6, 47], [6, 48], [6, 55], [6, 56], [7, 8], [7, 19], [7, 40], [8, 7], [8, 29], [8, 41], [8, 49], [8, 57], [9, 10], [9, 11], [9, 37], [9, 41], [9, 49], [10, 9], [10, 11], [10, 37], [11, 9], [11, 10], [11, 32], [12, 13], [12, 14], [12, 23], [12, 44], [13, 12], [13, 14], [13, 15], [13, 44], [14, 12], [14, 13], [14, 15], [14, 43], [15, 13], [15, 14], [15, 16], [15, 42], [15, 43], [16, 15], [16, 17], [16, 42], [16, 46], [17, 16], [17, 28], [17, 46], [17, 47], [18, 6], [18, 28], [18, 39], [18, 47], [18, 48], [19, 7], [19, 20], [19, 29], [19, 48], [19, 49], [20, 19], [20, 21], [20, 22], [20, 45], [20, 49], [21, 20], [21, 22], [21, 31], [21, 45], [22, 20], [22, 21], [22, 33], [23, 12], [23, 24], [23, 52], [24, 23], [24, 36], [24, 44], [24, 51], [24, 52], [25, 35], [25, 43], [25, 50], [25, 51], [26, 27], [26, 34], [26, 42], [26, 50], [26, 54], [27, 26], [27, 54], [27, 55], [28, 17], [28, 18], [28, 55], [28, 56], [29, 8], [29, 19], [29, 30], [29, 56], [30, 29], [30, 31], [30, 57], [31, 21], [31, 30], [31, 53], [31, 57], [32, 11], [32, 33], [32, 37], [32, 45], [32, 53], [33, 22], [33, 32], [33, 37], [33, 45], [34, 3], [34, 4], [34, 26], [35, 2], [35, 3], [35, 25], [36, 0], [36, 1], [36, 24], [37, 9], [37, 10], [37, 32], [37, 33], [38, 4], [38, 5], [39, 5], [39, 6], [39, 18], [40, 6], [40, 7], [41, 8], [41, 9], [41, 57], [42, 4], [42, 15], [42, 16], [42, 26], [43, 3], [43, 14], [43, 15], [43, 25], [44, 0], [44, 12], [44, 13], [44, 24], [45, 20], [45, 21], [45, 32], [45, 33], [46, 5], [46, 16], [46, 17], [47, 6], [47, 17], [47, 18], [48, 6], [48, 18], [48, 19], [49, 8], [49, 9], [49, 19], [49, 20], [49, 57], [50, 4], [50, 25], [50, 26], [51, 3], [51, 24], [51, 25], [52, 0], [52, 23], [52, 24], [53, 31], [53, 32], [54, 5], [54, 26], [54, 27], [55, 6], [55, 27], [55, 28], [56, 6], [56, 28], [56, 29], [57, 8], [57, 30], [57, 31], [57, 41], [57, 49]], "target": 3, "label": {"0": "0", "1": "0", "2": "0", "3": "0", "4": "0", "5": "0", "6": "0", "7": "0", "8": "0", "9": "0", "10": "0", "11": "0", "12": "0", "13": "0", "14": "0", "15": "0", "16": "0", "17": "0", "18": "0", "19": "0", "20": "0", "21": "0", "22": "0", "23": "0", "24": "0", "25": "0", "26": "0", "27": "0", "28": "0", "29": "0", "30": "0", "31": "0", "32": "0", "33": "0", "34": "1", "35": "1", "36": "1", "37": "1", "38": "1", "39": "1", "40": "1", "41": "1", "42": "1", "43": "1", "44": "1", "45": "1", "46": "1", "47": "1", "48": "1", "49": "1", "50": "1", "51": "1", "52": "1", "53": "1", "54": "1", "55": "1", "56": "1", "57": "1"}}