{"edges": [[0, 2], [0, 35], [1, 2], [1, 3], [1, 22], [1, 35], [2, 0], [2, 1], [2, 3], [2, 34], [3, 1], [3, 2], [3, 4], [3, 33], [3, 34], [4, 3], [4, 5], [4, 33], [4, 37], [5, 4], [5, 37], [5, 38], [6, 16], [6, 38], [6, 39], [7, 39], [7, 40], [8, 9], [8, 10], [8, 36], [8, 40], [8, 48], [8, 56], [9, 8], [9, 10], [9, 30], [9, 32], [9, 36], [10, 8], [10, 9], [10, 36], [11, 35], [11, 43], [11, 51], [12, 13], [12, 35], [12, 43], [13, 12], [13, 35], [13, 42], [13, 43], [13, 51], [14, 33], [14, 34], [14, 41], [14, 42], [14, 49], [14, 50], [15, 33], [15, 41], [15, 45], [15, 49], [16, 6], [16, 17], [16, 45], [16, 46], [17, 16], [17, 18], [17, 29], [17, 46], [17, 47], [18, 17], [18, 47], [18, 48], [19, 40], [19, 44], [19, 48], [20, 21], [20, 36], [20, 44], [20, 52], [21, 20], [21, 36], [21, 44], [22, 1], [22, 23], [22, 24], [22, 51], [23, 22], [23, 24], [23, 25], [23, 51], [24, 22], [24, 23], [24, 25], [24, 50], [25, 23], [25, 24], [25, 26], [25, 49], [25, 50], [26, 25], [26, 27], [26, 49], [26, 53], [27, 26], [27, 28], [27, 53], [27, 54], [28, 27], [28, 54], [28, 55], [29, 17], [29, 55], [29, 56], [30, 9], [30, 31], [30, 32], [30, 52], [30, 56], [31, 30], [31, 32], [31, 52], [32, 9], [32, 30], [32, 31], [33, 3], [33, 4], [33, 14], [33, 15], [34, 2], [34, 3], [34, 14], [35, 0], [35, 1], [35, 11], [35, 12], [35, 13], [36, 8], [36, 9], [36, 10], [36, 20], [36, 21], [37, 4], [37, 5], [37, 38], [37, 46], [37, 54], [38, 5], [38, 6], [38, 37], [38, 39], [38, 45], [38, 47], [38, 53], [38, 55], [39, 6], [39, 7], [39, 38], [40, 7], [40, 8], [40, 19], [40, 56], [41, 14], [41, 15], [42, 13], [42, 14], [43, 11], [43, 12], [43, 13], [44, 19], [44, 20], [44, 21], [45, 15], [45, 16], [45, 38], [46, 16], [46, 17], [46, 37], [47, 17], [47, 18], [47, 38], [48, 8], [48, 18], [48, 19], [48, 56], [49, 14], [49, 15], [49, 25], [49, 26], [50, 14], [50, 24], [50, 25], [51, 11], [51, 13], [51, 22], [51, 23], [52, 20], [52, 30], [52, 31], [53, 26], [53, 27], [53, 38], [54, 27], [54, 28], [54, 37], [55, 28], [55, 29], [55, 38], [56, 8], [56, 29], [56, 30], [56, 40], [56, 48]], "target": 3, "label": {"0": "0", "1": "0", "2": "0", "3": "0", "4": "0", "5": "0", "6": "0", "7": "0", "8": "0", "9": "0", "10": "0", "11": "0", "12": "0", "13": "0", "14": "0", "15": "0", "16": "0", "17": "0", "18": "0", "19": "0", "20": "0", "21": "0", "22": "0", "23": "0", "24": "0", "25": "0", "26": "0", "27": "0", "28": "0", "29": "0", "30": "0", "31": "0", "32": "0", "33": "1", "34": "1", "35": "1", "36": "1", "37": "1", "38": "1", "39": "1", "40": "1", "41": "1", "42": "1", "43": "1", "44": "1", "45": "1", "46": "1", "47": "1", "48": "1", "49": "1", "50": "1", "51": "1", "52": "1", "53": "1", "54": "1", "55": "1", "56": "1"}}