{"edges": [[0, 1], [0, 2], [0, 3], [1, 0], [1, 2], [1, 3], [1, 14], [2, 0], [2, 1], [2, 3], [2, 13], [3, 0], [3, 1], [3, 2], [3, 4], [3, 12], [3, 13], [4, 3], [4, 5], [4, 6], [4, 12], [4, 16], [5, 4], [5, 6], [5, 7], [5, 16], [5, 17], [6, 4], [6, 5], [6, 7], [6, 8], [6, 18], [6, 19], [7, 5], [7, 6], [7, 8], [7, 9], [7, 19], [8, 6], [8, 7], [8, 9], [8, 10], [8, 11], [8, 20], [9, 7], [9, 8], [9, 10], [9, 11], [9, 15], [9, 20], [10, 8], [10, 9], [10, 11], [10, 15], [11, 8], [11, 9], [11, 10], [12, 3], [12, 4], [12, 13], [12, 14], [12, 16], [12, 17], [13, 2], [13, 3], [13, 12], [13, 14], [13, 16], [14, 1], [14, 12], [14, 13], [14, 16], [15, 9], [15, 10], [15, 18], [15, 19], [15, 20], [16, 4], [16, 5], [16, 12], [16, 13], [16, 14], [16, 17], [16, 18], [17, 5], [17, 12], [17, 16], [17, 18], [17, 19], [18, 6], [18, 15], [18, 16], [18, 17], [18, 19], [18, 20], [19, 6], [19, 7], [19, 15], [19, 17], [19, 18], [19, 20], [20, 8], [20, 9], [20, 15], [20, 18], [20, 19]], "target": 3, "label": {"0": "0", "1": "0", "2": "0", "3": "0", "4": "0", "5": "0", "6": "0", "7": "0", "8": "0", "9": "0", "10": "0", "11": "0", "12": "1", "13": "1", "14": "1", "15": "1", "16": "1", "17": "1", "18": "1", "19": "1", "20": "1"}}