{"edges": [[0, 1], [0, 2], [0, 11], [1, 0], [1, 2], [1, 3], [1, 10], [1, 11], [2, 0], [2, 1], [2, 3], [2, 4], [2, 9], [3, 1], [3, 2], [3, 4], [3, 5], [3, 9], [3, 12], [4, 2], [4, 3], [4, 5], [4, 6], [4, 12], [4, 16], [5, 3], [5, 4], [5, 6], [5, 7], [5, 8], [5, 16], [5, 17], [6, 4], [6, 5], [6, 7], [6, 8], [6, 14], [6, 15], [7, 5], [7, 6], [7, 8], [7, 13], [8, 5], [8, 6], [8, 7], [9, 2], [9, 3], [9, 10], [9, 11], [9, 12], [10, 1], [10, 9], [10, 11], [11, 0], [11, 1], [11, 9], [11, 10], [12, 3], [12, 4], [12, 9], [12, 16], [12, 17], [13, 7], [13, 14], [13, 15], [13, 17], [14, 6], [14, 13], [14, 15], [14, 17], [15, 6], [15, 13], [15, 14], [15, 16], [15, 17], [16, 4], [16, 5], [16, 12], [16, 15], [16, 17], [17, 5], [17, 12], [17, 13], [17, 14], [17, 15], [17, 16]], "target": 3, "label": {"0": "0", "1": "0", "2": "0", "3": "0", "4": "0", "5": "0", "6": "0", "7": "0", "8": "0", "9": "1", "10": "1", "11": "1", "12": "1", "13": "1", "14": "1", "15": "1", "16": "1", "17": "1"}}