{"edges": [[0, 1], [0, 14], [1, 0], [1, 2], [1, 13], [1, 27], [1, 28], [2, 1], [2, 3], [2, 26], [2, 27], [3, 2], [3, 4], [3, 26], [3, 33], [4, 3], [4, 5], [4, 33], [5, 4], [5, 6], [5, 7], [6, 5], [6, 7], [6, 8], [6, 32], [7, 5], [7, 6], [7, 8], [7, 21], [7, 32], [8, 6], [8, 7], [8, 20], [8, 22], [8, 31], [9, 10], [9, 21], [9, 23], [9, 31], [10, 9], [10, 22], [10, 30], [11, 12], [11, 25], [11, 29], [11, 30], [12, 11], [12, 24], [12, 25], [12, 29], [13, 1], [13, 14], [13, 36], [14, 0], [14, 13], [14, 15], [14, 35], [14, 36], [15, 14], [15, 16], [15, 34], [15, 35], [16, 15], [16, 17], [16, 34], [16, 41], [17, 16], [17, 18], [17, 41], [18, 17], [18, 19], [18, 20], [19, 18], [19, 20], [19, 21], [19, 40], [20, 8], [20, 18], [20, 19], [20, 21], [20, 40], [21, 7], [21, 9], [21, 19], [21, 20], [21, 39], [22, 8], [22, 10], [22, 23], [22, 39], [23, 9], [23, 22], [23, 38], [24, 12], [24, 25], [24, 37], [24, 38], [25, 11], [25, 12], [25, 24], [25, 37], [26, 2], [26, 3], [26, 33], [26, 41], [27, 1], [27, 2], [27, 28], [27, 36], [28, 1], [28, 27], [28, 35], [29, 11], [29, 12], [29, 30], [29, 38], [30, 10], [30, 11], [30, 29], [30, 37], [31, 8], [31, 9], [31, 32], [31, 40], [32, 6], [32, 7], [32, 31], [32, 39], [33, 3], [33, 4], [33, 26], [33, 34], [33, 41], [34, 15], [34, 16], [34, 33], [34, 41], [35, 14], [35, 15], [35, 28], [35, 36], [36, 13], [36, 14], [36, 27], [36, 35], [37, 24], [37, 25], [37, 30], [37, 38], [38, 23], [38, 24], [38, 29], [38, 37], [39, 21], [39, 22], [39, 32], [39, 40], [40, 19], [40, 20], [40, 31], [40, 39], [41, 16], [41, 17], [41, 26], [41, 33], [41, 34]], "target": 3, "label": {"0": "0", "1": "0", "2": "0", "3": "0", "4": "0", "5": "0", "6": "0", "7": "0", "8": "0", "9": "0", "10": "0", "11": "0", "12": "0", "13": "0", "14": "0", "15": "0", "16": "0", "17": "0", "18": "0", "19": "0", "20": "0", "21": "0", "22": "0", "23": "0", "24": "0", "25": "0", "26": "1", "27": "1", "28": "1", "29": "1", "30": "1", "31": "1", "32": "1", "33": "1", "34": "1", "35": "1", "36": "1", "37": "1", "38": "1", "39": "1", "40": "1", "41": "1"}}