{"edges": [[0, 10], [0, 14], [1, 2], [1, 7], [1, 13], [2, 1], [2, 3], [2, 4], [3, 2], [3, 4], [3, 7], [3, 9], [4, 2], [4, 3], [4, 7], [5, 10], [5, 14], [6, 7], [6, 8], [6, 13], [6, 17], [7, 1], [7, 3], [7, 4], [7, 6], [7, 8], [7, 9], [8, 6], [8, 7], [8, 9], [9, 3], [9, 7], [9, 8], [10, 0], [10, 5], [10, 11], [10, 15], [11, 10], [11, 12], [11, 14], [12, 11], [12, 13], [12, 17], [13, 1], [13, 6], [13, 12], [13, 16], [13, 17], [14, 0], [14, 5], [14, 11], [14, 15], [15, 10], [15, 14], [15, 16], [16, 13], [16, 15], [16, 17], [17, 6], [17, 12], [17, 13], [17, 16]], "target": 5, "label": {"0": "0", "1": "0", "2": "0", "3": "0", "4": "0", "5": "0", "6": "0", "7": "0", "8": "0", "9": "0", "10": "1", "11": "1", "12": "1", "13": "1", "14": "1", "15": "1", "16": "1", "17": "1"}}