{"edges": [[0, 1], [0, 13], [1, 0], [1, 2], [1, 12], [1, 25], [1, 26], [2, 1], [2, 3], [2, 24], [2, 25], [3, 2], [3, 4], [3, 16], [3, 24], [3, 31], [4, 3], [4, 5], [4, 15], [4, 31], [5, 4], [5, 6], [5, 7], [5, 30], [6, 5], [6, 7], [6, 19], [6, 30], [7, 5], [7, 6], [7, 18], [7, 20], [7, 29], [8, 9], [8, 19], [8, 21], [8, 29], [9, 8], [9, 20], [9, 28], [10, 11], [10, 23], [10, 27], [10, 28], [11, 10], [11, 22], [11, 23], [11, 27], [12, 1], [12, 13], [12, 26], [12, 34], [13, 0], [13, 12], [13, 14], [13, 33], [13, 34], [14, 13], [14, 15], [14, 32], [14, 33], [15, 4], [15, 14], [15, 16], [15, 32], [15, 39], [16, 3], [16, 15], [16, 17], [16, 39], [17, 16], [17, 18], [17, 19], [17, 38], [18, 7], [18, 17], [18, 19], [18, 38], [19, 6], [19, 8], [19, 17], [19, 18], [19, 37], [20, 7], [20, 9], [20, 21], [20, 37], [21, 8], [21, 20], [21, 36], [22, 11], [22, 23], [22, 35], [22, 36], [23, 10], [23, 11], [23, 22], [23, 35], [24, 2], [24, 3], [24, 31], [24, 39], [25, 1], [25, 2], [25, 26], [25, 34], [26, 1], [26, 12], [26, 25], [26, 33], [27, 10], [27, 11], [27, 28], [27, 36], [28, 9], [28, 10], [28, 27], [28, 35], [29, 7], [29, 8], [29, 30], [29, 38], [30, 5], [30, 6], [30, 29], [30, 37], [31, 3], [31, 4], [31, 24], [31, 32], [31, 39], [32, 14], [32, 15], [32, 31], [32, 39], [33, 13], [33, 14], [33, 26], [33, 34], [34, 12], [34, 13], [34, 25], [34, 33], [35, 22], [35, 23], [35, 28], [35, 36], [36, 21], [36, 22], [36, 27], [36, 35], [37, 19], [37, 20], [37, 30], [37, 38], [38, 17], [38, 18], [38, 29], [38, 37], [39, 15], [39, 16], [39, 24], [39, 31], [39, 32]], "target": 3, "label": {"0": "0", "1": "0", "2": "0", "3": "0", "4": "0", "5": "0", "6": "0", "7": "0", "8": "0", "9": "0", "10": "0", "11": "0", "12": "0", "13": "0", "14": "0", "15": "0", "16": "0", "17": "0", "18": "0", "19": "0", "20": "0", "21": "0", "22": "0", "23": "0", "24": "1", "25": "1", "26": "1", "27": "1", "28": "1", "29": "1", "30": "1", "31": "1", "32": "1", "33": "1", "34": "1", "35": "1", "36": "1", "37": "1", "38": "1", "39": "1"}}