{"edges": [[0, 16], [0, 21], [1, 2], [1, 10], [1, 32], [1, 41], [2, 1], [2, 3], [2, 31], [2, 33], [3, 2], [3, 4], [3, 16], [3, 17], [3, 21], [3, 22], [3, 34], [4, 3], [4, 18], [4, 19], [4, 42], [5, 11], [5, 48], [5, 49], [6, 7], [6, 15], [6, 41], [6, 49], [7, 6], [7, 8], [7, 11], [8, 7], [8, 9], [8, 11], [8, 12], [9, 8], [9, 50], [10, 1], [10, 31], [10, 52], [10, 53], [11, 5], [11, 7], [11, 8], [11, 12], [11, 13], [11, 53], [12, 8], [12, 11], [12, 13], [12, 28], [13, 11], [13, 12], [13, 14], [13, 29], [14, 13], [14, 28], [14, 54], [15, 6], [15, 41], [15, 44], [15, 45], [16, 0], [16, 3], [16, 17], [16, 18], [16, 30], [16, 45], [17, 3], [17, 16], [17, 18], [18, 4], [18, 16], [18, 17], [18, 19], [19, 4], [19, 18], [19, 46], [19, 59], [20, 21], [20, 36], [20, 58], [20, 73], [21, 0], [21, 3], [21, 20], [21, 22], [21, 23], [21, 30], [21, 58], [22, 3], [22, 21], [22, 23], [22, 24], [23, 21], [23, 22], [23, 24], [23, 37], [24, 22], [24, 23], [24, 59], [25, 41], [25, 45], [25, 65], [25, 66], [26, 27], [26, 28], [26, 35], [26, 38], [26, 66], [27, 26], [27, 28], [27, 35], [27, 38], [27, 39], [28, 12], [28, 14], [28, 26], [28, 27], [28, 29], [29, 13], [29, 28], [29, 39], [29, 67], [30, 16], [30, 21], [30, 69], [30, 70], [31, 2], [31, 10], [31, 32], [31, 70], [32, 1], [32, 31], [32, 33], [33, 2], [33, 32], [33, 34], [34, 3], [34, 33], [34, 71], [35, 26], [35, 27], [35, 61], [35, 62], [36, 20], [36, 37], [36, 38], [36, 62], [37, 23], [37, 36], [37, 38], [38, 26], [38, 27], [38, 36], [38, 37], [38, 39], [39, 27], [39, 29], [39, 38], [39, 63], [40, 41], [40, 56], [40, 73], [41, 1], [41, 6], [41, 15], [41, 25], [41, 40], [41, 58], [41, 70], [42, 4], [42, 43], [43, 42], [44, 15], [44, 56], [44, 73], [45, 15], [45, 16], [45, 25], [45, 58], [45, 70], [46, 19], [46, 47], [47, 46], [48, 5], [48, 56], [48, 73], [49, 5], [49, 6], [49, 58], [49, 70], [50, 9], [50, 51], [51, 50], [52, 10], [53, 10], [53, 11], [54, 14], [54, 55], [55, 54], [56, 40], [56, 44], [56, 48], [57, 73], [58, 20], [58, 21], [58, 41], [58, 45], [58, 49], [59, 19], [59, 24], [59, 60], [60, 59], [61, 35], [62, 35], [62, 36], [63, 39], [63, 64], [64, 63], [65, 25], [66, 25], [66, 26], [67, 29], [67, 68], [68, 67], [69, 30], [70, 30], [70, 31], [70, 41], [70, 45], [70, 49], [71, 34], [71, 72], [72, 71], [73, 20], [73, 40], [73, 44], [73, 48], [73, 57]], "target": 3, "label": {"0": "0", "1": "0", "2": "0", "3": "0", "4": "0", "5": "0", "6": "0", "7": "0", "8": "0", "9": "0", "10": "0", "11": "0", "12": "0", "13": "0", "14": "0", "15": "0", "16": "0", "17": "0", "18": "0", "19": "0", "20": "0", "21": "0", "22": "0", "23": "0", "24": "0", "25": "0", "26": "0", "27": "0", "28": "0", "29": "0", "30": "0", "31": "0", "32": "0", "33": "0", "34": "0", "35": "0", "36": "0", "37": "0", "38": "0", "39": "0", "40": "1", "41": "1", "42": "1", "43": "1", "44": "1", "45": "1", "46": "1", "47": "1", "48": "1", "49": "1", "50": "1", "51": "1", "52": "1", "53": "1", "54": "1", "55": "1", "56": "1", "57": "1", "58": "1", "59": "1", "60": "1", "61": "1", "62": "1", "63": "1", "64": "1", "65": "1", "66": "1", "67": "1", "68": "1", "69": "1", "70": "1", "71": "1", "72": "1", "73": "1"}}