{"edges": [[0, 1], [0, 13], [1, 0], [1, 2], [1, 3], [1, 30], [1, 32], [2, 1], [2, 3], [2, 15], [2, 29], [3, 1], [3, 2], [3, 14], [3, 16], [3, 28], [4, 5], [4, 27], [4, 28], [5, 4], [5, 6], [5, 27], [5, 37], [6, 5], [6, 17], [6, 26], [6, 27], [6, 37], [7, 8], [7, 20], [7, 26], [7, 36], [8, 7], [8, 19], [8, 25], [8, 26], [8, 35], [8, 36], [9, 10], [9, 24], [9, 25], [9, 34], [9, 35], [10, 9], [10, 11], [10, 21], [10, 24], [10, 31], [11, 10], [11, 23], [11, 31], [12, 13], [12, 30], [12, 40], [13, 0], [13, 12], [13, 30], [13, 32], [13, 40], [13, 42], [14, 3], [14, 15], [14, 39], [15, 2], [15, 14], [15, 29], [15, 38], [16, 3], [16, 17], [16, 37], [16, 38], [17, 6], [17, 16], [17, 18], [17, 37], [18, 17], [18, 19], [18, 36], [19, 8], [19, 18], [19, 20], [19, 36], [20, 7], [20, 19], [20, 21], [20, 35], [21, 10], [21, 20], [21, 34], [21, 35], [22, 24], [22, 31], [22, 34], [22, 41], [23, 11], [23, 31], [23, 41], [24, 9], [24, 10], [24, 22], [25, 8], [25, 9], [26, 6], [26, 7], [26, 8], [27, 4], [27, 5], [27, 6], [28, 3], [28, 4], [28, 29], [28, 39], [29, 2], [29, 15], [29, 28], [29, 33], [29, 38], [29, 43], [30, 1], [30, 12], [30, 13], [31, 10], [31, 11], [31, 22], [31, 23], [32, 1], [32, 13], [32, 33], [32, 43], [33, 29], [33, 32], [33, 39], [33, 42], [33, 43], [34, 9], [34, 21], [34, 22], [35, 8], [35, 9], [35, 20], [35, 21], [36, 7], [36, 8], [36, 18], [36, 19], [37, 5], [37, 6], [37, 16], [37, 17], [38, 15], [38, 16], [38, 29], [38, 39], [39, 14], [39, 28], [39, 33], [39, 38], [39, 43], [40, 12], [40, 13], [41, 22], [41, 23], [42, 13], [42, 33], [42, 43], [43, 29], [43, 32], [43, 33], [43, 39], [43, 42]], "target": 3, "label": {"0": "0", "1": "0", "2": "0", "3": "0", "4": "0", "5": "0", "6": "0", "7": "0", "8": "0", "9": "0", "10": "0", "11": "0", "12": "0", "13": "0", "14": "0", "15": "0", "16": "0", "17": "0", "18": "0", "19": "0", "20": "0", "21": "0", "22": "0", "23": "0", "24": "1", "25": "1", "26": "1", "27": "1", "28": "1", "29": "1", "30": "1", "31": "1", "32": "1", "33": "1", "34": "1", "35": "1", "36": "1", "37": "1", "38": "1", "39": "1", "40": "1", "41": "1", "42": "1", "43": "1"}}