{"edges": [[0, 1], [0, 2], [0, 22], [0, 30], [1, 0], [1, 2], [1, 22], [1, 23], [1, 30], [2, 0], [2, 1], [2, 3], [2, 23], [2, 24], [3, 2], [3, 4], [3, 24], [3, 25], [4, 3], [4, 5], [4, 25], [5, 4], [5, 6], [5, 25], [5, 26], [6, 5], [6, 7], [6, 26], [7, 6], [7, 26], [7, 27], [8, 9], [8, 27], [8, 28], [8, 29], [9, 8], [9, 10], [9, 28], [9, 29], [10, 9], [10, 28], [10, 29], [11, 12], [11, 13], [11, 31], [12, 11], [12, 13], [12, 31], [12, 32], [12, 39], [13, 11], [13, 12], [13, 14], [13, 32], [13, 33], [14, 13], [14, 15], [14, 16], [14, 33], [14, 34], [15, 14], [15, 16], [15, 17], [15, 34], [16, 14], [16, 15], [16, 17], [16, 18], [16, 35], [17, 15], [17, 16], [17, 18], [17, 19], [17, 35], [18, 16], [18, 17], [18, 19], [18, 36], [19, 17], [19, 18], [19, 20], [19, 21], [19, 36], [19, 37], [20, 19], [20, 21], [20, 37], [20, 38], [21, 19], [21, 20], [21, 38], [22, 0], [22, 1], [22, 23], [22, 30], [23, 1], [23, 2], [23, 22], [23, 24], [23, 30], [24, 2], [24, 3], [24, 23], [24, 25], [25, 3], [25, 4], [25, 5], [25, 24], [26, 5], [26, 6], [26, 7], [26, 27], [27, 7], [27, 8], [27, 26], [27, 28], [28, 8], [28, 9], [28, 10], [28, 27], [28, 29], [29, 8], [29, 9], [29, 10], [29, 28], [30, 0], [30, 1], [30, 22], [30, 23], [31, 11], [31, 12], [31, 32], [31, 39], [32, 12], [32, 13], [32, 31], [32, 33], [32, 39], [33, 13], [33, 14], [33, 32], [33, 34], [34, 14], [34, 15], [34, 33], [34, 35], [35, 16], [35, 17], [35, 34], [35, 36], [35, 37], [36, 18], [36, 19], [36, 35], [36, 37], [36, 38], [37, 19], [37, 20], [37, 35], [37, 36], [37, 38], [38, 20], [38, 21], [38, 36], [38, 37], [39, 12], [39, 31], [39, 32]], "target": 3, "label": {"0": "0", "1": "0", "2": "0", "3": "0", "4": "0", "5": "0", "6": "0", "7": "0", "8": "0", "9": "0", "10": "0", "11": "0", "12": "0", "13": "0", "14": "0", "15": "0", "16": "0", "17": "0", "18": "0", "19": "0", "20": "0", "21": "0", "22": "1", "23": "1", "24": "1", "25": "1", "26": "1", "27": "1", "28": "1", "29": "1", "30": "1", "31": "1", "32": "1", "33": "1", "34": "1", "35": "1", "36": "1", "37": "1", "38": "1", "39": "1"}}