{"edges": [[0, 1], [0, 2], [0, 15], [1, 0], [1, 2], [1, 15], [1, 34], [2, 0], [2, 1], [2, 3], [2, 13], [2, 14], [2, 26], [2, 27], [3, 2], [3, 4], [3, 27], [3, 28], [4, 3], [4, 5], [4, 18], [4, 28], [4, 29], [5, 4], [5, 6], [5, 17], [5, 19], [5, 29], [6, 5], [6, 18], [6, 30], [7, 8], [7, 21], [7, 30], [8, 7], [8, 9], [8, 20], [8, 31], [9, 8], [9, 10], [9, 11], [9, 31], [10, 9], [10, 11], [10, 12], [10, 32], [11, 9], [11, 10], [11, 12], [11, 32], [11, 33], [12, 10], [12, 11], [12, 25], [12, 33], [13, 2], [13, 14], [13, 15], [14, 2], [14, 13], [14, 15], [14, 35], [15, 0], [15, 1], [15, 13], [15, 14], [15, 16], [15, 36], [15, 43], [16, 15], [16, 17], [16, 36], [16, 37], [17, 5], [17, 16], [17, 18], [17, 37], [17, 38], [18, 4], [18, 6], [18, 17], [18, 19], [18, 38], [19, 5], [19, 18], [19, 39], [20, 8], [20, 21], [20, 39], [21, 7], [21, 20], [21, 22], [21, 40], [22, 21], [22, 23], [22, 24], [22, 40], [23, 22], [23, 24], [23, 25], [23, 41], [24, 22], [24, 23], [24, 25], [24, 41], [24, 42], [25, 12], [25, 23], [25, 24], [25, 42], [26, 2], [26, 34], [26, 43], [27, 2], [27, 3], [27, 28], [27, 37], [28, 3], [28, 4], [28, 27], [28, 29], [28, 36], [28, 38], [29, 4], [29, 5], [29, 28], [29, 37], [30, 6], [30, 7], [30, 31], [30, 40], [31, 8], [31, 9], [31, 30], [31, 39], [32, 10], [32, 11], [32, 33], [32, 42], [33, 11], [33, 12], [33, 32], [33, 41], [34, 1], [34, 26], [34, 35], [34, 43], [35, 14], [35, 34], [35, 43], [36, 15], [36, 16], [36, 28], [36, 37], [37, 16], [37, 17], [37, 27], [37, 29], [37, 36], [37, 38], [38, 17], [38, 18], [38, 28], [38, 37], [39, 19], [39, 20], [39, 31], [39, 40], [40, 21], [40, 22], [40, 30], [40, 39], [41, 23], [41, 24], [41, 33], [41, 42], [42, 24], [42, 25], [42, 32], [42, 41], [43, 15], [43, 26], [43, 34], [43, 35]], "target": 3, "label": {"0": "0", "1": "0", "2": "0", "3": "0", "4": "0", "5": "0", "6": "0", "7": "0", "8": "0", "9": "0", "10": "0", "11": "0", "12": "0", "13": "0", "14": "0", "15": "0", "16": "0", "17": "0", "18": "0", "19": "0", "20": "0", "21": "0", "22": "0", "23": "0", "24": "0", "25": "0", "26": "1", "27": "1", "28": "1", "29": "1", "30": "1", "31": "1", "32": "1", "33": "1", "34": "1", "35": "1", "36": "1", "37": "1", "38": "1", "39": "1", "40": "1", "41": "1", "42": "1", "43": "1"}}