{"edges": [[0, 24], [0, 32], [0, 33], [1, 2], [1, 12], [1, 24], [1, 32], [1, 33], [2, 1], [2, 3], [2, 12], [2, 24], [2, 25], [2, 32], [3, 2], [3, 25], [3, 26], [3, 34], [4, 17], [4, 26], [4, 27], [4, 35], [5, 6], [5, 27], [5, 36], [6, 5], [6, 17], [6, 27], [6, 28], [6, 36], [7, 8], [7, 28], [7, 37], [8, 7], [8, 28], [8, 29], [8, 37], [8, 38], [9, 29], [9, 30], [9, 38], [9, 39], [10, 11], [10, 30], [10, 31], [10, 39], [10, 40], [11, 10], [11, 31], [11, 40], [12, 1], [12, 2], [12, 13], [13, 12], [13, 14], [13, 24], [13, 32], [13, 33], [14, 13], [14, 15], [14, 24], [14, 32], [14, 34], [14, 41], [15, 14], [15, 25], [15, 34], [15, 35], [16, 26], [16, 35], [16, 36], [17, 4], [17, 6], [17, 18], [17, 36], [18, 17], [18, 19], [18, 20], [18, 37], [19, 18], [19, 20], [19, 28], [19, 37], [20, 18], [20, 19], [20, 21], [20, 38], [21, 20], [21, 22], [21, 29], [21, 38], [21, 39], [22, 21], [22, 23], [22, 30], [22, 39], [22, 40], [23, 22], [23, 40], [24, 0], [24, 1], [24, 2], [24, 13], [24, 14], [24, 32], [24, 41], [25, 2], [25, 3], [25, 15], [25, 26], [25, 35], [26, 3], [26, 4], [26, 16], [26, 25], [26, 34], [27, 4], [27, 5], [27, 6], [28, 6], [28, 7], [28, 8], [28, 19], [29, 8], [29, 9], [29, 21], [30, 9], [30, 10], [30, 22], [31, 10], [31, 11], [32, 0], [32, 1], [32, 2], [32, 13], [32, 14], [32, 24], [32, 33], [32, 41], [33, 0], [33, 1], [33, 13], [33, 32], [33, 41], [34, 3], [34, 14], [34, 15], [34, 26], [34, 35], [35, 4], [35, 15], [35, 16], [35, 25], [35, 34], [36, 5], [36, 6], [36, 16], [36, 17], [37, 7], [37, 8], [37, 18], [37, 19], [38, 8], [38, 9], [38, 20], [38, 21], [39, 9], [39, 10], [39, 21], [39, 22], [40, 10], [40, 11], [40, 22], [40, 23], [41, 14], [41, 24], [41, 32], [41, 33]], "target": 3, "label": {"0": "0", "1": "0", "2": "0", "3": "0", "4": "0", "5": "0", "6": "0", "7": "0", "8": "0", "9": "0", "10": "0", "11": "0", "12": "0", "13": "0", "14": "0", "15": "0", "16": "0", "17": "0", "18": "0", "19": "0", "20": "0", "21": "0", "22": "0", "23": "0", "24": "1", "25": "1", "26": "1", "27": "1", "28": "1", "29": "1", "30": "1", "31": "1", "32": "1", "33": "1", "34": "1", "35": "1", "36": "1", "37": "1", "38": "1", "39": "1", "40": "1", "41": "1"}}