{"edges": [[0, 1], [0, 12], [1, 0], [1, 11], [1, 12], [1, 13], [1, 30], [1, 32], [2, 3], [2, 12], [2, 14], [2, 30], [3, 2], [3, 13], [3, 29], [4, 5], [4, 14], [4, 28], [4, 29], [5, 4], [5, 15], [5, 16], [5, 27], [5, 28], [6, 17], [6, 19], [6, 26], [6, 27], [7, 8], [7, 20], [7, 25], [7, 26], [8, 7], [8, 19], [8, 24], [8, 25], [9, 10], [9, 22], [9, 24], [10, 9], [10, 21], [10, 22], [11, 1], [11, 12], [11, 33], [12, 0], [12, 1], [12, 2], [12, 11], [12, 40], [12, 42], [13, 1], [13, 3], [13, 14], [13, 40], [14, 2], [14, 4], [14, 13], [14, 39], [15, 5], [15, 16], [15, 29], [15, 38], [15, 39], [16, 5], [16, 15], [16, 28], [16, 37], [16, 38], [17, 6], [17, 18], [17, 26], [17, 27], [17, 36], [17, 37], [18, 17], [18, 26], [18, 36], [19, 6], [19, 8], [19, 20], [19, 35], [19, 36], [20, 7], [20, 19], [20, 34], [20, 35], [21, 10], [21, 22], [21, 34], [22, 9], [22, 10], [22, 21], [23, 30], [23, 31], [23, 32], [23, 40], [23, 41], [23, 42], [24, 8], [24, 9], [24, 25], [24, 35], [25, 7], [25, 8], [25, 24], [25, 34], [26, 6], [26, 7], [26, 17], [26, 18], [27, 5], [27, 6], [27, 17], [27, 28], [28, 4], [28, 5], [28, 16], [28, 27], [28, 29], [28, 37], [28, 39], [29, 3], [29, 4], [29, 15], [29, 28], [29, 38], [30, 1], [30, 2], [30, 23], [31, 23], [31, 32], [31, 33], [31, 42], [32, 1], [32, 23], [32, 31], [32, 33], [32, 42], [33, 11], [33, 31], [33, 32], [33, 41], [34, 20], [34, 21], [34, 25], [34, 35], [35, 19], [35, 20], [35, 24], [35, 34], [36, 17], [36, 18], [36, 19], [37, 16], [37, 17], [37, 28], [38, 15], [38, 16], [38, 29], [38, 39], [39, 14], [39, 15], [39, 28], [39, 38], [40, 12], [40, 13], [40, 23], [41, 23], [41, 33], [41, 42], [42, 12], [42, 23], [42, 31], [42, 32], [42, 41]], "target": 3, "label": {"0": "0", "1": "0", "2": "0", "3": "0", "4": "0", "5": "0", "6": "0", "7": "0", "8": "0", "9": "0", "10": "0", "11": "0", "12": "0", "13": "0", "14": "0", "15": "0", "16": "0", "17": "0", "18": "0", "19": "0", "20": "0", "21": "0", "22": "0", "23": "1", "24": "1", "25": "1", "26": "1", "27": "1", "28": "1", "29": "1", "30": "1", "31": "1", "32": "1", "33": "1", "34": "1", "35": "1", "36": "1", "37": "1", "38": "1", "39": "1", "40": "1", "41": "1", "42": "1"}}