{"edges": [[0, 1], [0, 2], [0, 3], [1, 0], [1, 2], [1, 3], [2, 0], [2, 1], [2, 3], [2, 28], [3, 0], [3, 1], [3, 2], [3, 4], [3, 5], [3, 28], [4, 3], [4, 5], [4, 6], [4, 28], [4, 35], [5, 3], [5, 4], [5, 6], [5, 35], [6, 4], [6, 5], [6, 7], [6, 8], [6, 35], [7, 6], [7, 8], [7, 34], [8, 6], [8, 7], [8, 9], [8, 33], [8, 34], [9, 8], [9, 10], [9, 11], [9, 32], [9, 36], [10, 9], [10, 11], [10, 12], [10, 32], [10, 37], [11, 9], [11, 10], [11, 12], [11, 13], [11, 37], [11, 39], [12, 10], [12, 11], [12, 13], [12, 39], [13, 11], [13, 12], [13, 14], [13, 15], [13, 40], [14, 13], [14, 15], [14, 16], [14, 40], [15, 13], [15, 14], [15, 16], [15, 17], [15, 40], [16, 14], [16, 15], [16, 17], [16, 38], [17, 15], [17, 16], [17, 18], [17, 31], [17, 38], [18, 17], [18, 19], [18, 20], [18, 30], [18, 31], [19, 18], [19, 20], [19, 21], [19, 22], [19, 30], [20, 18], [20, 19], [20, 21], [20, 22], [21, 19], [21, 20], [21, 22], [21, 29], [22, 19], [22, 20], [22, 21], [22, 23], [22, 24], [22, 29], [23, 22], [23, 24], [23, 25], [24, 22], [24, 23], [24, 25], [24, 26], [24, 27], [25, 23], [25, 24], [25, 26], [25, 27], [26, 24], [26, 25], [26, 27], [27, 24], [27, 25], [27, 26], [28, 2], [28, 3], [28, 4], [28, 35], [29, 21], [29, 22], [29, 30], [29, 31], [30, 18], [30, 19], [30, 29], [30, 31], [30, 38], [31, 17], [31, 18], [31, 29], [31, 30], [31, 38], [32, 9], [32, 10], [32, 33], [32, 36], [32, 37], [32, 39], [33, 8], [33, 32], [33, 34], [33, 36], [34, 7], [34, 8], [34, 33], [34, 36], [35, 4], [35, 5], [35, 6], [35, 28], [36, 9], [36, 32], [36, 33], [36, 34], [36, 37], [37, 10], [37, 11], [37, 32], [37, 36], [37, 39], [37, 40], [38, 16], [38, 17], [38, 30], [38, 31], [39, 11], [39, 12], [39, 32], [39, 37], [39, 40], [40, 13], [40, 14], [40, 15], [40, 37], [40, 39]], "target": 3, "label": {"0": "0", "1": "0", "2": "0", "3": "0", "4": "0", "5": "0", "6": "0", "7": "0", "8": "0", "9": "0", "10": "0", "11": "0", "12": "0", "13": "0", "14": "0", "15": "0", "16": "0", "17": "0", "18": "0", "19": "0", "20": "0", "21": "0", "22": "0", "23": "0", "24": "0", "25": "0", "26": "0", "27": "0", "28": "1", "29": "1", "30": "1", "31": "1", "32": "1", "33": "1", "34": "1", "35": "1", "36": "1", "37": "1", "38": "1", "39": "1", "40": "1"}}