{"edges": [[0, 1], [0, 31], [1, 0], [1, 2], [1, 3], [1, 19], [1, 32], [2, 1], [2, 3], [2, 32], [2, 41], [3, 1], [3, 2], [3, 17], [3, 33], [4, 33], [4, 34], [4, 42], [5, 34], [5, 35], [5, 43], [6, 7], [6, 22], [6, 35], [6, 36], [6, 44], [6, 45], [7, 6], [7, 8], [7, 35], [7, 36], [7, 44], [8, 7], [8, 24], [8, 36], [8, 37], [9, 10], [9, 23], [9, 25], [9, 37], [10, 9], [10, 11], [10, 24], [10, 38], [11, 10], [11, 12], [11, 13], [11, 38], [12, 11], [12, 13], [13, 11], [13, 12], [13, 14], [14, 13], [14, 15], [14, 30], [15, 14], [15, 29], [15, 30], [16, 17], [16, 31], [16, 41], [16, 48], [17, 3], [17, 16], [17, 18], [17, 19], [17, 41], [18, 17], [18, 19], [18, 32], [18, 41], [19, 1], [19, 17], [19, 18], [19, 42], [20, 33], [20, 42], [20, 43], [21, 34], [21, 35], [21, 43], [21, 44], [22, 6], [22, 23], [22, 36], [22, 44], [22, 45], [23, 9], [23, 22], [23, 45], [23, 46], [24, 8], [24, 10], [24, 25], [24, 46], [25, 9], [25, 24], [25, 26], [25, 47], [26, 25], [26, 27], [26, 28], [26, 47], [27, 26], [27, 28], [28, 26], [28, 27], [28, 29], [29, 15], [29, 28], [29, 30], [30, 14], [30, 15], [30, 29], [31, 0], [31, 16], [31, 39], [31, 48], [32, 1], [32, 2], [32, 18], [32, 39], [33, 3], [33, 4], [33, 20], [34, 4], [34, 5], [34, 21], [35, 5], [35, 6], [35, 7], [35, 21], [36, 6], [36, 7], [36, 8], [36, 22], [36, 37], [37, 8], [37, 9], [37, 36], [37, 38], [37, 45], [37, 47], [38, 10], [38, 11], [38, 37], [38, 46], [39, 31], [39, 32], [39, 40], [39, 48], [40, 39], [40, 48], [41, 2], [41, 16], [41, 17], [41, 18], [42, 4], [42, 19], [42, 20], [43, 5], [43, 20], [43, 21], [44, 6], [44, 7], [44, 21], [44, 22], [45, 6], [45, 22], [45, 23], [45, 37], [46, 23], [46, 24], [46, 38], [46, 47], [47, 25], [47, 26], [47, 37], [47, 46], [48, 16], [48, 31], [48, 39], [48, 40]], "target": 3, "label": {"0": "0", "1": "0", "2": "0", "3": "0", "4": "0", "5": "0", "6": "0", "7": "0", "8": "0", "9": "0", "10": "0", "11": "0", "12": "0", "13": "0", "14": "0", "15": "0", "16": "0", "17": "0", "18": "0", "19": "0", "20": "0", "21": "0", "22": "0", "23": "0", "24": "0", "25": "0", "26": "0", "27": "0", "28": "0", "29": "0", "30": "0", "31": "1", "32": "1", "33": "1", "34": "1", "35": "1", "36": "1", "37": "1", "38": "1", "39": "1", "40": "1", "41": "1", "42": "1", "43": "1", "44": "1", "45": "1", "46": "1", "47": "1", "48": "1"}}