{"edges": [[0, 1], [0, 34], [1, 0], [1, 2], [1, 80], [2, 1], [2, 3], [2, 80], [3, 2], [3, 35], [4, 5], [5, 4], [5, 28], [6, 7], [6, 27], [6, 29], [7, 6], [7, 8], [8, 7], [8, 9], [9, 8], [9, 10], [9, 30], [10, 9], [10, 31], [11, 12], [11, 23], [12, 11], [12, 13], [12, 81], [13, 12], [13, 14], [13, 81], [13, 83], [14, 13], [15, 16], [15, 38], [16, 15], [16, 39], [17, 18], [17, 38], [18, 17], [18, 19], [19, 18], [19, 20], [20, 19], [20, 21], [21, 20], [21, 31], [22, 23], [22, 34], [23, 11], [23, 22], [23, 33], [23, 81], [23, 82], [23, 83], [24, 25], [24, 82], [25, 24], [26, 27], [26, 38], [27, 6], [27, 26], [27, 28], [28, 5], [28, 27], [28, 29], [29, 6], [29, 28], [29, 30], [30, 9], [30, 29], [30, 31], [30, 42], [31, 10], [31, 21], [31, 30], [31, 32], [31, 41], [31, 43], [32, 31], [32, 42], [32, 43], [33, 23], [33, 34], [34, 0], [34, 22], [34, 33], [34, 83], [35, 3], [35, 36], [35, 80], [35, 82], [35, 83], [36, 35], [37, 38], [38, 15], [38, 17], [38, 26], [38, 37], [38, 39], [39, 16], [39, 38], [39, 40], [40, 39], [40, 41], [41, 31], [41, 40], [41, 42], [42, 30], [42, 32], [42, 41], [42, 43], [43, 31], [43, 32], [43, 42], [44, 52], [44, 61], [44, 70], [44, 79], [52, 44], [52, 53], [52, 62], [52, 71], [52, 79], [53, 52], [53, 61], [53, 70], [53, 79], [61, 44], [61, 53], [62, 52], [70, 44], [70, 53], [71, 52], [79, 44], [79, 52], [79, 53], [80, 1], [80, 2], [80, 35], [81, 12], [81, 13], [81, 23], [82, 23], [82, 24], [82, 35], [83, 13], [83, 23], [83, 34], [83, 35]], "target": 3, "label": {"0": "0", "1": "0", "2": "0", "3": "0", "4": "0", "5": "0", "6": "0", "7": "0", "8": "0", "9": "0", "10": "0", "11": "0", "12": "0", "13": "0", "14": "0", "15": "0", "16": "0", "17": "0", "18": "0", "19": "0", "20": "0", "21": "0", "22": "0", "23": "0", "24": "0", "25": "0", "26": "0", "27": "0", "28": "0", "29": "0", "30": "0", "31": "0", "32": "0", "33": "0", "34": "0", "35": "0", "36": "0", "37": "0", "38": "0", "39": "0", "40": "0", "41": "0", "42": "0", "43": "0", "44": "1", "45": "1", "46": "1", "47": "1", "48": "1", "49": "1", "50": "1", "51": "1", "52": "1", "53": "1", "54": "1", "55": "1", "56": "1", "57": "1", "58": "1", "59": "1", "60": "1", "61": "1", "62": "1", "63": "1", "64": "1", "65": "1", "66": "1", "67": "1", "68": "1", "69": "1", "70": "1", "71": "1", "72": "1", "73": "1", "74": "1", "75": "1", "76": "1", "77": "1", "78": "1", "79": "1", "80": "2", "81": "2", "82": "2", "83": "2"}}