{"edges": [[0, 1], [0, 2], [0, 15], [1, 0], [1, 2], [1, 14], [1, 16], [1, 32], [1, 33], [2, 0], [2, 1], [2, 3], [2, 15], [2, 17], [2, 32], [3, 2], [3, 4], [3, 16], [3, 18], [3, 31], [4, 3], [4, 5], [4, 17], [4, 30], [4, 31], [5, 4], [5, 6], [5, 7], [5, 29], [5, 30], [6, 5], [6, 7], [6, 8], [6, 29], [7, 5], [7, 6], [7, 8], [7, 28], [8, 6], [8, 7], [8, 9], [8, 28], [8, 35], [9, 8], [9, 10], [9, 24], [9, 34], [9, 35], [10, 9], [10, 11], [10, 23], [10, 25], [10, 34], [11, 10], [11, 12], [11, 13], [11, 26], [11, 27], [12, 11], [12, 13], [12, 25], [13, 11], [13, 12], [13, 25], [14, 1], [14, 15], [14, 16], [14, 41], [15, 0], [15, 2], [15, 14], [15, 16], [15, 40], [15, 41], [16, 1], [16, 3], [16, 14], [16, 15], [16, 17], [16, 40], [17, 2], [17, 4], [17, 16], [17, 18], [17, 39], [18, 3], [18, 17], [18, 19], [18, 38], [18, 39], [19, 18], [19, 20], [19, 21], [19, 37], [19, 38], [20, 19], [20, 21], [20, 22], [20, 37], [21, 19], [21, 20], [21, 22], [21, 36], [22, 20], [22, 21], [22, 23], [22, 36], [22, 43], [23, 10], [23, 22], [23, 24], [23, 42], [23, 43], [24, 9], [24, 23], [24, 25], [24, 42], [25, 10], [25, 12], [25, 13], [25, 24], [25, 26], [25, 27], [26, 11], [26, 25], [26, 27], [27, 11], [27, 25], [27, 26], [28, 7], [28, 8], [28, 29], [28, 35], [28, 37], [28, 43], [29, 5], [29, 6], [29, 28], [29, 36], [30, 4], [30, 5], [30, 31], [30, 39], [31, 3], [31, 4], [31, 30], [31, 38], [32, 1], [32, 2], [32, 33], [32, 41], [33, 1], [33, 32], [33, 40], [34, 9], [34, 10], [34, 35], [34, 43], [35, 8], [35, 9], [35, 28], [35, 34], [35, 36], [35, 42], [35, 43], [36, 21], [36, 22], [36, 29], [36, 35], [36, 37], [36, 43], [37, 19], [37, 20], [37, 28], [37, 36], [38, 18], [38, 19], [38, 31], [38, 39], [39, 17], [39, 18], [39, 30], [39, 38], [40, 15], [40, 16], [40, 33], [40, 41], [41, 14], [41, 15], [41, 32], [41, 40], [42, 23], [42, 24], [42, 35], [42, 43], [43, 22], [43, 23], [43, 28], [43, 34], [43, 35], [43, 36], [43, 42]], "target": 3, "label": {"0": "0", "1": "0", "2": "0", "3": "0", "4": "0", "5": "0", "6": "0", "7": "0", "8": "0", "9": "0", "10": "0", "11": "0", "12": "0", "13": "0", "14": "0", "15": "0", "16": "0", "17": "0", "18": "0", "19": "0", "20": "0", "21": "0", "22": "0", "23": "0", "24": "0", "25": "0", "26": "0", "27": "0", "28": "1", "29": "1", "30": "1", "31": "1", "32": "1", "33": "1", "34": "1", "35": "1", "36": "1", "37": "1", "38": "1", "39": "1", "40": "1", "41": "1", "42": "1", "43": "1"}}