{"edges": [[0, 1], [0, 28], [0, 30], [1, 0], [1, 28], [1, 30], [2, 3], [2, 14], [2, 21], [3, 2], [3, 13], [3, 20], [3, 37], [4, 5], [4, 6], [4, 13], [5, 4], [5, 6], [5, 38], [6, 4], [6, 5], [6, 38], [7, 11], [7, 18], [7, 25], [8, 10], [8, 12], [8, 19], [8, 40], [8, 41], [9, 26], [9, 28], [9, 31], [9, 32], [10, 8], [10, 40], [10, 41], [11, 7], [11, 12], [11, 39], [12, 8], [12, 11], [12, 19], [12, 39], [13, 3], [13, 4], [13, 20], [13, 37], [14, 2], [14, 21], [14, 29], [14, 36], [15, 22], [15, 27], [15, 34], [15, 35], [16, 17], [16, 23], [16, 24], [17, 16], [17, 23], [17, 24], [17, 26], [17, 33], [18, 7], [18, 25], [18, 38], [19, 8], [19, 12], [19, 39], [19, 40], [20, 3], [20, 13], [20, 37], [21, 2], [21, 14], [21, 29], [21, 36], [22, 15], [22, 27], [22, 34], [23, 16], [23, 17], [23, 24], [23, 27], [24, 16], [24, 17], [24, 23], [24, 26], [24, 33], [25, 7], [25, 18], [25, 38], [26, 9], [26, 17], [26, 24], [26, 32], [26, 33], [27, 15], [27, 22], [27, 23], [27, 34], [28, 0], [28, 1], [28, 9], [28, 30], [28, 31], [28, 32], [29, 14], [29, 21], [29, 35], [29, 36], [30, 0], [30, 1], [30, 28], [31, 9], [31, 28], [31, 32], [32, 9], [32, 26], [32, 28], [32, 31], [33, 17], [33, 24], [33, 26], [34, 15], [34, 22], [34, 27], [35, 15], [35, 29], [35, 36], [36, 14], [36, 21], [36, 29], [36, 35], [37, 3], [37, 13], [37, 20], [38, 5], [38, 6], [38, 18], [38, 25], [39, 11], [39, 12], [39, 19], [40, 8], [40, 10], [40, 19], [40, 41], [41, 8], [41, 10], [41, 40]], "target": 3, "label": {"0": "0", "1": "0", "2": "0", "3": "0", "4": "0", "5": "0", "6": "0", "7": "0", "8": "0", "9": "1", "10": "1", "11": "1", "12": "1", "13": "1", "14": "1", "15": "1", "16": "1", "17": "1", "18": "1", "19": "1", "20": "1", "21": "1", "22": "1", "23": "1", "24": "1", "25": "1", "26": "1", "27": "1", "28": "1", "29": "1", "30": "2", "31": "2", "32": "2", "33": "2", "34": "2", "35": "2", "36": "2", "37": "2", "38": "2", "39": "2", "40": "2", "41": "2"}}