{"edges": [[0, 1], [0, 2], [0, 10], [1, 0], [1, 2], [1, 10], [2, 0], [2, 1], [2, 10], [2, 27], [2, 30], [3, 18], [3, 25], [3, 27], [4, 33], [4, 34], [4, 35], [5, 6], [5, 7], [5, 14], [6, 5], [6, 7], [6, 36], [7, 5], [7, 6], [7, 36], [8, 12], [8, 19], [8, 26], [9, 13], [9, 20], [9, 38], [9, 39], [10, 0], [10, 1], [10, 2], [10, 27], [10, 30], [11, 38], [11, 39], [11, 40], [12, 8], [12, 13], [12, 37], [13, 9], [13, 12], [13, 20], [13, 37], [14, 5], [14, 21], [14, 34], [14, 35], [15, 22], [15, 32], [15, 33], [16, 23], [16, 28], [16, 29], [16, 31], [17, 18], [17, 24], [17, 25], [17, 28], [18, 3], [18, 17], [18, 24], [18, 25], [18, 27], [19, 8], [19, 26], [19, 36], [20, 9], [20, 13], [20, 37], [20, 38], [20, 39], [21, 14], [21, 34], [21, 35], [22, 15], [22, 32], [22, 33], [23, 16], [23, 28], [23, 29], [23, 31], [23, 32], [24, 17], [24, 18], [24, 25], [25, 3], [25, 17], [25, 18], [25, 24], [25, 27], [26, 8], [26, 19], [26, 36], [27, 2], [27, 3], [27, 10], [27, 18], [27, 25], [27, 30], [28, 16], [28, 17], [28, 23], [28, 31], [29, 16], [29, 23], [29, 31], [30, 2], [30, 10], [30, 27], [31, 16], [31, 23], [31, 28], [31, 29], [32, 15], [32, 22], [32, 23], [32, 33], [33, 4], [33, 15], [33, 22], [33, 32], [34, 4], [34, 14], [34, 21], [34, 35], [35, 4], [35, 14], [35, 21], [35, 34], [36, 6], [36, 7], [36, 19], [36, 26], [37, 12], [37, 13], [37, 20], [38, 9], [38, 11], [38, 20], [38, 39], [38, 40], [39, 9], [39, 11], [39, 20], [39, 38], [39, 40], [40, 11], [40, 38], [40, 39]], "target": 3, "label": {"0": "0", "1": "0", "2": "0", "3": "0", "4": "0", "5": "0", "6": "0", "7": "0", "8": "0", "9": "0", "10": "1", "11": "1", "12": "1", "13": "1", "14": "1", "15": "1", "16": "1", "17": "1", "18": "1", "19": "1", "20": "1", "21": "1", "22": "1", "23": "1", "24": "1", "25": "1", "26": "1", "27": "1", "28": "1", "29": "1", "30": "2", "31": "2", "32": "2", "33": "2", "34": "2", "35": "2", "36": "2", "37": "2", "38": "2", "39": "2", "40": "2"}}