{"edges": [[0, 1], [0, 2], [0, 10], [1, 0], [1, 2], [1, 10], [2, 0], [2, 1], [2, 10], [2, 20], [3, 18], [3, 28], [3, 30], [4, 36], [4, 37], [4, 38], [5, 6], [5, 7], [5, 14], [6, 5], [6, 7], [6, 39], [7, 5], [7, 6], [7, 19], [7, 29], [7, 39], [8, 12], [8, 19], [8, 22], [8, 29], [9, 13], [9, 23], [9, 41], [9, 42], [10, 0], [10, 1], [10, 2], [10, 20], [10, 30], [10, 33], [11, 21], [11, 42], [11, 43], [12, 8], [12, 22], [12, 40], [13, 9], [13, 23], [13, 40], [14, 5], [14, 24], [14, 37], [14, 38], [15, 25], [15, 35], [15, 36], [16, 31], [16, 32], [16, 34], [17, 18], [17, 27], [17, 28], [18, 3], [18, 17], [18, 27], [18, 28], [18, 30], [19, 7], [19, 8], [19, 29], [19, 39], [20, 2], [20, 10], [20, 30], [20, 33], [21, 11], [21, 42], [21, 43], [22, 8], [22, 12], [22, 40], [23, 9], [23, 13], [23, 41], [23, 42], [24, 14], [24, 37], [24, 38], [25, 15], [25, 35], [25, 36], [26, 31], [26, 32], [26, 34], [26, 35], [27, 17], [27, 18], [27, 28], [27, 31], [28, 3], [28, 17], [28, 18], [28, 27], [28, 30], [29, 7], [29, 8], [29, 19], [29, 39], [30, 3], [30, 10], [30, 18], [30, 20], [30, 28], [30, 33], [31, 16], [31, 26], [31, 27], [31, 34], [32, 16], [32, 26], [32, 34], [33, 10], [33, 20], [33, 30], [34, 16], [34, 26], [34, 31], [34, 32], [35, 15], [35, 25], [35, 26], [35, 36], [36, 4], [36, 15], [36, 25], [36, 35], [37, 4], [37, 14], [37, 24], [37, 38], [38, 4], [38, 14], [38, 24], [38, 37], [39, 6], [39, 7], [39, 19], [39, 29], [40, 12], [40, 13], [40, 22], [41, 9], [41, 23], [41, 42], [42, 9], [42, 11], [42, 21], [42, 23], [42, 41], [42, 43], [43, 11], [43, 21], [43, 42]], "target": 3, "label": {"0": "0", "1": "0", "2": "0", "3": "0", "4": "0", "5": "0", "6": "0", "7": "0", "8": "0", "9": "0", "10": "1", "11": "1", "12": "1", "13": "1", "14": "1", "15": "1", "16": "1", "17": "1", "18": "1", "19": "1", "20": "1", "21": "1", "22": "1", "23": "1", "24": "1", "25": "1", "26": "1", "27": "1", "28": "1", "29": "1", "30": "1", "31": "1", "32": "1", "33": "2", "34": "2", "35": "2", "36": "2", "37": "2", "38": "2", "39": "2", "40": "2", "41": "2", "42": "2", "43": "2"}}