{"edges": [[0, 1], [0, 5], [1, 0], [1, 2], [1, 8], [1, 19], [1, 20], [2, 1], [2, 3], [2, 7], [2, 9], [2, 15], [2, 23], [3, 2], [3, 4], [3, 8], [3, 10], [3, 15], [3, 22], [4, 3], [4, 9], [4, 10], [4, 12], [4, 24], [5, 0], [5, 6], [5, 11], [5, 25], [6, 5], [6, 7], [6, 28], [6, 37], [7, 2], [7, 6], [7, 8], [7, 31], [7, 32], [8, 1], [8, 3], [8, 7], [8, 9], [8, 27], [8, 35], [9, 2], [9, 4], [9, 8], [9, 10], [9, 27], [9, 34], [10, 3], [10, 4], [10, 9], [10, 26], [10, 36], [11, 5], [11, 13], [11, 37], [12, 4], [12, 24], [12, 26], [12, 36], [13, 11], [13, 16], [13, 25], [13, 28], [14, 17], [14, 18], [14, 30], [14, 38], [15, 2], [15, 3], [15, 22], [15, 34], [16, 13], [16, 17], [16, 29], [17, 14], [17, 16], [17, 28], [18, 14], [18, 19], [18, 38], [19, 1], [19, 18], [19, 20], [19, 32], [20, 1], [20, 19], [20, 23], [20, 31], [20, 35], [21, 22], [21, 24], [21, 34], [21, 36], [22, 3], [22, 15], [22, 21], [22, 27], [22, 33], [23, 2], [23, 20], [23, 32], [24, 4], [24, 12], [24, 21], [24, 26], [24, 33], [24, 36], [25, 5], [25, 13], [25, 37], [26, 10], [26, 12], [26, 24], [26, 36], [27, 8], [27, 9], [27, 22], [27, 34], [28, 6], [28, 13], [28, 17], [28, 29], [29, 16], [29, 28], [29, 38], [30, 14], [30, 31], [30, 38], [31, 7], [31, 20], [31, 30], [31, 32], [32, 7], [32, 19], [32, 23], [32, 31], [32, 35], [33, 22], [33, 24], [33, 34], [33, 36], [34, 9], [34, 15], [34, 21], [34, 27], [34, 33], [35, 8], [35, 20], [35, 32], [36, 10], [36, 12], [36, 21], [36, 24], [36, 26], [36, 33], [37, 6], [37, 11], [37, 25], [38, 14], [38, 18], [38, 29], [38, 30]], "target": 3, "label": {"0": "0", "1": "0", "2": "0", "3": "0", "4": "0", "5": "0", "6": "0", "7": "0", "8": "0", "9": "0", "10": "0", "11": "1", "12": "1", "13": "1", "14": "1", "15": "1", "16": "1", "17": "1", "18": "1", "19": "1", "20": "1", "21": "1", "22": "1", "23": "1", "24": "1", "25": "1", "26": "1", "27": "1", "28": "1", "29": "1", "30": "1", "31": "1", "32": "1", "33": "1", "34": "1", "35": "1", "36": "1", "37": "1", "38": "1"}}