{"edges": [[0, 1], [0, 7], [0, 24], [1, 0], [1, 7], [1, 24], [2, 3], [2, 17], [2, 18], [3, 2], [3, 17], [3, 18], [3, 20], [4, 5], [4, 9], [4, 18], [4, 20], [5, 4], [5, 9], [5, 22], [6, 19], [6, 21], [6, 22], [6, 23], [7, 0], [7, 1], [7, 14], [7, 24], [8, 12], [8, 16], [8, 17], [9, 4], [9, 5], [9, 22], [10, 11], [10, 14], [10, 24], [11, 10], [11, 13], [11, 15], [12, 8], [12, 13], [12, 15], [12, 16], [13, 11], [13, 12], [13, 15], [13, 16], [14, 7], [14, 10], [14, 24], [15, 11], [15, 12], [15, 13], [15, 16], [16, 8], [16, 12], [16, 13], [16, 15], [17, 2], [17, 3], [17, 8], [18, 2], [18, 3], [18, 4], [18, 20], [19, 6], [19, 21], [19, 22], [19, 23], [20, 3], [20, 4], [20, 18], [21, 6], [21, 19], [21, 22], [21, 23], [22, 5], [22, 6], [22, 9], [22, 19], [22, 21], [23, 6], [23, 19], [23, 21], [24, 0], [24, 1], [24, 7], [24, 10], [24, 14]], "target": 3, "label": {"0": "0", "1": "0", "2": "0", "3": "0", "4": "0", "5": "0", "6": "0", "7": "1", "8": "1", "9": "1", "10": "1", "11": "1", "12": "1", "13": "1", "14": "1", "15": "1", "16": "1", "17": "1", "18": "1", "19": "1", "20": "1", "21": "1", "22": "1", "23": "1", "24": "1"}}